row_index,split,group_id
0,development,7590-VHVEG
1,development,5575-GNVDE
2,development,3668-QPYBK
3,development,7795-CFOCW
4,reserved_test,9237-HQITU
5,development,9305-CDSKC
6,development,1452-KIOVK
7,development,6713-OKOMC
8,reserved_test,7892-POOKP
9,reserved_test,6388-TABGU
10,development,9763-GRSKD
11,development,7469-LKBCI
12,reserved_test,8091-TTVAX
13,development,0280-XJGEX
14,development,5129-JLPIS
15,development,3655-SNQYZ
16,development,8191-XWSZG
17,development,9959-WOFKT
18,development,4190-MFLUW
19,development,4183-MYFRB
20,development,8779-QRDMV
21,reserved_test,1680-VDCWW
22,development,1066-JKSGK
23,development,3638-WEABW
24,development,6322-HRPFA
25,development,6865-JZNKO
26,development,6467-CHFZW
27,development,8665-UTDHZ
28,development,5248-YGIJN
29,development,8773-HHUOZ
30,reserved_test,3841-NFECX
31,development,4929-XIHVW
32,development,6827-IEAUQ
33,development,7310-EGVHZ
34,development,3413-BMNZE
35,development,6234-RAAPL
36,reserved_test,6047-YHPVI
37,development,6572-ADKRS
38,development,5380-WJKOV
39,development,8168-UQWWF
40,reserved_test,8865-TNMNX
41,reserved_test,9489-DEDVP
42,development,9867-JCZSP
43,reserved_test,4671-VJLCL
44,development,4080-IIARD
45,development,3714-NTNFO
46,development,5948-UJZLF
47,reserved_test,7760-OYPDY
48,reserved_test,7639-LIAYI
49,reserved_test,2954-PIBKO
50,development,8012-SOUDQ
51,development,9420-LOJKX
52,development,6575-SUVOI
53,reserved_test,7495-OOKFY
54,development,4667-QONEA
55,reserved_test,1658-BYGOY
56,development,8769-KKTPH
57,development,5067-XJQFU
58,development,3957-SQXML
59,development,5954-BDFSG
60,reserved_test,0434-CSFON
61,reserved_test,1215-FIGMP
62,reserved_test,0526-SXDJP
63,development,0557-ASKVU
64,development,5698-BQJOH
65,development,5122-CYFXA
66,development,8627-ZYGSZ
67,development,3410-YOQBQ
68,reserved_test,3170-NMYVV
69,reserved_test,7410-OIEDU
70,reserved_test,2273-QCKXA
71,reserved_test,0731-EBJQB
72,development,1891-QRQSA
73,development,8028-PNXHQ
74,development,5630-AHZIL
75,reserved_test,2673-CXQEU
76,reserved_test,6416-JNVRK
77,development,5590-ZSKRV
78,development,0191-ZHSKZ
79,reserved_test,3887-PBQAO
80,development,5919-TMRGD
81,development,8108-UXRQN
82,reserved_test,9191-MYQKX
83,development,9919-YLNNG
84,reserved_test,0318-ZOPWS
85,development,4445-ZJNMU
86,development,4808-YNLEU
87,development,1862-QRWPE
88,development,2796-NNUFI
89,development,3016-KSVCP
90,development,4767-HZZHQ
91,development,2424-WVHPL
92,development,7233-PAHHL
93,development,6067-NGCEU
94,development,9848-JQJTX
95,development,8637-XJIVR
96,development,9803-FTJCG
97,development,0278-YXOOG
98,development,3212-KXOCR
99,development,4598-XLKNJ
100,development,6380-ARCEH
101,development,3679-XASPY
102,development,7123-WQUHX
103,development,5386-THSLQ
104,development,3192-NQECA
105,development,6180-YBIQI
106,development,6728-DKUCO
107,development,9750-BOOHV
108,reserved_test,8597-CWYHH
109,development,2848-YXSMW
110,reserved_test,0486-HECZI
111,reserved_test,4549-ZDQYY
112,development,5712-AHQNN
113,development,4846-WHAFZ
114,development,5256-SKJGO
115,development,3071-VBYPO
116,development,9560-BBZXK
117,development,5299-RULOA
118,development,8402-OOOHJ
119,development,9445-ZUEQE
120,reserved_test,1091-SOZGA
121,reserved_test,2928-HLDBA
122,development,0404-SWRVG
123,development,6497-TILVL
124,development,7219-TLZHO
125,development,4622-YNKIJ
126,development,4412-YLTKF
127,development,6734-PSBAW
128,development,3930-ZGWVE
129,reserved_test,2639-UGMAZ
130,development,2876-GZYZC
131,development,6207-WIOLX
132,development,8587-XYZSF
133,development,3091-FYHKI
134,development,2372-HWUHI
135,development,7799-LGRDP
136,development,7850-VWJUU
137,development,3774-VBNXY
138,development,6217-KDYWC
139,development,0390-DCFDQ
140,reserved_test,3146-MSEGF
141,reserved_test,4080-OGPJL
142,development,1095-WGNGG
143,development,2636-SJDOU
144,reserved_test,1131-QQZEB
145,development,5716-EZXZN
146,development,6837-BJYDQ
147,development,2135-RXIHG
148,reserved_test,6440-DKQGE
149,reserved_test,3466-BYAVD
150,development,3780-YVMFA
151,development,3874-EQOEP
152,development,1679-JRFBR
153,development,9073-ZZIAY
154,reserved_test,3077-RSNTJ
155,development,6551-GNYDG
156,development,9167-APMXZ
157,development,2749-CTKAJ
158,reserved_test,6371-NZYEG
159,development,7554-NEWDD
160,development,8992-VONJD
161,development,0867-MKZVY
162,development,4482-EWFMI
163,development,4648-YPBTM
164,development,2907-ILJBN
165,development,6345-FZOQH
166,development,3376-BMGFE
167,reserved_test,5997-OPVFA
168,development,3445-HXXGF
169,development,1159-WFSGR
170,development,7654-YWJUF
171,development,1875-QIVME
172,development,6727-IOTLZ
173,development,0691-JVSYA
174,development,5918-VUKWP
175,reserved_test,1744-JHKYS
176,reserved_test,2656-FMOKZ
177,development,2070-FNEXE
178,development,5947-SGKCL
179,reserved_test,3712-PKXZA
180,development,6317-YPKDH
181,development,6582-OIVSP
182,development,9367-WXLCH
183,development,5524-KHNJP
184,development,1918-ZBFQJ
185,development,1024-GUALD
186,development,4827-USJHP
187,development,8167-GJLRN
188,development,0956-SYCWG
189,development,8017-UVSZU
190,development,7100-FQPRV
191,development,2472-OVKUP
192,development,2984-RGEYA
193,development,9680-NIAUV
194,reserved_test,2146-EGVDT
195,development,2604-IJPDU
196,development,9178-JHUVJ
197,development,6168-YBYNP
198,development,7255-SSFBC
199,development,3645-DEYGF
200,development,9323-HGFWY
201,reserved_test,8544-GOQSH
202,development,3363-DTIVD
203,development,7018-WBJNK
204,development,9142-KZXOP
205,development,7674-YTAFD
206,development,6348-SNFUS
207,development,1285-OKIPP
208,development,7825-ECJRF
209,development,1347-KTTTA
210,development,7841-TZDMQ
211,development,4195-NZGTA
212,reserved_test,7157-SMCFK
213,development,4709-LKHYG
214,development,2504-DSHIH
215,development,0699-NDKJM
216,development,9286-BHDQG
217,development,0230-WEQUW
218,development,2040-LDIWQ
219,development,6496-JDSSB
220,development,9408-SSNVZ
221,development,4443-EMBNA
222,development,6469-MRVET
223,development,0742-MOABM
224,development,5961-VUSRV
225,reserved_test,6778-JFCMK
226,development,6341-JVQGF
227,development,2232-DMLXU
228,development,4811-JBUVU
229,development,0945-TSONX
230,development,2651-ZCBXV
231,development,3316-UWXUY
232,reserved_test,8937-RDTHP
233,reserved_test,7083-MIOPC
234,development,1984-GPTEH
235,development,1251-KRREG
236,development,0621-JFHOL
237,development,9903-LYSAB
238,development,0094-OIFMO
239,development,9227-UAQFT
240,reserved_test,7301-ABVAD
241,reserved_test,6614-FHDBO
242,development,7576-ASEJU
243,development,9058-HRZSV
244,development,4522-AKYLR
245,development,0221-WMXNQ
246,development,0303-UNCIP
247,reserved_test,9947-OTFQU
248,development,0322-YINQP
249,reserved_test,0959-WHOKV
250,development,4075-JFPGR
251,development,4629-NRXKX
252,development,9514-JDSKI
253,reserved_test,3282-ZISZV
254,development,3675-YDUPJ
255,reserved_test,4111-BNXIF
256,development,7017-VFHAY
257,development,6655-LHBYW
258,development,4959-JOSRX
259,reserved_test,5046-NUHWD
260,reserved_test,7273-TEFQD
261,reserved_test,3606-TWKGI
262,development,7529-ZDFXI
263,development,7605-BDWDC
264,development,1950-KSVVJ
265,development,0123-CRBRT
266,development,6292-TOSSS
267,development,3197-ARFOY
268,development,6323-AYBRX
269,development,7014-ZZXAW
270,reserved_test,4385-GZQXV
271,reserved_test,7633-MVPUY
272,development,6366-ZGQGL
273,development,4716-HHKQH
274,development,5940-AHUHD
275,reserved_test,6432-TWQLB
276,development,4484-GLZOU
277,development,3179-GBRWV
278,development,8645-KWHJO
279,development,4130-MZLCC
280,development,0314-TKOSI
281,reserved_test,8229-MYEJZ
282,development,2080-SRCDE
283,development,9577-WJVCQ
284,development,9512-UIBFX
285,development,6202-DYYFX
286,reserved_test,3808-HFKDE
287,reserved_test,5583-SXDAG
288,development,3488-PGMQJ
289,development,3580-REOAC
290,development,7534-BFESC
291,development,3727-OWVYD
292,development,2294-SALNE
293,development,4847-TAJYI
294,development,1563-IWQEX
295,development,8203-XJZRC
296,reserved_test,6556-DBKZF
297,development,6851-WEFYX
298,development,2985-JUUBZ
299,development,6390-DSAZX
300,development,0895-LMRSF
301,development,8098-LLAZX
302,development,8266-VBFQL
303,development,8181-YHCMF
304,reserved_test,2240-HSJQD
305,development,1248-DYXUB
306,development,0265-EDXBD
307,reserved_test,4115-BNPJY
308,development,3167-SNQPL
309,development,4091-TVOCN
310,development,1098-TDVUQ
311,development,7277-OZCGZ
312,development,1557-EMYVT
313,development,2799-ARNLO
314,development,7563-BIUPC
315,development,5027-YOCXN
316,development,3973-SKMLN
317,development,2321-OMBXY
318,development,2840-XANRC
319,development,6745-JEFZB
320,development,5020-ZSTTY
321,development,9880-TDQAC
322,development,8705-WZCYL
323,development,7102-JJVTX
324,development,8626-PTQGE
325,development,4983-CLMLV
326,development,5701-YVSVF
327,development,5804-LEPIM
328,development,5697-GOMBF
329,development,2739-CACDQ
330,development,9385-EHGDO
331,development,9498-FIMXL
332,development,2379-GYFLQ
333,reserved_test,0122-OAHPZ
334,development,2868-SNELZ
335,reserved_test,4322-RCYMT
336,development,6680-NENYN
337,development,2088-IEBAU
338,development,7982-VCELR
339,development,1343-EHPYB
340,development,6035-BXTTY
341,development,6885-PKOAM
342,reserved_test,7520-HQWJU
343,reserved_test,9639-BUJXT
344,development,5924-SNGKP
345,development,0021-IKXGC
346,development,2034-GDRCN
347,development,8966-SNIZF
348,development,6243-OZGFH
349,development,4654-DLAMQ
350,development,0513-RBGPE
351,development,5160-UXJED
352,reserved_test,4115-NZRKS
353,development,0219-YTZUE
354,reserved_test,0623-IIHUG
355,development,4572-DVCGN
356,development,3351-NGXYI
357,development,8984-EYLLL
358,development,9057-MSWCO
359,reserved_test,9833-TGFHX
360,reserved_test,9294-TDIPC
361,reserved_test,5229-DTFYB
362,development,0104-PPXDV
363,development,5176-LMJXE
364,development,3583-KRKMD
365,development,1010-DIAUQ
366,development,9069-LGEUL
367,reserved_test,7302-ZHMHP
368,reserved_test,9571-EDEBV
369,development,3520-FJGCV
370,development,6563-VRERX
371,development,0259-GBZSH
372,reserved_test,6122-EFVKN
373,development,2805-EDJPQ
374,development,6862-CQUMB
375,development,7156-MXBJE
376,development,6158-HDPXZ
377,development,9601-BRXPO
378,development,2863-IMQDR
379,development,5686-CMAWK
380,development,5651-CRHKQ
381,development,6905-NIQIN
382,development,8204-YJCLA
383,development,5167-ZFFMM
384,development,6583-SZVGP
385,development,4895-TMWIR
386,development,0533-BNWKF
387,development,1708-PBBOA
388,development,8782-LKFPK
389,development,5522-JBWMO
390,development,3597-MVHJT
391,development,9774-NRNAU
392,development,0224-RLWWD
393,development,9967-ATRFS
394,development,3951-NJCVI
395,development,2977-CEBSX
396,reserved_test,0177-PXBAT
397,reserved_test,6599-CEBNN
398,development,2519-ERQOJ
399,development,5876-QMYLD
400,development,2277-AXSDC
401,development,9442-JTWDL
402,development,0979-PHULV
403,development,3067-SVMTC
404,development,5495-GPSRW
405,development,7606-BPHHN
406,development,4742-DRORA
407,development,0111-KLBQG
408,development,4800-VHZKI
409,development,7989-CHGTL
410,reserved_test,0334-GDDSO
411,development,4163-NCJAK
412,development,5233-AOZUF
413,reserved_test,5973-EJGDP
414,development,1996-DBMUS
415,development,7916-VCCPB
416,development,4686-GEFRM
417,development,5249-QYHEX
418,development,0578-SKVMF
419,development,5564-NEMQO
420,development,2233-FAGXV
421,development,5605-IYGFG
422,development,7663-ZTEGJ
423,development,3935-TBRZZ
424,development,8111-BKVDS
425,development,2055-SIFSS
426,development,2806-MLNTI
427,reserved_test,8734-DKSTZ
428,development,4360-PNRQB
429,development,6152-ONASV
430,development,9063-ZGTUY
431,development,7781-HVGMK
432,development,2181-UAESM
433,development,2957-LOLHO
434,reserved_test,6048-NJXHX
435,reserved_test,2320-SLKMB
436,development,4980-URKXC
437,development,4376-KFVRS
438,development,5886-VLQVU
439,development,3577-AMVUX
440,development,0771-WLCLA
441,development,5628-RKIFK
442,development,0206-TBWLC
443,development,2937-FTHUR
444,development,1910-FMXJM
445,development,7752-XUSCI
446,development,4110-PFEUZ
447,development,0732-OCQOC
448,development,5168-MSWXT
449,development,1090-ESELR
450,development,8592-PLTMQ
451,development,5760-WRAHC
452,reserved_test,8847-GEOOQ
453,development,0256-LTHVJ
454,reserved_test,4785-FCIFB
455,development,8313-NDOIA
456,development,5149-CUZUJ
457,development,0942-KOWSM
458,development,4237-CLSMM
459,development,1452-VOQCH
460,development,4719-UMSIY
461,development,6614-VBEGU
462,development,0880-TKATG
463,development,3811-VBYBZ
464,reserved_test,1480-BKXGA
465,development,2996-XAUVF
466,development,9076-AXYIK
467,development,5968-XQIVE
468,development,8896-RAZCR
469,reserved_test,4640-UHDOS
470,development,4933-IKULF
471,development,3583-EKAPL
472,development,1304-BCCFO
473,development,4104-PVRPS
474,development,9399-APLBT
475,development,2359-KMGLI
476,development,3780-DDGSE
477,reserved_test,4431-EDMIQ
478,development,0306-JAELE
479,development,6227-HWPWX
480,development,0486-LGCCH
481,development,0447-BEMNG
482,development,4612-SSVHJ
483,development,5168-MQQCA
484,development,5949-XIKAE
485,development,7971-HLVXI
486,development,9094-AZPHK
487,development,3649-JPUGY
488,reserved_test,4472-LVYGI
489,development,8372-JUXUI
490,development,3552-CTCYF
491,development,6778-YSNIH
492,reserved_test,0388-EOPEX
493,development,5756-OZRIO
494,development,6579-JPICP
495,development,8205-OTCHB
496,development,4134-BSXLX
497,development,0505-SPOOW
498,development,6235-VDHOM
499,development,7783-YKGDV
500,development,4374-YMUSQ
501,development,4513-CXYIX
502,development,3957-HHLMR
503,development,7803-XOCCZ
504,reserved_test,5736-YEJAX
505,development,5609-CEBID
506,development,8981-FJGLA
507,development,7218-HKQFK
508,development,4636-QRJKY
509,development,1135-LMECX
510,development,4332-MUOEZ
511,reserved_test,8535-SFUTN
512,development,5956-VKDTT
513,development,8677-HDZEE
514,development,2475-MROZF
515,reserved_test,9412-GHEEC
516,development,3482-ABPKK
517,development,6705-LXORM
518,development,0257-ZESQC
519,reserved_test,7531-GQHME
520,development,5174-ITUMV
521,development,4109-CYRBD
522,development,0913-XWSCN
523,development,6825-UYPFK
524,development,8397-MVTAZ
525,development,0750-EBAIU
526,development,8606-CIQUL
527,development,3571-DPYUH
528,development,7601-GNDYK
529,development,0356-OBMAC
530,reserved_test,8067-NIOYM
531,development,1403-GYAFU
532,development,4234-XTNEA
533,development,1297-VQDRP
534,development,9282-IZGQK
535,development,5348-CAGXB
536,development,0621-HJWXJ
537,development,5844-QVTAT
538,development,8905-IAZPF
539,development,5394-MEITZ
540,development,6859-QNXIQ
541,reserved_test,2782-LFZVW
542,development,2866-IKBTM
543,reserved_test,1342-JPNKI
544,development,2817-NTQDO
545,development,7129-AZJDE
546,development,6986-IJDHX
547,development,2560-PPCHE
548,development,4676-MQUEA
549,reserved_test,8138-EALND
550,development,3580-HYCSP
551,development,1352-HNSAW
552,development,2075-PUEPR
553,development,1982-FEBTD
554,development,5301-GAUUY
555,development,5791-KAJFD
556,development,2654-VBVPB
557,development,1154-HYWWO
558,development,2501-XWWTZ
559,reserved_test,3716-UVSPD
560,development,6815-ABQFQ
561,development,7343-EOBEU
562,development,3701-SFMUH
563,development,6103-LIANB
564,reserved_test,7319-VENRZ
565,development,5846-NEQVZ
566,development,6967-QIQRV
567,development,5781-RFZRP
568,development,0939-YAPAF
569,development,0308-IVGOK
570,development,7293-LSCDV
571,development,7025-WCBNE
572,development,5756-JYOJT
573,development,4710-FDUIZ
574,development,6030-REHUX
575,reserved_test,9548-LIGTA
576,development,5150-LJNSR
577,development,8270-RKSAP
578,reserved_test,6522-YRBXD
579,development,2640-LYMOV
580,reserved_test,1218-VKFPE
581,development,3627-FHKBK
582,development,2865-TCHJW
583,development,1423-BMPBQ
584,development,2393-DIVAI
585,development,5192-EBGOV
586,reserved_test,4568-KNYWR
587,development,8752-IMQOS
588,development,0742-LAFQK
589,reserved_test,0795-LAFGP
590,development,0619-OLYUR
591,development,5512-IDZEI
592,development,0459-SPZHJ
593,development,0215-BQKGS
594,development,9244-ZVAPM
595,development,0719-SYFRB
596,development,8208-EUMTE
597,development,5172-MIGPM
598,reserved_test,1710-RCXUS
599,development,0374-FIUCA
600,development,5839-SUYVZ
601,development,5173-ZXXXL
602,development,1096-ADRUX
603,development,2001-MCUUW
604,development,2731-GJRDG
605,development,4723-BEGSG
606,development,6516-NKQBO
607,development,8672-OAUPW
608,development,8207-DMRVL
609,development,3419-SNJJD
610,development,6543-CPZMK
611,development,4765-OXPPD
612,development,2804-ETQDK
613,development,6689-VRRTK
614,development,7138-GIRSH
615,development,9396-ZSFLL
616,development,6464-KEXXH
617,development,7134-MJPDY
618,reserved_test,5240-CAOYT
619,development,4059-IIEBK
620,development,4881-JVQOD
621,reserved_test,0516-UXRMT
622,reserved_test,4851-BQDNX
623,development,5148-HKFIR
624,development,1009-IRMNA
625,development,3003-CMDUU
626,reserved_test,5016-IBERQ
627,development,6797-UCJHZ
628,reserved_test,2469-DTSGX
629,reserved_test,4554-YGZIH
630,development,5099-BAILX
631,development,9931-KGHOA
632,reserved_test,1775-KWJKQ
633,development,7665-VIGUD
634,reserved_test,9411-TPQQV
635,reserved_test,7207-RMRDB
636,development,7954-MLBUN
637,development,2077-DDHJK
638,reserved_test,4913-EHYUI
639,development,0195-IESCP
640,development,9574-BOSMD
641,development,4580-TMHJU
642,development,0970-ETWGE
643,reserved_test,4908-XAXAY
644,development,8404-VLQFB
645,development,1626-ERCMM
646,development,0887-HJGAR
647,development,2391-IPLOP
648,development,5644-PDMZC
649,development,3509-GWQGF
650,development,9576-ANLXO
651,development,2024-BASKD
652,development,5845-BZZIB
653,development,1140-UKVZG
654,development,4160-AMJTL
655,development,5183-SNMJQ
656,development,8100-PNJMH
657,development,7838-LAZFO
658,development,4464-JCOLN
659,reserved_test,2085-JVGAD
660,development,5650-VDUDS
661,development,8095-WANWK
662,development,3030-ZKIWL
663,reserved_test,9565-FLVCG
664,development,8755-OGKNA
665,development,2800-VEQXM
666,development,7538-GWHML
667,reserved_test,5533-RJFTJ
668,development,3859-CVCET
669,development,0214-JHPFW
670,development,5642-MHDQT
671,reserved_test,3088-FVYWK
672,development,3276-HDUEG
673,development,9092-GDZKO
674,development,0823-HSCDJ
675,development,3729-OWRVL
676,development,2324-AALNO
677,development,0822-GAVAP
678,development,5760-IFJOZ
679,development,2826-UWHIS
680,development,1448-PWKYE
681,development,7501-IWUNG
682,development,4957-TREIR
683,reserved_test,7251-LJBQN
684,development,8040-MNRTF
685,development,1536-HBSWP
686,development,5313-FPXWG
687,development,0067-DKWBL
688,development,0946-FKYTX
689,development,5076-YVXCM
690,development,8262-COGGB
691,development,6663-JOCQO
692,development,9620-QJREV
693,development,2276-YDAVZ
694,development,2682-KEVRP
695,development,2480-JZOSN
696,development,0078-XZMHT
697,development,5896-NPFWW
698,development,9978-HYCIN
699,development,8338-QIUNR
700,development,1525-LNLOJ
701,development,9450-TRJUU
702,development,1766-GKNMI
703,reserved_test,6942-LBFDP
704,development,1456-TWCGB
705,development,7133-VBDCG
706,development,7596-ZYWBB
707,development,8329-UTMVM
708,development,3014-WJKSM
709,development,3347-YJZZE
710,development,1029-QFBEN
711,development,7929-DMBCV
712,development,9661-JALZV
713,reserved_test,5433-KYGHE
714,reserved_test,4312-KFRXN
715,development,5575-TPIZQ
716,development,0114-IGABW
717,development,9944-AEXBM
718,development,1853-ARAAQ
719,development,6952-OMNWB
720,development,4697-LUPSU
721,development,8434-VGEQQ
722,development,4952-YSOGZ
723,development,1589-AGTLK
724,development,5244-IRFIH
725,development,6549-YMFAW
726,development,4950-HKQTE
727,development,6786-OBWQR
728,reserved_test,2684-EIWEO
729,development,2753-JMMCV
730,reserved_test,6439-GTPCA
731,development,6621-YOBKI
732,development,1216-JWVUX
733,development,7564-GHCVB
734,development,1173-NOEYG
735,development,7595-EHCDL
736,development,6647-ZEDXT
737,development,2521-NPUZR
738,development,1307-TVUFB
739,development,7503-MIOGA
740,reserved_test,4381-MHQDC
741,development,6923-JHPMP
742,development,5138-WVKYJ
743,development,4018-PPNDW
744,development,1635-FJFCC
745,development,2499-AJYUA
746,reserved_test,6919-ELBGL
747,development,3966-HRMZA
748,development,6425-JWTDV
749,development,8405-IGQFX
750,development,8224-IVVPA
751,development,9477-LGWQI
752,reserved_test,1410-RSCMR
753,development,3115-CZMZD
754,development,0139-IVFJG
755,development,6683-VLCTZ
756,development,5730-DBDSI
757,development,0030-FNXPP
758,development,2189-WWOEW
759,development,5684-FJVYR
760,development,4013-GUXND
761,development,1894-IGFSG
762,development,7379-POKDZ
763,development,1266-NZYUI
764,development,7969-FFOWG
765,development,4718-DHSMV
766,development,5175-WLYXL
767,development,7817-OMJNA
768,development,8728-SKJLR
769,development,3137-NYQQI
770,development,7706-DZNKK
771,development,0236-HFWSV
772,development,3900-AQPHZ
773,development,5842-POCOP
774,development,2037-XJFUP
775,reserved_test,8823-RLPWL
776,development,9505-SQFSW
777,development,7314-OXENN
778,development,3758-CKOQL
779,reserved_test,0322-CHQRU
780,development,5676-CFLYY
781,development,7521-AFHAB
782,development,0285-INHLN
783,development,4678-DVQEO
784,development,5125-CNDSP
785,development,0691-IFBQW
786,development,4992-LTJNE
787,development,2202-OUTMO
788,reserved_test,0810-BDHAW
789,development,0229-LFJAF
790,development,7131-ZQZNK
791,reserved_test,3442-ZHHCC
792,reserved_test,5726-CVNYA
793,development,9871-ELEYA
794,development,4257-GAESD
795,development,5173-WXOQV
796,reserved_test,2040-OBMLJ
797,reserved_test,6286-ZHAOK
798,development,3807-XHCJH
799,development,3009-JWMPU
800,development,5671-RQRLP
801,reserved_test,1450-GALXR
802,reserved_test,8859-AXJZP
803,development,3174-AKMAS
804,development,3138-BKYAV
805,development,9926-PJHDQ
806,development,7382-DFJTU
807,development,2798-NYLMZ
808,development,4289-DTDKW
809,reserved_test,1820-TQVEV
810,development,2239-JALAW
811,development,4853-RULSV
812,development,8098-TDCBU
813,reserved_test,3551-GAEGL
814,development,4785-NKHCX
815,development,3196-NVXLZ
816,development,6275-YDUVO
817,development,0036-IHMOT
818,development,0115-TFERT
819,development,4178-EGMON
820,reserved_test,4220-TINQT
821,development,5318-YKDPV
822,development,7975-TZMLR
823,development,0295-QVKPB
824,development,4335-BSMJS
825,development,2311-QYMUQ
826,development,3643-AHCFP
827,reserved_test,9146-JRIOX
828,development,3104-OWCGK
829,development,5337-IIWKZ
830,development,9101-BWFSS
831,development,9650-VBUOG
832,reserved_test,3487-EARAT
833,development,2672-TGEFF
834,development,9231-ZJYAM
835,development,4250-WAROZ
836,reserved_test,8184-WMOFI
837,development,6982-SSHFK
838,reserved_test,6092-QZVPP
839,development,4625-LAMOB
840,reserved_test,0727-BMPLR
841,development,0392-BZIUW
842,reserved_test,1038-ZAGBI
843,development,6549-NNDYT
844,development,3027-ZTDHO
845,development,0422-OHQHQ
846,development,6916-HIJSE
847,development,2316-ESMLS
848,development,9778-OGKQZ
849,development,7408-OFWXJ
850,development,6007-TCTST
851,development,2252-NKNSI
852,development,8713-IGZSO
853,development,7905-TVXTA
854,development,7695-PKLCZ
855,development,2382-BCKQJ
856,reserved_test,8374-UULRV
857,development,2207-NHRJK
858,development,3224-DFQNQ
859,development,5275-PMFUT
860,development,4795-UXVCJ
861,development,9777-IQHWP
862,development,0947-MUGVO
863,reserved_test,9944-HKVVB
864,reserved_test,4124-MMETB
865,development,3671-SHRSP
866,development,0979-MOZQI
867,development,2732-ISEZX
868,development,3313-QKNKB
869,development,0323-XWWTN
870,development,1937-OTUKY
871,development,1573-LGXBA
872,development,1764-VUUMT
873,development,5073-WXOYN
874,development,4713-ZBURT
875,development,3050-GBUSH
876,reserved_test,0207-MDKNV
877,development,7876-AEHIG
878,development,7945-HLKEA
879,development,9342-VNIMQ
880,development,9851-KIELU
881,reserved_test,3523-BRGUW
882,development,3908-BLSYF
883,development,3199-NPKCN
884,reserved_test,5170-PTRKA
885,development,4661-NJEUX
886,development,2123-AGEEN
887,development,1258-YMZNM
888,development,0048-LUMLS
889,development,7549-MYGPK
890,development,5898-IGSLP
891,reserved_test,3804-RVTGV
892,development,6259-WJQLC
893,development,9227-LUNBG
894,reserved_test,7997-EASSD
895,development,0730-KOAVE
896,development,8975-SKGRX
897,development,0678-RLHVP
898,development,4315-MURBD
899,development,2267-FPIMA
900,development,1051-GEJLJ
901,development,9734-YWGEX
902,development,2719-BDAQO
903,development,5285-MVEHD
904,reserved_test,0379-DJQHR
905,development,0781-LKXBR
906,development,5543-QDCRY
907,development,0297-RBCSG
908,development,4694-PHWFW
909,development,0835-JKADZ
910,reserved_test,1907-UBQFC
911,development,7508-SMHXL
912,development,3865-YIOTT
913,development,5993-BQHEA
914,development,6024-RUGGH
915,development,6513-EECDB
916,development,3956-CJUST
917,development,4079-WWQQQ
918,development,6103-BOCOU
919,reserved_test,5149-TGWDZ
920,development,7471-WNSUF
921,development,8942-DBMHZ
922,development,4301-VVZKA
923,reserved_test,9199-PWQVC
924,development,4824-GUCBY
925,development,5393-HJZSM
926,development,7074-IEVOJ
927,reserved_test,9625-QSTYE
928,development,0862-PRCBS
929,reserved_test,8812-ZRHFP
930,development,5146-CBVOE
931,development,0454-OKRCT
932,development,5787-KXGIY
933,reserved_test,4750-ZRXIU
934,reserved_test,4198-VFOEA
935,development,6630-UJZMY
936,reserved_test,5709-LVOEQ
937,development,6400-BWQKW
938,development,2692-AQCPF
939,reserved_test,0347-UBKUZ
940,development,0835-DUUIQ
941,development,0811-GSDTP
942,development,7567-ECMCM
943,development,6115-ZTBFQ
944,development,6353-BRMMA
945,development,6680-WKXRZ
946,development,6231-WFGFH
947,development,9904-EHEVJ
948,development,7028-DVOIQ
949,development,6169-PPETC
950,development,4208-UFFGW
951,development,8584-KMVXD
952,reserved_test,8467-WYNSR
953,development,0851-DFJKB
954,reserved_test,5382-SOYZL
955,development,9448-REEVD
956,reserved_test,3261-CQXOL
957,reserved_test,8388-FYNPZ
958,development,4002-BQWPQ
959,development,5651-YLPRD
960,reserved_test,2826-DXLQO
961,development,4378-BZYFP
962,development,9489-UTFKA
963,development,4849-PYRLQ
964,development,9117-SHLZX
965,reserved_test,9889-TMAHG
966,development,4541-RMRLG
967,reserved_test,7764-BDPEE
968,development,3429-IFLEM
969,development,3158-MOERK
970,development,7294-TMAOP
971,development,5002-GCQFH
972,development,0556-FJEGU
973,development,8919-FYFQZ
974,development,0604-THJFP
975,development,2834-JRTUA
976,development,5875-YPQFJ
977,development,5879-SESNB
978,reserved_test,6646-QVXLR
979,reserved_test,6461-PPAXN
980,reserved_test,3318-ISQFQ
981,development,1106-HRLKZ
982,development,2483-XSSMZ
983,development,8603-IJWDN
984,development,8165-ZJRNM
985,reserved_test,9369-XFEHK
986,reserved_test,2604-XVDAM
987,development,3717-OFRTN
988,development,9046-JBFWA
989,development,3280-NMUVX
990,development,1206-EHBDD
991,development,8361-LBRDI
992,development,4883-KCPZJ
993,reserved_test,9108-EQPNQ
994,development,7277-KAMWT
995,development,3842-IYKUE
996,development,6641-XRPSU
997,development,1374-DMZUI
998,development,2545-LXYVJ
999,development,3234-VKACU
1000,development,8357-EQXFO
1001,development,1989-PRJHP
1002,development,8120-JDCAM
1003,development,8917-FAEMR
1004,development,7047-YXDMZ
1005,development,2858-EIMXH
1006,development,9524-EGPJC
1007,development,6993-OHLXR
1008,development,8818-XYFCQ
1009,development,6419-ZTTLE
1010,development,0929-HYQEW
1011,development,6614-YOLAC
1012,development,7426-RHZGU
1013,development,4065-JJAVA
1014,development,4695-VADHF
1015,development,3863-IUBJR
1016,development,7649-SIJJF
1017,development,9361-YNQWJ
1018,development,3748-FVMZZ
1019,development,9391-TTOYH
1020,development,1452-XRSJV
1021,development,3422-WJOYD
1022,development,8242-SOQUO
1023,development,7460-ITWWP
1024,development,7147-AYBAA
1025,reserved_test,7868-TMWMZ
1026,development,4822-RVYBB
1027,development,6732-FZUGP
1028,development,8436-BJUMM
1029,development,4184-TJFAN
1030,development,8329-GWVPJ
1031,development,1352-VHKAJ
1032,reserved_test,4145-UQXUQ
1033,development,2632-TACXW
1034,reserved_test,8146-QQKZH
1035,development,1767-CJKBA
1036,development,6445-TNRXS
1037,development,4581-LNWUM
1038,development,4869-EPIUS
1039,development,9948-YPTDG
1040,development,1236-WFCDV
1041,development,1915-OAKWD
1042,reserved_test,7296-PIXQY
1043,reserved_test,4883-QICIH
1044,development,3354-OADJP
1045,development,3524-WQDSG
1046,development,0810-DHDBD
1047,development,4026-SKKHW
1048,development,2829-HYVZP
1049,development,8329-IBCTI
1050,development,1271-SJBGZ
1051,development,3845-JHAMY
1052,development,7013-PSXHK
1053,development,5669-SRAIP
1054,development,5981-ITEMU
1055,development,3486-NPGST
1056,development,6941-PMGEP
1057,development,1624-WOIWJ
1058,reserved_test,2074-GKOWZ
1059,development,0376-YMCJC
1060,development,6100-FJZDG
1061,development,4829-ZLJTK
1062,development,1730-VFMWO
1063,reserved_test,7143-BQIBA
1064,development,3800-LYTRK
1065,development,0634-SZPQA
1066,reserved_test,9646-NMHXE
1067,development,7030-NJVDP
1068,development,5536-RTPWK
1069,reserved_test,8883-GRDWQ
1070,development,6166-ILMNY
1071,development,3097-NNSPB
1072,development,7771-ZONAT
1073,development,0655-RBDUG
1074,development,2111-DWYHN
1075,development,4194-WHFCB
1076,reserved_test,4121-AGSIN
1077,development,4361-BKAXE
1078,development,9845-PEEKO
1079,development,0455-XFASS
1080,development,0301-KOBTQ
1081,reserved_test,1751-NCDLI
1082,development,4367-NUYAO
1083,development,9878-TNQGW
1084,reserved_test,9170-ARBTB
1085,development,4441-NIHPT
1086,development,8999-BOHSE
1087,development,7241-AJHFS
1088,development,7029-RPUAV
1089,development,4546-FOKWR
1090,development,9036-CSKBW
1091,development,5832-TRLPB
1092,development,8590-YFFQO
1093,reserved_test,8659-IOOPU
1094,reserved_test,1338-CECEE
1095,development,7439-DKZTW
1096,development,4646-QZXTF
1097,development,4607-CHPCA
1098,development,9742-XOKTS
1099,development,6921-OZMFH
1100,development,9578-FOMUK
1101,development,4712-UYOOI
1102,development,8824-RWFXJ
1103,development,7722-CVFXN
1104,reserved_test,8717-VCTXJ
1105,development,7363-QTBIW
1106,development,4159-NAAIX
1107,development,0971-QIFJK
1108,development,9397-TZSHA
1109,development,3391-JSQEW
1110,development,0343-QLUZP
1111,development,9763-PDTKK
1112,reserved_test,2176-LVPNX
1113,reserved_test,7627-JKIAZ
1114,development,3312-UUMZW
1115,development,1271-UODNO
1116,development,8461-EFQYM
1117,development,6900-RBKER
1118,development,6891-JPYFF
1119,development,1459-QNFQT
1120,development,1047-NNCBF
1121,development,3696-XRIEN
1122,development,4081-DYXAV
1123,development,0074-HDKDG
1124,development,8791-GFXLZ
1125,reserved_test,8111-SLLHI
1126,development,0927-LCSMG
1127,development,9330-DHBFL
1128,reserved_test,0098-BOWSO
1129,development,3452-ABWRL
1130,development,5859-HZYLF
1131,development,8257-RZAHR
1132,reserved_test,5293-WXJAK
1133,reserved_test,3156-QLHBO
1134,development,2208-NQBCT
1135,development,1779-PWPMG
1136,development,6621-NRZAK
1137,development,0831-JNISG
1138,reserved_test,0774-IFUVM
1139,development,3082-WQRVY
1140,development,9553-DLCLU
1141,development,1641-BYBTK
1142,development,2460-NGXBJ
1143,development,2446-ZKVAF
1144,development,0841-NULXI
1145,development,3522-CDKHF
1146,reserved_test,1430-SFQSA
1147,development,0411-EZJZE
1148,development,7851-WZEKY
1149,development,8844-TONUD
1150,development,8807-ARQET
1151,reserved_test,8992-CEUEN
1152,development,4320-QMLLA
1153,development,8777-PVYGU
1154,development,8292-ITGYJ
1155,development,6870-ZWMNX
1156,development,0621-CXBKL
1157,reserved_test,5268-DSMNQ
1158,development,5334-JLAXU
1159,development,4086-YQSNZ
1160,development,6242-MBHPK
1161,development,5868-CZJDR
1162,development,9359-UGBTK
1163,reserved_test,0135-NMXAP
1164,development,4782-OSFXZ
1165,reserved_test,6479-OAUSD
1166,development,7129-ACFOG
1167,reserved_test,4189-NAKJS
1168,development,5562-BETPV
1169,development,1282-IHQAC
1170,reserved_test,9127-FHJBZ
1171,development,6270-OMFIW
1172,development,1641-RQDAY
1173,development,0107-WESLM
1174,reserved_test,6994-ORCWG
1175,development,1346-UFHAX
1176,development,3992-YWPKO
1177,reserved_test,2933-XEUJM
1178,development,0125-LZQXK
1179,development,5461-QKNTN
1180,development,4835-YSJMR
1181,development,8399-YNDCH
1182,reserved_test,3164-YAXFY
1183,development,0887-WBJVH
1184,development,4660-IRIBM
1185,development,5673-FSSMF
1186,development,7670-ZBPOQ
1187,development,8089-UZWLX
1188,reserved_test,0080-OROZO
1189,development,3916-NRPAP
1190,reserved_test,6807-SIWJI
1191,development,8221-HVAYI
1192,development,1579-KLYDT
1193,reserved_test,5232-NXPAY
1194,development,8967-SZQAS
1195,development,4468-KAZHE
1196,development,0455-ENTCR
1197,development,8944-AILEF
1198,development,5542-NKVRU
1199,development,7126-RBHSD
1200,development,5370-IIVVL
1201,reserved_test,6789-HJBWG
1202,reserved_test,3927-NLNRY
1203,development,9087-EYCPR
1204,development,6791-YBNAK
1205,development,6358-LYNGM
1206,development,6077-BDPXA
1207,development,0013-MHZWF
1208,development,5494-HECPR
1209,development,8268-YDIXR
1210,reserved_test,9824-BEMCV
1211,development,1373-ORVIZ
1212,development,4291-SHSBH
1213,reserved_test,6980-IMXXE
1214,development,9866-QEVEE
1215,development,9897-KXHCM
1216,development,0040-HALCW
1217,development,0784-GTUUK
1218,development,7979-CORPM
1219,development,2294-DMMUS
1220,development,0872-JCPIB
1221,development,3055-MJDSB
1222,development,9091-WTUUY
1223,development,1618-CFHME
1224,development,3165-HDOEW
1225,development,6581-NQCBA
1226,development,7115-IRDHS
1227,development,8496-DMZUK
1228,reserved_test,2040-VZIKE
1229,development,9068-VPWQQ
1230,development,0178-SZBHO
1231,development,0384-RVBPI
1232,development,1689-MRZQR
1233,development,1299-AURJA
1234,development,4525-VZCZG
1235,reserved_test,1543-LLLFT
1236,development,5835-BEQEU
1237,reserved_test,2788-CJQAQ
1238,development,5565-FILXA
1239,reserved_test,0319-QZTCO
1240,development,2120-SMPEX
1241,development,0096-FCPUF
1242,development,0668-OGMHD
1243,reserved_test,5552-ZNFSJ
1244,reserved_test,2223-KAGMX
1245,development,6507-ZJSUR
1246,development,9408-HRXRK
1247,reserved_test,5593-SUAOO
1248,development,7321-PKUYW
1249,development,2833-SLKDQ
1250,development,6766-HFKLA
1251,reserved_test,7595-EUIVN
1252,development,7617-EYGLW
1253,development,2026-TGDHM
1254,development,9220-ZNKJI
1255,development,4030-VPZBD
1256,reserved_test,2226-ICFDO
1257,development,0723-VSOBE
1258,development,5529-GIBVH
1259,development,4187-CINZD
1260,development,9992-UJOEL
1261,development,4741-WWJQZ
1262,reserved_test,6625-UTXEW
1263,development,6818-WOBHJ
1264,development,6244-BESBM
1265,development,1004-NOZNR
1266,development,1251-STYSZ
1267,development,2612-PHGOX
1268,development,2408-TZMJL
1269,development,8480-PPONV
1270,development,8780-IHCRN
1271,development,4598-ZADCK
1272,development,1257-SXUXQ
1273,development,9681-KYGYB
1274,development,7182-OVLBJ
1275,development,5095-ETBRJ
1276,development,7005-CYUIL
1277,development,4821-WQOYN
1278,development,4730-AWNAU
1279,development,3452-FLHYD
1280,reserved_test,2388-LAESQ
1281,development,9531-NSBMR
1282,development,6260-ONULR
1283,development,4389-UEFCZ
1284,reserved_test,8711-LOBKY
1285,development,9134-CEQMF
1286,development,8985-OOPOS
1287,development,8800-ZKRFW
1288,development,2616-FLVQC
1289,development,9968-FFVVH
1290,development,3108-PCCGG
1291,development,7993-PYKOF
1292,development,8390-FESFV
1293,development,3022-BEXHZ
1294,reserved_test,5027-XWQHA
1295,reserved_test,6248-TKCQV
1296,development,6729-GDNGC
1297,development,6198-ZFIOJ
1298,development,5989-OMNJE
1299,development,4566-QVRRW
1300,reserved_test,1291-CUOCY
1301,development,9795-SHUHB
1302,development,3230-IUALN
1303,development,0042-RLHYP
1304,development,8519-IMDHU
1305,reserved_test,4945-RVMTE
1306,reserved_test,0201-OAMXR
1307,development,1866-NXPSP
1308,reserved_test,3372-KWFBM
1309,development,7831-QGOXH
1310,development,6393-WRYZE
1311,development,3941-XTSKM
1312,development,1661-CZBAU
1313,development,6599-RCLCJ
1314,development,9831-BPFRI
1315,reserved_test,5158-RIVOP
1316,development,9788-YTFGE
1317,development,9277-JOOMO
1318,development,1907-YLNYW
1319,development,1725-MIMXW
1320,development,8947-YRTDV
1321,development,3161-ONRWK
1322,development,0114-RSRRW
1323,development,4565-NLZBV
1324,development,0031-PVLZI
1325,development,7206-GZCDC
1326,development,6682-VCIXC
1327,development,4791-QRGMF
1328,development,6475-VHUIZ
1329,development,3910-MRQOY
1330,development,0661-WCQNQ
1331,development,7537-RBWEA
1332,reserved_test,4656-CAURT
1333,development,0121-SNYRK
1334,development,1768-ZAIFU
1335,development,4671-LXRDQ
1336,reserved_test,3733-LSYCE
1337,development,6265-FRMTQ
1338,reserved_test,1934-SJVJK
1339,reserved_test,3838-OZURD
1340,development,1371-DWPAZ
1341,development,9269-CQOOL
1342,development,2017-CCBLH
1343,development,7690-KPNCU
1344,development,0536-BGFMZ
1345,reserved_test,2293-IJWPS
1346,development,2845-HSJCY
1347,development,5469-NUJUR
1348,reserved_test,1184-PJVDB
1349,reserved_test,2625-TRCZQ
1350,development,4102-HLENU
1351,development,7266-GSSJX
1352,development,7722-VJRQD
1353,reserved_test,7073-QETQY
1354,development,9415-DPEWS
1355,development,5624-RYAMH
1356,development,0196-JTUQI
1357,reserved_test,7130-YXBRO
1358,development,9272-LSVYH
1359,development,7943-RQCHR
1360,development,3793-MMFUH
1361,development,3249-ZPQRG
1362,development,2568-BRGYX
1363,reserved_test,3084-DOWLE
1364,development,1084-MNSMJ
1365,development,7721-JXEAW
1366,development,7249-WBIYX
1367,development,4238-HFHSN
1368,development,6250-CGGUN
1369,development,5478-JJVZK
1370,reserved_test,7596-IIWYC
1371,reserved_test,6567-HOOPW
1372,development,9793-WECQC
1373,development,4291-HPAXL
1374,development,8999-YPYBV
1375,development,1839-FBNFR
1376,development,3164-AALRN
1377,development,3071-MVJCD
1378,development,1697-BCSHV
1379,development,0562-KBDVM
1380,development,1131-SUEKT
1381,development,3717-OEAUQ
1382,development,4538-WNTMJ
1383,development,3334-CTHOL
1384,development,4704-ERYFC
1385,development,9432-RUVSL
1386,development,8060-HIWJJ
1387,development,7684-XSZIY
1388,development,9089-UOWJG
1389,development,8621-MNIHH
1390,development,8039-ACLPL
1391,development,9885-AIBVB
1392,development,1934-MKPXS
1393,development,2592-YKDIF
1394,development,2272-JKMSI
1395,development,0471-LVHGK
1396,development,9518-RWHZL
1397,reserved_test,8714-CTZJW
1398,development,3569-EDBPQ
1399,development,3131-NWVFJ
1400,development,7521-YXVZY
1401,development,5419-CONWX
1402,development,6240-EURKS
1403,reserved_test,2373-NTKOD
1404,development,1970-KKFWL
1405,development,6960-HVYXR
1406,development,9337-SRRNI
1407,development,0895-UADGO
1408,development,5678-VFNEQ
1409,development,5977-CKHON
1410,development,7024-OHCCK
1411,development,2692-BUCFV
1412,development,7861-UVUFT
1413,development,1830-GGFNM
1414,development,5302-BDJNT
1415,reserved_test,5223-UZAVK
1416,development,4859-ZSRDZ
1417,development,5651-WYIPH
1418,development,9350-VLHMB
1419,development,3498-LZGQZ
1420,development,8785-CJSHH
1421,development,5357-TZHPP
1422,reserved_test,3870-SPZSI
1423,development,0680-DFNNY
1424,development,7560-QRBXH
1425,development,7077-XJMET
1426,development,8752-GHJFU
1427,development,6896-SRVYQ
1428,development,7767-UXAGJ
1429,development,4652-ODEVH
1430,reserved_test,6510-UPNKS
1431,development,6718-BDGHG
1432,development,9046-DQMTP
1433,development,6439-LAJXL
1434,development,1571-SAVHK
1435,development,9052-VKDUW
1436,development,9546-CQJSU
1437,development,1666-JZPZT
1438,development,5777-KJIRB
1439,development,0506-LVNGN
1440,development,7677-SJJJK
1441,reserved_test,2480-EJWYP
1442,development,3253-HKOKL
1443,development,7055-HNEOJ
1444,development,5514-YQENT
1445,development,3211-AAPKX
1446,development,8445-DNBAE
1447,development,2951-QOQTK
1448,development,2958-NHPPS
1449,development,6806-YDEUL
1450,development,1735-XMJVH
1451,development,6890-PFRQX
1452,development,0222-CNVPT
1453,development,5899-OUVKV
1454,development,8681-ICONS
1455,reserved_test,1621-YNCJH
1456,development,3473-XIIIT
1457,reserved_test,6362-QHAFM
1458,development,7893-IXHRQ
1459,development,3070-BDOQC
1460,reserved_test,2952-QAYZF
1461,development,6234-PFPXL
1462,development,9824-QCJPK
1463,development,4763-PGDPO
1464,development,4283-IVYCI
1465,reserved_test,1866-OBPNR
1466,development,8205-MQUGY
1467,development,8970-ANWXO
1468,reserved_test,9480-BQJEI
1469,development,5394-SVGJV
1470,development,6979-TNDEU
1471,development,9777-WJJPR
1472,reserved_test,9283-LZQOH
1473,development,7079-QRCBC
1474,reserved_test,9495-SKLKD
1475,development,6048-UWKAL
1476,development,5067-DGXLL
1477,development,5469-CTCWN
1478,development,9851-QXEEQ
1479,development,6281-FKEWS
1480,development,8898-KASCD
1481,development,9242-TKFSV
1482,development,9290-SHCMB
1483,development,0743-HNPFG
1484,reserved_test,2277-BKJKN
1485,development,9809-IMGCQ
1486,development,5208-HFSBT
1487,development,5035-PGZXH
1488,development,8695-WDYEA
1489,development,6543-JXSOO
1490,development,8016-ZMGMO
1491,development,8605-ITULD
1492,reserved_test,3254-YRILK
1493,development,6416-YJTTB
1494,development,2667-WYLWJ
1495,development,4472-VESGY
1496,development,3195-TQDZX
1497,development,3128-YOVTD
1498,development,0529-ONKER
1499,reserved_test,1728-CXQBE
1500,reserved_test,7041-TXQJH
1501,development,5014-GSOUQ
1502,development,5724-BIDBU
1503,development,0481-SUMCB
1504,development,1769-GRUIK
1505,development,5240-IJOQT
1506,reserved_test,8819-WFGGJ
1507,development,7427-AUFPY
1508,development,2811-POVEX
1509,development,1092-GANHU
1510,development,7898-PDWQE
1511,development,9972-EWRJS
1512,development,9314-IJWSQ
1513,development,0661-XEYAN
1514,reserved_test,5799-JRCZO
1515,development,1921-KYSAY
1516,development,6198-RTPMF
1517,development,2924-KHUVI
1518,development,1925-GMVBW
1519,development,7881-EVUAD
1520,development,6184-DYUOB
1521,reserved_test,9207-ZPANB
1522,development,5766-XQXMQ
1523,development,9327-QSDED
1524,development,1656-DRSMG
1525,development,3012-VFFMN
1526,development,2984-AFWNC
1527,development,0640-YJTPY
1528,development,8096-LOIST
1529,development,9764-REAFF
1530,development,3703-VAVCL
1531,development,7107-UBYKY
1532,development,4881-GQJTW
1533,development,8519-QJGJD
1534,reserved_test,7876-DNYAP
1535,development,7905-NJMXS
1536,development,2882-WDTBA
1537,development,2091-GPPIQ
1538,development,6326-MTTXK
1539,development,5071-FBJFS
1540,development,2796-UUZZO
1541,development,2429-AYKKO
1542,development,9798-OPFEM
1543,reserved_test,0330-IVZHA
1544,development,3794-NFNCH
1545,development,5193-QLVZB
1546,development,7114-AEOZE
1547,reserved_test,2886-KEFUM
1548,development,5522-NYKPB
1549,development,4237-RLAQD
1550,development,9957-YODKZ
1551,reserved_test,6518-KZXCB
1552,development,2245-ADZFJ
1553,reserved_test,7776-QGYJC
1554,development,9313-QOLTZ
1555,development,9651-GTSAQ
1556,development,3186-BAXNB
1557,development,4672-FOTSD
1558,development,0637-YLETY
1559,reserved_test,9818-XQCUV
1560,reserved_test,7338-ERIVA
1561,reserved_test,1157-BQCUW
1562,development,8259-NFJTV
1563,development,3223-DWFIO
1564,development,2660-EMUBI
1565,reserved_test,6968-GMKPR
1566,reserved_test,4751-ERMAN
1567,development,1436-ZMJAN
1568,development,3292-PBZEJ
1569,development,0799-DDIHE
1570,development,3070-FNFZQ
1571,development,2812-SFXMJ
1572,development,7675-OZCZG
1573,development,5014-WUQMG
1574,development,5312-TSZVC
1575,development,2003-CKLOR
1576,development,0993-OSGPT
1577,development,9254-RBFON
1578,reserved_test,1205-WNWPJ
1579,development,9391-EOYLI
1580,development,7108-DGVUU
1581,development,2782-JEEBU
1582,reserved_test,5127-BZENZ
1583,development,2720-FVBQP
1584,development,9906-NHHVC
1585,development,4522-XRWWI
1586,development,3766-EJLFL
1587,development,5939-SXWHM
1588,development,8152-UOBNY
1589,reserved_test,7351-KYHQH
1590,reserved_test,7643-RCHXS
1591,development,8246-SHFGA
1592,development,8387-MOJJT
1593,development,0620-XEFWH
1594,development,6485-QXWWE
1595,development,2761-OCIAX
1596,development,7321-VGNKU
1597,development,5327-CNLUQ
1598,reserved_test,7552-KEYGT
1599,reserved_test,5816-JMLGY
1600,development,3068-OMWZA
1601,development,2927-QRRQV
1602,development,6032-KRXXO
1603,reserved_test,7459-RRWQZ
1604,development,6265-SXWBU
1605,development,7941-RCJOW
1606,development,6374-NTQLP
1607,development,4154-AQUGT
1608,development,2387-KDZQY
1609,development,3584-WKTTW
1610,development,3399-BMLVW
1611,development,1971-DTCZB
1612,reserved_test,3092-IGHWF
1613,reserved_test,3374-PZLXD
1614,development,3813-DHBBB
1615,development,2812-REYAT
1616,development,6518-PPLMZ
1617,reserved_test,4939-KYYPY
1618,development,8017-LXHFA
1619,development,5930-GBIWP
1620,reserved_test,6022-KOUQO
1621,development,6352-TWCAU
1622,development,2361-UPSND
1623,development,6035-RIIOM
1624,development,2929-QNSRW
1625,development,1262-OPMFY
1626,development,9504-DSHWM
1627,development,5035-BVCXS
1628,development,6267-DCFFZ
1629,development,3533-UVMOM
1630,reserved_test,2439-LYPMQ
1631,development,4248-QPAVC
1632,reserved_test,1899-VXWXM
1633,reserved_test,1478-VPOAD
1634,development,9995-HOTOH
1635,development,2988-PLAHS
1636,development,1371-OJCEK
1637,development,4999-IEZLT
1638,development,8883-ANODQ
1639,development,4690-LLKUA
1640,development,2351-RRBUE
1641,development,5980-BDHPY
1642,development,1498-DQNRX
1643,reserved_test,9469-WEJBT
1644,development,3331-HQDTW
1645,development,9490-DFPMD
1646,reserved_test,2581-VKIRT
1647,reserved_test,5442-XSDCW
1648,reserved_test,7426-WEIJX
1649,development,2851-MMUTZ
1650,development,3049-NDXFL
1651,development,8580-AECUZ
1652,development,3307-TLCUD
1653,development,6625-FLENO
1654,development,2967-MXRAV
1655,reserved_test,7963-GQRMY
1656,reserved_test,8189-HBVRW
1657,reserved_test,4163-KIUHY
1658,development,1228-FZFRV
1659,development,3500-NSDOA
1660,development,1171-TYKUR
1661,development,3761-FLYZI
1662,development,2058-DCJBE
1663,reserved_test,5364-XYIRR
1664,development,4829-AUOAX
1665,development,1219-NNDDO
1666,development,8388-DMKAE
1667,reserved_test,4403-BWPAY
1668,reserved_test,9659-QEQSY
1669,development,5405-ZMYXQ
1670,development,5047-LHVLY
1671,development,1442-OKRJE
1672,development,4737-AQCPU
1673,reserved_test,9158-VCTQB
1674,reserved_test,2808-CHTDM
1675,development,6311-UEUME
1676,development,0793-TWELN
1677,development,3283-WCWXT
1678,development,1060-ENTOF
1679,development,0999-QXNSA
1680,development,5451-MHQOF
1681,reserved_test,4836-WNFNO
1682,reserved_test,9225-BZLNZ
1683,development,0354-VXMJC
1684,reserved_test,4422-QVIJA
1685,development,9365-SRSZE
1686,development,6839-ITVZJ
1687,development,8332-OSJDW
1688,development,4735-BJKOU
1689,development,0274-JKUJR
1690,reserved_test,5740-YHGTW
1691,reserved_test,8917-SZTTJ
1692,development,1696-MZVAU
1693,development,7359-WWYJV
1694,development,0375-HVGXO
1695,development,4906-ZHGPK
1696,reserved_test,8593-WHYHV
1697,development,3795-GWTRD
1698,development,1298-PHBTI
1699,development,6223-DHJGV
1700,development,6961-MJKBO
1701,development,6097-EQISJ
1702,development,4423-YLHDV
1703,development,8158-WPEZG
1704,reserved_test,0107-YHINA
1705,development,4918-FYJNT
1706,development,0727-BNRLG
1707,development,4854-CIDCF
1708,development,8640-SDGKB
1709,development,3280-MRDOF
1710,reserved_test,6435-SRWBJ
1711,development,9964-WBQDJ
1712,development,6303-KFWSL
1713,development,1702-CCFNJ
1714,reserved_test,8932-CZHRQ
1715,reserved_test,0386-CWRGM
1716,reserved_test,5515-RUGKN
1717,development,0404-AHASP
1718,reserved_test,7279-NMVJC
1719,development,2081-VEYEH
1720,development,6407-UTSLV
1721,reserved_test,4116-TZAQJ
1722,development,9060-HJJRW
1723,development,2587-YNLES
1724,development,7398-SKNQZ
1725,reserved_test,5935-FCCNB
1726,development,1958-RNRKS
1727,development,5136-RGMZO
1728,development,8345-MVDYC
1729,development,8226-BXGES
1730,development,3877-JRJIP
1731,development,8375-DKEBR
1732,development,9705-IOVQQ
1733,development,1015-OWJKI
1734,reserved_test,7511-YMXVQ
1735,development,2040-XBAVJ
1736,development,7551-JOHTI
1737,development,8887-IPQNC
1738,development,8646-JCOMS
1739,development,9804-ICWBG
1740,development,1222-KJNZD
1741,development,0106-GHRQR
1742,development,5318-IXUZF
1743,reserved_test,3768-VHXQO
1744,development,8952-WCVCD
1745,development,2418-TPEUN
1746,reserved_test,3963-RYFNS
1747,reserved_test,3198-VELRD
1748,development,8540-ZQGEA
1749,development,1320-REHCS
1750,development,4137-JOPHL
1751,development,9436-ZBZCT
1752,development,7801-CEDNV
1753,development,2057-BOYKM
1754,development,3658-QQJYD
1755,development,1803-BGNBD
1756,development,0134-XWXCE
1757,reserved_test,6950-TWMYB
1758,reserved_test,5848-FHRFC
1759,development,2243-FNMMI
1760,development,2511-MORQY
1761,development,5356-KZCKT
1762,development,9470-XCCEM
1763,development,6519-CFDBX
1764,development,3902-MIVLE
1765,development,0409-WTMPL
1766,development,8763-KIAFH
1767,development,3669-WHAFY
1768,development,3055-VTCGS
1769,development,3144-KMTWZ
1770,development,7279-BUYWN
1771,development,7156-MHUGY
1772,development,7198-GLXTC
1773,reserved_test,2007-QVGAW
1774,development,5207-PLSTK
1775,development,2307-FYNNL
1776,development,5605-XNWEN
1777,reserved_test,2155-AMQRX
1778,development,6181-AXXYF
1779,development,5091-HFAZW
1780,development,0516-VRYBW
1781,development,2519-LBNQL
1782,development,8623-ULFNQ
1783,development,8380-PEFPE
1784,development,5687-DKDTV
1785,development,1568-LJSZU
1786,reserved_test,7530-HDYDS
1787,reserved_test,7789-HKSBS
1788,development,7416-CKTEP
1789,development,2586-CWXVV
1790,development,3096-IZETN
1791,development,2348-KCJLT
1792,development,8401-EMUWF
1793,development,4193-IBKSW
1794,development,5377-NDTOU
1795,development,5922-ABDVO
1796,development,2474-LCNUE
1797,development,0839-QNXME
1798,development,3506-OVLKD
1799,development,9172-ANCRX
1800,development,6650-VJONK
1801,development,2178-PMGCJ
1802,development,7492-TAFJD
1803,development,2773-MADBQ
1804,development,6016-LVTJQ
1805,development,7860-KSUGX
1806,reserved_test,8966-KZXXA
1807,development,6910-HADCM
1808,reserved_test,4816-LXZYW
1809,development,9606-PBKBQ
1810,development,5149-QYTTU
1811,development,2070-XYMFH
1812,development,2085-BOJKI
1813,reserved_test,0817-HSUSE
1814,development,5442-PPTJY
1815,development,1927-QEWMY
1816,development,1663-MHLHE
1817,development,5663-QBGIS
1818,development,4450-MDZFX
1819,development,6701-DHKWQ
1820,development,7554-AKDQF
1821,development,3536-IQCTX
1822,development,4911-BANWH
1823,development,8496-EJAUI
1824,development,0794-YVSGE
1825,development,5423-BHIXO
1826,development,6908-VVYHM
1827,development,2959-EEXWB
1828,reserved_test,1839-UMACK
1829,development,3030-YDNRM
1830,development,7321-KKSDU
1831,development,3402-XRIUO
1832,development,3132-TVFDZ
1833,development,8286-AFUYI
1834,development,8080-DDEMJ
1835,development,8356-WUAOJ
1836,development,6365-MTGZX
1837,development,1349-WXNGG
1838,development,8058-DMYRU
1839,development,9350-ZXYJC
1840,development,6990-YNRIO
1841,development,8958-JPTRR
1842,reserved_test,6959-GQEGV
1843,reserved_test,3173-WSSUE
1844,reserved_test,1265-HVPZB
1845,development,4115-UMJFQ
1846,development,7369-TRPFD
1847,development,1098-KFQEC
1848,development,7190-XHTWJ
1849,reserved_test,0621-TWIEM
1850,development,3537-RYBHH
1851,development,2485-ITVKB
1852,development,3669-OYSJI
1853,reserved_test,1612-EOHDH
1854,development,6702-OHFWR
1855,development,5296-BFCYD
1856,development,4510-PYUSH
1857,development,9359-JANWS
1858,development,7517-SAWMO
1859,development,4143-HHPMK
1860,development,3279-DYZQM
1861,development,7054-LGEQW
1862,development,0523-VNGTF
1863,reserved_test,9575-IWCAZ
1864,reserved_test,7105-MXJLL
1865,development,7064-FRRSW
1866,development,7940-UQQUG
1867,development,0923-PNFUB
1868,development,3961-SXAXY
1869,development,7010-BRBUU
1870,development,3566-HJGPK
1871,development,3062-ICYZQ
1872,development,9938-PRCVK
1873,development,0973-KYVNF
1874,development,5129-HHMZC
1875,reserved_test,9637-CDTKZ
1876,development,3946-JEWRQ
1877,development,7873-CVMAW
1878,reserved_test,0463-WZZKO
1879,reserved_test,3494-JCHRQ
1880,development,6474-FVJLC
1881,development,4524-QCSSM
1882,reserved_test,5832-EXGTT
1883,reserved_test,8840-DQLGN
1884,reserved_test,2039-JONDJ
1885,development,7217-JYHOQ
1886,reserved_test,6695-FRVEC
1887,development,4547-LYTDD
1888,development,9894-QMIMJ
1889,reserved_test,8069-YQQAJ
1890,development,6770-XUAGN
1891,development,4193-ORFCL
1892,development,1636-NTNCO
1893,development,3466-WAESX
1894,development,9281-PKKZE
1895,development,3638-VBZTA
1896,development,7459-IMVYU
1897,development,7776-QWNFX
1898,development,6689-TCZHQ
1899,development,8563-OYMQY
1900,development,0754-EEBDC
1901,reserved_test,5777-ZPQNC
1902,reserved_test,1951-IEYXM
1903,reserved_test,3318-NMQXL
1904,development,3143-ILDAL
1905,development,1022-RKXDR
1906,reserved_test,2361-FJWNO
1907,development,2272-UOINI
1908,reserved_test,8232-UTFOZ
1909,development,3750-YHRYO
1910,development,6637-KYRCV
1911,reserved_test,5668-MEISB
1912,development,0129-QMPDR
1913,development,7188-CBBBA
1914,development,5356-CSVSQ
1915,development,3221-CJMSG
1916,development,4720-VSTSI
1917,development,3219-JQRSL
1918,development,2801-NISEI
1919,reserved_test,3946-MHCZW
1920,development,4623-ZKHLY
1921,development,6732-VAILE
1922,development,8201-AAXCB
1923,development,7696-CFTAT
1924,development,1845-CSBRZ
1925,development,2123-VSCOT
1926,development,6651-AZVTJ
1927,development,4566-GOLUK
1928,development,2484-DGXPZ
1929,development,2018-QKYGT
1930,reserved_test,2792-VPPET
1931,development,7409-JURKQ
1932,reserved_test,3247-MHJKM
1933,development,1964-SVLEA
1934,development,4587-NUKOX
1935,development,7297-DVYGA
1936,development,2239-CGBUZ
1937,reserved_test,0854-UYHZD
1938,development,7243-LCGGZ
1939,development,8267-KFGYD
1940,development,4890-VMUAV
1941,reserved_test,9261-WDCAF
1942,development,3764-MNMOI
1943,development,7442-YGZFK
1944,development,0420-BWTPW
1945,reserved_test,8229-BUJHX
1946,development,7449-HVPIV
1947,development,5504-WSIUR
1948,reserved_test,8183-ONMXC
1949,reserved_test,8466-PZBLH
1950,development,9614-RMGHA
1951,development,8735-IJJEG
1952,development,0564-MUUQK
1953,development,5054-IEXZT
1954,development,5834-ASPWA
1955,development,0701-RFGFI
1956,development,0019-EFAEP
1957,development,5619-PTMIK
1958,development,3737-XBQDD
1959,development,5882-CMAZQ
1960,reserved_test,5846-QFDFI
1961,development,4445-KWOKW
1962,development,3511-APPBJ
1963,development,7967-HYCDE
1964,development,2430-RRYUW
1965,reserved_test,3948-XHGNA
1966,development,3723-BFBGR
1967,reserved_test,0565-IYCGT
1968,development,5447-WZAFP
1969,development,5110-CHOPY
1970,development,5445-UTODQ
1971,reserved_test,4425-OWHWB
1972,development,7892-QVYKW
1973,reserved_test,9675-ICXCT
1974,development,1024-VRZHF
1975,development,4703-MQYKT
1976,development,9497-QCMMS
1977,development,5692-ICXLW
1978,development,0602-DDUML
1979,development,2208-MPXIO
1980,development,1960-UYCNN
1981,development,0348-SDKOL
1982,development,3190-FZATL
1983,development,7336-RLLRH
1984,development,4373-MAVJG
1985,development,8901-HJXTF
1986,development,7710-JSYOA
1987,development,5419-KLXBN
1988,development,3424-NMNBO
1989,development,9885-MFVSU
1990,development,4514-GFCFI
1991,reserved_test,0607-MVMGC
1992,development,3365-SAIGS
1993,development,9828-AOQLM
1994,development,8022-BECSI
1995,reserved_test,8000-REIQB
1996,development,9993-LHIEB
1997,development,0266-CLZKZ
1998,development,7615-ESMYF
1999,development,3858-VOBET
2000,development,7020-OZKXZ
2001,development,3977-QCRSL
2002,development,0017-DINOC
2003,development,1447-PJGGA
2004,development,8565-CLBZW
2005,reserved_test,9139-WQQDY
2006,development,0224-HJAPT
2007,development,8086-OVPWV
2008,development,9430-FRQOC
2009,reserved_test,7639-OPLNG
2010,development,3074-GQWYX
2011,reserved_test,1492-QGCLU
2012,development,6845-RGTYS
2013,development,7328-OWMOM
2014,development,4418-LZMSV
2015,development,5155-AZQPB
2016,development,8861-HGGKB
2017,reserved_test,1087-GRUYI
2018,development,7065-YUNRY
2019,development,7694-VLBWQ
2020,development,2546-KZAAT
2021,development,0181-RITDD
2022,development,5989-PGKJB
2023,development,4795-KTRTH
2024,development,8272-ONJLV
2025,reserved_test,1488-PBLJN
2026,development,0308-GIQJT
2027,reserved_test,3778-FOAQW
2028,development,4452-ROHMO
2029,development,6481-OGDOO
2030,development,3090-LETTY
2031,development,5349-AZPEW
2032,development,3753-TSEMP
2033,reserved_test,8305-VHZBZ
2034,development,9720-JJJOR
2035,development,8100-HZZLJ
2036,development,8775-ERLNB
2037,development,8309-IEYJD
2038,development,9172-JITSM
2039,development,6298-QDFNH
2040,development,7398-HPYZQ
2041,development,3546-GHEAE
2042,development,7361-YPXFS
2043,development,6557-BZXLQ
2044,development,2550-QHZGP
2045,development,7519-JTWQH
2046,development,2538-OIMXF
2047,development,8543-MSDMF
2048,development,9961-JBNMK
2049,development,1170-SASML
2050,development,4872-JCVCA
2051,development,5346-BZCHP
2052,reserved_test,2038-LLMLM
2053,development,6173-ITPWD
2054,development,9734-UYXQI
2055,development,1216-BGTSP
2056,development,4138-NAXED
2057,development,2189-UXTKY
2058,development,0744-BIKKF
2059,development,7483-IQWIB
2060,reserved_test,5248-KWLAR
2061,development,4958-GZWIY
2062,reserved_test,7996-MHXLW
2063,development,7833-PKIHD
2064,development,7061-OVMIM
2065,development,5153-RTHKF
2066,development,1852-QSWCD
2067,reserved_test,4832-VRBMR
2068,development,9079-LWTFD
2069,development,6356-ELRKD
2070,development,8624-GIOUT
2071,reserved_test,3392-EHMNK
2072,development,5986-WWXDV
2073,development,3061-BCKYI
2074,development,6179-GJPSO
2075,development,7901-TBKJX
2076,development,7228-PAQPD
2077,development,3177-LASXD
2078,development,7746-QYVCO
2079,development,5804-HYIEZ
2080,reserved_test,9919-FZDED
2081,development,5934-TSSAU
2082,development,3486-KHMLI
2083,reserved_test,4897-QSUYC
2084,reserved_test,1084-UQCHV
2085,development,8290-YWKHZ
2086,development,2955-BJZHG
2087,development,3806-DXQOM
2088,development,6784-XYJAE
2089,development,3933-DQPWX
2090,development,6661-EIPZC
2091,development,8957-THMOA
2092,development,2251-PYLPB
2093,development,5555-RNPGT
2094,development,1057-FOGLZ
2095,reserved_test,9300-RENDD
2096,development,0761-AETCS
2097,development,8087-LGYHQ
2098,development,4137-BTIKL
2099,development,2190-BCXEC
2100,development,6227-FBDXH
2101,development,2153-MREFK
2102,development,2911-WDXMV
2103,development,7206-PQBBZ
2104,development,3106-ULWFW
2105,development,0925-VYDLG
2106,development,4547-FZJWE
2107,development,7422-WNBTY
2108,development,0842-IWYCP
2109,development,3521-HTQTV
2110,development,3744-ZBHON
2111,development,3373-DIUUN
2112,reserved_test,8383-SGHJU
2113,development,7607-QKKTJ
2114,development,7707-PYBBH
2115,development,8984-HPEMB
2116,development,4349-GFQHK
2117,development,4139-DETXS
2118,development,9779-DPNEJ
2119,development,9805-FILKB
2120,development,5793-YOLJN
2121,development,0673-IGUQO
2122,reserved_test,4123-FCVCB
2123,reserved_test,8819-IMISP
2124,development,7802-EFKNY
2125,development,8311-UEUAB
2126,reserved_test,5858-EAFCZ
2127,development,8035-BUYVG
2128,reserved_test,1163-ONYEY
2129,development,9787-XVQIU
2130,development,8945-MUQUF
2131,development,5656-MJEFC
2132,development,6082-OQFBA
2133,development,8051-HJRLT
2134,development,8974-OVACP
2135,reserved_test,4010-YLMVT
2136,development,1379-FRVEB
2137,development,8612-GXIDD
2138,development,6288-CHQJB
2139,development,8160-HOWOX
2140,development,3023-GFLBR
2141,development,6648-INWPS
2142,development,4223-BKEOR
2143,development,4079-VTGLK
2144,development,1763-WQFUK
2145,development,1391-UBDAR
2146,reserved_test,8894-JVDCV
2147,development,2023-VQFDL
2148,reserved_test,1345-GKDZZ
2149,development,2014-MKGMH
2150,development,5628-FCGYG
2151,development,2560-WBWXF
2152,development,0248-IPDFW
2153,development,7978-DKUQH
2154,development,4335-UPJSI
2155,development,0524-IAVZO
2156,reserved_test,2737-YNGYW
2157,development,1784-EZDKJ
2158,development,9297-FVVDH
2159,development,8007-YYPWD
2160,development,7101-HRBLJ
2161,development,5159-YFPKQ
2162,reserved_test,6635-CPNUN
2163,development,4021-RQSNY
2164,development,5453-YBTWV
2165,development,5039-LZRQT
2166,development,2931-VUVJN
2167,development,9061-TIHDA
2168,development,8699-ASUFO
2169,reserved_test,6418-PIQSP
2170,development,8220-OCUFY
2171,development,3995-WFCSM
2172,development,1895-QTKDO
2173,reserved_test,2038-OEQZH
2174,development,1178-PZGAB
2175,development,7927-AUXBZ
2176,development,2626-VEEWG
2177,development,2878-RMWXY
2178,reserved_test,1657-DYMBM
2179,development,7311-MQJCH
2180,development,7375-WMVMT
2181,development,1136-XGEQU
2182,development,2530-FMFXO
2183,development,6844-DZKRF
2184,development,4695-WJZUE
2185,development,7619-ODSGN
2186,reserved_test,5970-GHJAW
2187,development,8879-XUAHX
2188,development,3689-MOZGR
2189,development,4195-PNGZS
2190,development,5003-XZWWO
2191,development,3988-RQIXO
2192,development,7622-FWGEW
2193,development,6922-NCEDI
2194,development,2514-GINMM
2195,reserved_test,9891-NQDBD
2196,development,6131-IUNXN
2197,development,8548-AWOFC
2198,reserved_test,9798-DRYDS
2199,reserved_test,8532-UEFWH
2200,development,6296-DDOOR
2201,development,7951-VRDVK
2202,development,5931-FLJJF
2203,development,4815-YOSUK
2204,development,2659-VXMWZ
2205,development,0380-NEAVX
2206,development,3207-OYBWH
2207,development,4285-GYRQC
2208,development,7216-EWTRS
2209,development,4365-MSDYN
2210,reserved_test,7036-TYDEC
2211,reserved_test,5802-ADBRC
2212,development,8076-FEZKJ
2213,development,5197-YPYBZ
2214,reserved_test,8337-MSSXB
2215,development,4312-GVYNH
2216,development,8495-LJDFO
2217,development,0839-JTCUD
2218,reserved_test,5494-WOZRZ
2219,development,1302-UHBDD
2220,reserved_test,2234-EOFPT
2221,development,8619-IJNDK
2222,development,8378-LKJAF
2223,development,8182-BJDSI
2224,development,2528-HFYZX
2225,development,1153-GNOLC
2226,reserved_test,3298-QEICA
2227,development,0788-DXBFY
2228,reserved_test,3597-YASZG
2229,development,3496-LFSZU
2230,development,5242-UOWHD
2231,reserved_test,2482-CZGBB
2232,development,6479-SZPLM
2233,development,8097-VBQTZ
2234,reserved_test,4500-HKANN
2235,development,9917-KWRBE
2236,development,3420-ZDBMA
2237,development,2212-LYASK
2238,development,1393-IMKZG
2239,reserved_test,8069-RHUXK
2240,development,3398-GCPMU
2241,reserved_test,2908-WGAXL
2242,reserved_test,3378-AJRAO
2243,development,1013-QCWAM
2244,reserved_test,0866-QLSIR
2245,development,6050-FFXES
2246,development,7181-BQYBV
2247,development,0362-RAOQO
2248,development,9554-DFKIC
2249,development,5527-ACHSO
2250,development,0829-DDVLK
2251,development,1399-UBQIU
2252,development,1813-JLKWR
2253,development,0336-PIKEI
2254,reserved_test,7322-OCWHC
2255,development,9537-VHDTA
2256,development,4957-TIALW
2257,development,2054-PJOCK
2258,development,9150-HEPMB
2259,development,9030-QGZNL
2260,development,6204-IEUXJ
2261,development,3126-WQMGH
2262,reserved_test,4529-CKBCL
2263,development,2506-CLAKW
2264,development,7176-WRTNX
2265,development,1583-IHQZE
2266,reserved_test,5732-IKGQH
2267,development,9239-GZHZE
2268,development,7205-BAIAD
2269,reserved_test,0151-ONTOV
2270,reserved_test,4140-MUHUG
2271,development,0093-EXYQL
2272,development,8064-RAVOH
2273,development,0219-QAERP
2274,reserved_test,0320-JDNQG
2275,reserved_test,7180-PISOG
2276,development,9168-INPSZ
2277,development,3571-RFHAR
2278,development,0015-UOCOJ
2279,reserved_test,5334-AFQJB
2280,development,2754-SDJRD
2281,development,9578-VRMNM
2282,development,1587-FKLZB
2283,development,6140-QNRQQ
2284,development,8963-JLGJT
2285,development,4307-KTUMW
2286,reserved_test,1465-LNTLJ
2287,development,5440-FLBQG
2288,development,2135-DQWAQ
2289,reserved_test,4056-QHXHZ
2290,development,7470-MCQTK
2291,development,7488-MXJIV
2292,development,7401-JIXNM
2293,development,9339-FIIJL
2294,development,2027-FECZV
2295,development,2672-DZUOY
2296,development,4706-DGAHW
2297,development,3870-MQAMG
2298,development,6670-MFRPK
2299,reserved_test,6177-PEVRA
2300,development,4800-CZMPC
2301,development,4813-HQMGZ
2302,development,7579-KKLOE
2303,development,7377-DMMRI
2304,development,8402-EIVQS
2305,reserved_test,4947-DSMXK
2306,development,7245-NIIWQ
2307,reserved_test,0002-ORFBO
2308,development,3324-OIRTO
2309,development,5414-OFQCB
2310,development,4967-WPNCF
2311,development,8552-OBVRU
2312,development,8499-BRXTD
2313,development,9154-QDGTH
2314,reserved_test,8197-BFWVU
2315,reserved_test,2577-GVSIL
2316,development,9367-OIUXP
2317,development,6770-UAYGJ
2318,development,6463-HHXJR
2319,reserved_test,7928-VJYAB
2320,development,1187-WILMM
2321,development,9776-OJUZI
2322,development,1306-RPWXZ
2323,development,8949-JTMAY
2324,development,2774-LVQUS
2325,development,3097-PYWXL
2326,development,2266-SJNAT
2327,development,0869-PAPRP
2328,development,4238-JSSWH
2329,reserved_test,2972-YDYUW
2330,development,1104-FEJAM
2331,development,2809-ILCYT
2332,development,5499-ECUTN
2333,development,4981-FLTMF
2334,development,9121-PHQSR
2335,development,3113-IWHLC
2336,development,3211-ILJTT
2337,development,4612-THJBS
2338,development,4277-BWBML
2339,development,4094-NSEDU
2340,development,0234-TEVTT
2341,development,4304-TSPVK
2342,development,1552-AAGRX
2343,development,2637-FKFSY
2344,reserved_test,9796-MVYXX
2345,development,7874-ECPQJ
2346,development,0020-INWCK
2347,development,7089-RKVSZ
2348,development,2683-JXWQQ
2349,development,9548-ZMVTX
2350,reserved_test,8739-XNIKG
2351,development,9755-JHNMN
2352,reserved_test,3981-QSVQI
2353,reserved_test,2789-HQBOU
2354,development,9424-CMPOG
2355,development,5067-WJEUN
2356,development,3450-WXOAT
2357,development,9251-WNSOD
2358,development,6974-DAFLI
2359,development,2616-UUTFK
2360,reserved_test,7064-JHXCE
2361,reserved_test,5103-MHMHY
2362,development,7989-AWGEH
2363,development,4373-VVHQL
2364,development,4559-UWIHT
2365,development,7268-IGMFD
2366,development,1846-XWOQN
2367,development,0235-KGSLC
2368,development,6650-BWFRT
2369,development,9570-KYEUA
2370,development,6993-YGFJV
2371,development,2712-SYWAY
2372,development,0730-BGQGF
2373,development,5498-IBWPI
2374,development,9101-NTIXF
2375,development,0013-SMEOE
2376,development,9314-QDMDW
2377,development,9308-ANMVE
2378,reserved_test,2884-GBPFB
2379,reserved_test,3757-NJYBX
2380,development,3413-DHLPB
2381,development,7649-PHJVR
2382,development,6114-TCFID
2383,reserved_test,3787-TRIAL
2384,development,2573-GYRUU
2385,reserved_test,5156-UMKOW
2386,reserved_test,1247-QBVSH
2387,reserved_test,6734-GMPVK
2388,development,9822-OAOVB
2389,development,6161-ERDGD
2390,development,1226-JZNKR
2391,development,7318-EIVKO
2392,development,3771-PZOBW
2393,development,5136-KCKGI
2394,development,8231-BSWXX
2395,development,6486-LHTMA
2396,development,4083-BFNYK
2397,development,3722-WPXTK
2398,development,7389-KBFIT
2399,development,7176-WIONM
2400,development,5141-ZUVBH
2401,development,1089-HDMKP
2402,development,7623-HKYRK
2403,reserved_test,0310-SUCIN
2404,reserved_test,5197-PYEPU
2405,reserved_test,2929-ERCFZ
2406,development,7548-SEPYI
2407,development,8835-VSDSE
2408,development,6619-RPLQZ
2409,development,3275-RHRNE
2410,development,3503-TYDAY
2411,development,6901-GOGZG
2412,development,1623-NLDOT
2413,reserved_test,7021-XSNYE
2414,development,9621-OUPYD
2415,reserved_test,9898-KZQDZ
2416,development,8982-NHAVY
2417,development,4307-KWMXE
2418,development,0141-YEAYS
2419,development,2450-ZKEED
2420,development,3694-DELSO
2421,development,3893-JRNFS
2422,development,9603-OAIHC
2423,development,1133-KXCGE
2424,development,5236-PERKL
2425,development,0142-GVYSN
2426,development,1049-FYSYG
2427,development,7854-FOKSF
2428,development,2519-FAKOD
2429,reserved_test,8406-LNMHF
2430,development,1821-BUCWY
2431,development,8263-JQAIK
2432,development,0023-UYUPN
2433,reserved_test,8314-DPQHL
2434,reserved_test,1465-WCZVT
2435,development,9481-SFCQY
2436,development,6360-SVNWV
2437,development,0567-GGCAC
2438,development,7089-IVVAZ
2439,reserved_test,8884-MRNSU
2440,development,2171-UDMFD
2441,development,9050-IKDZA
2442,development,2205-YMZZJ
2443,development,9802-CAQUT
2444,development,1254-IZEYF
2445,reserved_test,0187-WZNAB
2446,development,9492-TOKRI
2447,development,1475-VWVDO
2448,development,9221-OTIVJ
2449,development,1357-MVDOZ
2450,development,7602-MVRMB
2451,development,3325-FUYCG
2452,development,5908-QMGOE
2453,development,1197-BVMVG
2454,development,5406-KGRMX
2455,development,8481-YYXWG
2456,development,5968-HYJRZ
2457,reserved_test,5198-EFNBM
2458,development,7516-GMHUV
2459,development,7140-ADSMJ
2460,reserved_test,2230-XTUWL
2461,development,7706-YLMQA
2462,development,2585-KTFRE
2463,development,7994-UYIVZ
2464,development,2609-IAICY
2465,development,1740-CSDJP
2466,development,7717-BICXI
2467,development,6559-RAKOZ
2468,development,2636-OHFMN
2469,reserved_test,4716-MRVEN
2470,development,2143-LJULT
2471,development,1323-OOEPC
2472,reserved_test,3200-MNQTF
2473,reserved_test,6164-HXUGH
2474,reserved_test,5630-IXDXV
2475,reserved_test,0320-DWVTU
2476,development,9135-MGVPY
2477,development,1212-GLHMD
2478,development,7878-JGDKK
2479,reserved_test,1088-AUUZZ
2480,development,0397-GZBBC
2481,development,6614-YWYSC
2482,reserved_test,9588-OZDMQ
2483,development,7641-EUYET
2484,development,6476-EPYZR
2485,development,9921-ZVRHG
2486,development,1174-FGIFN
2487,development,6620-HVDUJ
2488,development,4701-MLJPN
2489,development,1032-MAELW
2490,reserved_test,7641-TQFHN
2491,development,1552-TKMXS
2492,development,9206-GVPEQ
2493,development,8622-ZLFKO
2494,development,1596-BBVTG
2495,development,6188-UXBBR
2496,development,2333-KWEWW
2497,development,5702-SKUOB
2498,reserved_test,1134-YWTYF
2499,development,6061-GWWAV
2500,development,0679-TDGAK
2501,development,6585-WCEWR
2502,reserved_test,9067-YGSCA
2503,development,9067-SQTNS
2504,development,8433-WXGNA
2505,development,1776-SPBWV
2506,reserved_test,8735-SDUFN
2507,reserved_test,9668-PUGNU
2508,development,9405-GPBBG
2509,development,1926-QUZNN
2510,development,3707-GNWHM
2511,reserved_test,7016-NVRIC
2512,development,5829-NVSQN
2513,development,9565-AXSMR
2514,development,8922-LIEGH
2515,development,8869-LIHMK
2516,development,8245-UMPYT
2517,development,5186-SAMNZ
2518,development,0447-RXSGD
2519,development,4927-WWOOZ
2520,development,5788-YPOEG
2521,development,5373-SFODM
2522,reserved_test,0661-KBKPA
2523,development,9081-WWXKP
2524,development,0784-ZQJZX
2525,development,3133-PZNSR
2526,development,5766-ZJYBB
2527,development,8931-GJJIQ
2528,development,4277-PVRAN
2529,development,0022-TCJCI
2530,development,0722-SVSFK
2531,development,3612-YVGSJ
2532,development,9825-YCXWZ
2533,development,5397-NSKQG
2534,reserved_test,8565-HBFNN
2535,reserved_test,2000-DHJUY
2536,reserved_test,0203-HHYIJ
2537,development,8670-ERCJH
2538,development,7758-UJWYS
2539,development,2050-ONYDQ
2540,development,7055-JCGNI
2541,development,0739-UUAJR
2542,development,4826-DXMUP
2543,development,0952-KMEEH
2544,development,7285-KLOTR
2545,development,0654-PQKDW
2546,development,7175-NTIXE
2547,development,7963-SHNDT
2548,development,9796-BPKIW
2549,development,0188-GWFLE
2550,development,8129-GMVGI
2551,development,2882-DDZPG
2552,development,3547-LQRIK
2553,development,9137-NOQKA
2554,development,5843-TTHGI
2555,development,1849-RJYIG
2556,development,8868-GAGIO
2557,development,4061-UKJWL
2558,development,5380-XPJNZ
2559,reserved_test,8263-QMNTJ
2560,reserved_test,8178-EYZUO
2561,development,3230-JCNZS
2562,development,0277-ORXQS
2563,development,5130-IEKQT
2564,development,3230-WYKIR
2565,development,7996-BPXHY
2566,development,3227-WLKLI
2567,reserved_test,0407-BDJKB
2568,reserved_test,2266-FUBDZ
2569,reserved_test,8237-ULIXL
2570,development,9600-UDOPK
2571,development,8216-AZUUZ
2572,development,9153-BTBVV
2573,reserved_test,4074-SJFFA
2574,reserved_test,3269-ATYWD
2575,reserved_test,5186-PEIZU
2576,reserved_test,1074-AMIOH
2577,development,4910-GMJOT
2578,development,0354-WYROK
2579,development,4361-FEBGN
2580,development,7748-UMTRK
2581,development,0380-ZCSBI
2582,development,7145-FEJWU
2583,development,6463-MVYRY
2584,reserved_test,3969-JQABI
2585,development,9624-EGDEQ
2586,development,1051-EQPZR
2587,development,5849-ASHZJ
2588,development,5780-INQIK
2589,development,7576-OYWBN
2590,development,4526-ZJJTM
2591,development,8384-FZBJK
2592,development,3750-RNQKR
2593,development,0962-CQPWQ
2594,development,3096-YXENJ
2595,development,1265-BCFEO
2596,development,5837-LXSDN
2597,development,5945-AZYHT
2598,development,8325-QRPZR
2599,reserved_test,6384-VMJHP
2600,reserved_test,2262-SLNVK
2601,development,7730-CLDSV
2602,development,1135-HIORI
2603,development,0164-APGRB
2604,development,6481-ESCNL
2605,development,1790-NESIO
2606,development,1550-EENBN
2607,development,5539-TMZLF
2608,development,4323-SADQS
2609,development,4446-BZKHU
2610,development,5202-IVJNU
2611,development,5976-JCJRH
2612,development,8198-RKSZG
2613,development,0137-OCGAB
2614,development,3351-NQLDI
2615,development,9297-EONCV
2616,development,7593-JNWRU
2617,reserved_test,4588-YBNIB
2618,development,1069-QJOEE
2619,reserved_test,3336-JORSO
2620,development,7799-DSEWS
2621,development,8766-PAFNE
2622,development,5315-CKEQK
2623,development,3130-ICDUP
2624,reserved_test,0820-FNRNX
2625,reserved_test,0880-FVFWF
2626,reserved_test,4611-ANLQC
2627,development,4213-HKBJO
2628,reserved_test,2792-LSHWX
2629,reserved_test,5028-GZLDO
2630,development,0014-BMAQU
2631,development,6861-XWTWQ
2632,development,9018-PCIOK
2633,development,4837-QUSFT
2634,development,6877-TJMBR
2635,development,9953-ZMKSM
2636,development,0907-HQNTS
2637,development,7665-NKLAV
2638,development,6769-DCQLI
2639,reserved_test,2433-KMEAS
2640,development,4391-LNRXK
2641,development,8250-ZNGGW
2642,development,2195-ZRVAX
2643,development,3550-SAHFP
2644,development,2011-TRQYE
2645,development,8562-GHPPI
2646,development,5893-PYOLZ
2647,development,4986-MXSFP
2648,reserved_test,6131-FOYAS
2649,development,3027-YNWZU
2650,development,5609-IMCGG
2651,development,4873-ILOLJ
2652,development,4727-MCYZG
2653,development,9481-WHGWY
2654,development,2725-KXXWT
2655,development,9565-DJPIB
2656,development,4328-VUFWD
2657,reserved_test,3301-LSLWQ
2658,development,7473-ZBDSN
2659,development,3166-PNEOF
2660,reserved_test,5639-NTUPK
2661,reserved_test,8780-YRMTT
2662,development,8348-HFYIV
2663,development,5140-FOMCQ
2664,development,6242-SGYTS
2665,development,8166-ORCHU
2666,development,8414-OOEEL
2667,reserved_test,8454-AATJP
2668,development,6849-WLEYG
2669,development,4659-NZRUF
2670,development,4531-AUZNK
2671,development,4191-XOVOM
2672,development,2150-OEGBV
2673,development,8429-XIBUM
2674,development,1855-CFULU
2675,development,4878-BUNFV
2676,development,1872-EBWSC
2677,reserved_test,2608-BHKFN
2678,development,7026-YMSBE
2679,development,7341-LXCAF
2680,reserved_test,6997-UVGOX
2681,development,9674-EHPPG
2682,development,9462-MJUAW
2683,development,8128-YVJRG
2684,development,5440-VHLUL
2685,development,5781-BKHOP
2686,development,4283-FUTGF
2687,development,5213-TWWJU
2688,development,1569-TTNYJ
2689,development,8628-MFKAX
2690,development,2397-BRLOM
2691,development,7629-WIXZF
2692,development,5445-GLVOT
2693,development,3976-HXHCE
2694,reserved_test,2466-NEJOJ
2695,development,0254-KCJGT
2696,development,5472-CVMDX
2697,development,6461-SZMCV
2698,development,8150-QUDFX
2699,development,9508-ILZDG
2700,development,2346-DJQTB
2701,development,1697-LYYYX
2702,development,1942-OQFRW
2703,development,4749-VFKVB
2704,development,9640-ZSLDC
2705,reserved_test,4231-LZUYM
2706,development,7598-UAASY
2707,development,7938-OUHIO
2708,development,8510-AWCXC
2709,reserved_test,6128-AQBMT
2710,development,3594-BDSOA
2711,reserved_test,0431-APWVY
2712,development,5133-VRSAB
2713,development,5996-DAOQL
2714,development,6838-YAUVY
2715,development,0484-JPBRU
2716,development,7883-ROJOC
2717,development,0244-LGNFY
2718,reserved_test,7274-CGTOD
2719,development,4295-YURET
2720,development,3426-NIYYL
2721,reserved_test,8225-BTJAU
2722,development,4635-EJYPD
2723,development,1866-ZSLJM
2724,reserved_test,4636-TVXVG
2725,development,4236-UJPWO
2726,development,9392-XBGTD
2727,development,3387-VATUS
2728,reserved_test,6402-SSEJG
2729,development,1143-NMNQJ
2730,development,1169-SAOCL
2731,development,1110-KYLGQ
2732,development,9929-PLVPA
2733,reserved_test,3518-PZXZQ
2734,development,2371-JUNGC
2735,development,7693-QPEFS
2736,development,0924-BJCRC
2737,development,5074-FBGHB
2738,development,2351-BKRZW
2739,development,4455-BFSPD
2740,development,0415-MOSGF
2741,development,1724-BQUHA
2742,reserved_test,3948-KXDUF
2743,development,2323-ARSVR
2744,reserved_test,0815-MFZGM
2745,development,4826-XTSOH
2746,development,5480-XTFFL
2747,development,8295-FHIVV
2748,reserved_test,2495-INZWQ
2749,development,9086-YJYXS
2750,development,1179-INLAT
2751,reserved_test,7909-FIOIY
2752,reserved_test,4139-SUGLD
2753,reserved_test,6857-VWJDT
2754,reserved_test,6351-SCJKT
2755,reserved_test,5468-BPMMO
2756,development,5624-BQSSA
2757,development,0197-PNKNK
2758,development,2439-QKJUL
2759,development,1194-SPVSP
2760,development,9534-NSXEM
2761,development,2408-WITXK
2762,development,8929-KSWIH
2763,development,2250-IVBWA
2764,development,1810-MVMAI
2765,development,9506-UXUSK
2766,development,1229-RCALF
2767,development,3572-UOLYZ
2768,reserved_test,1429-UYJSV
2769,development,5577-OTWWW
2770,development,6100-QQHEB
2771,development,6366-XIVKZ
2772,development,3470-OBUET
2773,reserved_test,2770-NSVDG
2774,development,9375-MHRRS
2775,development,2634-HCZGT
2776,development,7503-QQRVF
2777,development,4860-YZGZM
2778,development,6599-GZWCM
2779,development,2691-NZETQ
2780,reserved_test,4404-HIBDJ
2781,development,5533-NHFRF
2782,development,7037-MTYVW
2783,reserved_test,4760-THGOT
2784,development,7295-JOMMD
2785,development,4016-BJKTZ
2786,development,6584-VQMYT
2787,development,9838-BFCQT
2788,development,2790-XUYMV
2789,development,0581-MDMPW
2790,development,5013-SBUIH
2791,development,1023-BQXZE
2792,development,9163-GHAYE
2793,development,3904-UKFRE
2794,reserved_test,5353-WILCI
2795,development,0709-TVGUR
2796,reserved_test,0058-EVZWM
2797,development,6023-YEBUP
2798,development,7209-JCUDS
2799,development,7009-PCARS
2800,development,0519-DRGTI
2801,reserved_test,1017-FBQMM
2802,development,3001-CBHLQ
2803,reserved_test,1985-MBRYP
2804,reserved_test,6158-DWPZT
2805,development,9372-TXXPS
2806,development,3259-QMXUN
2807,development,1015-JPFYW
2808,development,6645-MXQJT
2809,development,4360-QRAVE
2810,development,8433-WPJTV
2811,development,5804-JMYIO
2812,development,3763-GCZHZ
2813,development,6484-LATFU
2814,reserved_test,7599-NTMDP
2815,reserved_test,0772-GYEQQ
2816,development,0536-ACXIP
2817,development,0936-NQLJU
2818,development,4831-EOBFE
2819,reserved_test,1575-KRZZE
2820,development,3251-YMVWZ
2821,development,4102-OQUPX
2822,development,9170-GYZJC
2823,development,4884-LEVMQ
2824,development,8857-CUPFQ
2825,development,7610-TVOPG
2826,development,3638-DIMPH
2827,reserved_test,1845-ZLLIG
2828,development,8559-WNQZS
2829,reserved_test,3999-QGRJH
2830,development,1699-UOTXU
2831,development,2454-RPBRZ
2832,development,0635-WKOLD
2833,reserved_test,5993-JSUWV
2834,development,4518-FZBSX
2835,development,5387-ASZNZ
2836,development,6988-CJEYV
2837,development,2002-MZHWP
2838,development,3097-FQTVJ
2839,development,5465-BUBFA
2840,development,7299-GNVPL
2841,reserved_test,9743-DQKQW
2842,development,1215-VFYVK
2843,reserved_test,9371-BITHB
2844,development,2265-CYWIV
2845,development,9093-FPDLG
2846,development,0541-FITGH
2847,development,6985-HAYWX
2848,reserved_test,7508-KBIMB
2849,development,6838-HVLXG
2850,development,2277-DJJDL
2851,reserved_test,1897-OKVMW
2852,development,5485-ITNPC
2853,development,0233-FTHAV
2854,development,4644-PIZRT
2855,development,8922-NPKBJ
2856,development,2740-TVLFN
2857,development,7771-CFQRQ
2858,reserved_test,9512-PHSMG
2859,development,6963-EZQEE
2860,development,2452-KDRRH
2861,development,2004-OCQXK
2862,development,5027-QPKTE
2863,development,4146-SVFUD
2864,reserved_test,1564-HJUVY
2865,development,3617-XLSGQ
2866,development,7517-LDMPS
2867,development,7244-KXYZN
2868,development,5226-NOZFC
2869,development,2672-HUYVI
2870,development,1400-WIVLL
2871,development,7508-MYBOG
2872,development,8148-NLEGT
2873,development,0148-DCDOS
2874,development,8347-GDTMP
2875,development,9992-RRAMN
2876,development,6746-WAUWT
2877,development,0310-MVLET
2878,development,0428-IKYCP
2879,development,4550-VBOFE
2880,development,2187-PKZAY
2881,development,4003-OCTMP
2882,development,6652-YFFJO
2883,development,7225-IILWY
2884,development,5248-RPYWW
2885,development,7923-IYJWY
2886,reserved_test,3170-GWYKC
2887,development,5696-QURRL
2888,development,7409-KIUTL
2889,development,9830-ECLEN
2890,reserved_test,1732-VHUBQ
2891,reserved_test,0495-RVCBF
2892,reserved_test,2668-TZSPS
2893,development,7854-EDSSA
2894,reserved_test,8869-TORSS
2895,development,7446-SFAOA
2896,development,9522-ZSINC
2897,development,8234-GSZYK
2898,development,6505-OZNPG
2899,development,6164-HAQTX
2900,development,0679-IDSTG
2901,development,7765-LWVVH
2902,reserved_test,1658-TJVOA
2903,reserved_test,0953-LGOVU
2904,development,2115-BFTIW
2905,development,4692-NNQRU
2906,reserved_test,7742-MYPGI
2907,reserved_test,0611-DFXKO
2908,development,7780-OTDSO
2909,reserved_test,9619-GSATL
2910,development,5622-UEJFI
2911,reserved_test,9747-DDZOS
2912,development,0674-DGMAQ
2913,development,6203-HBZPA
2914,development,0484-FFVBJ
2915,development,0301-FIDRB
2916,development,4139-JPIAM
2917,development,2181-TIDSV
2918,development,2761-XECQW
2919,development,1936-CZAKF
2920,reserved_test,9453-PATOS
2921,reserved_test,0564-JJHGS
2922,development,3348-CFRNX
2923,development,4402-FTBXC
2924,reserved_test,1428-GTBJJ
2925,development,2931-XIQBR
2926,reserved_test,0106-UGRDO
2927,development,5542-TBBWB
2928,development,1930-QPBVZ
2929,development,2606-PKWJB
2930,development,5322-ZSMZY
2931,development,8059-UDZFY
2932,development,7740-BTPUX
2933,development,5220-AGAAX
2934,reserved_test,0208-BPQEJ
2935,reserved_test,9435-JMLSX
2936,development,3352-ALMCK
2937,development,5312-IRCFR
2938,development,5294-IMHHT
2939,development,8802-UNOJF
2940,reserved_test,6313-GIDIT
2941,development,6176-YJWAS
2942,development,5310-NOOVA
2943,development,4526-EXKKN
2944,reserved_test,5311-IHLEI
2945,development,3987-KQDDU
2946,development,3404-JNXAX
2947,development,5131-PONJI
2948,development,2845-AFFTX
2949,development,3489-VSFRD
2950,development,3345-JHUEO
2951,development,5815-HGGHV
2952,development,5260-UMPWX
2953,development,2249-YPRNG
2954,development,7410-YTJIK
2955,development,4626-GYCZP
2956,development,5649-RXQTV
2957,development,2674-MIAHT
2958,reserved_test,2576-HXMPA
2959,development,7587-AOVVU
2960,development,5590-BYNII
2961,development,6898-MDLZW
2962,reserved_test,3237-AJGEH
2963,development,4707-YNOQA
2964,development,9357-UJRUN
2965,reserved_test,1591-NFNLQ
2966,development,8648-PFRMP
2967,reserved_test,7663-CUXZB
2968,development,0258-NOKBL
2969,development,1163-VIPRI
2970,reserved_test,2815-CPTUL
2971,development,9348-ROUAI
2972,reserved_test,9443-JUBUO
2973,reserved_test,0596-BQCEQ
2974,development,1481-ZUWZA
2975,development,3043-TYBNO
2976,development,4830-FAXFM
2977,development,5906-BFOZT
2978,development,2960-NKRSO
2979,development,8996-ZROXE
2980,development,5598-IKHQQ
2981,development,0397-ZXWQF
2982,reserved_test,5266-PFRQK
2983,development,4674-HGNUA
2984,development,6765-MBQNU
2985,development,9786-IJYDL
2986,development,1303-SRDOK
2987,reserved_test,3769-MHZNV
2988,development,6295-OSINB
2989,development,3308-MHOOC
2990,development,2309-OSFEU
2991,development,2207-QPJED
2992,development,4177-JPDFU
2993,development,2239-CFOUJ
2994,development,8046-DNVTL
2995,development,2209-XADXF
2996,development,6620-JDYNW
2997,development,1891-FZYSA
2998,development,4770-UEZOX
2999,development,1038-RQOST
3000,development,7613-LLQFO
3001,reserved_test,4568-TTZRT
3002,reserved_test,9513-DXHDA
3003,development,2640-PMGFL
3004,development,3801-HMYNL
3005,development,0516-QREYC
3006,development,9685-WKZGT
3007,development,6022-UGGSO
3008,reserved_test,8084-OIVBS
3009,development,8896-BQTTI
3010,development,3865-QBWSJ
3011,development,3352-RICWQ
3012,development,2160-GPFXD
3013,reserved_test,2065-MMKGR
3014,development,5857-TYBCJ
3015,development,1498-NHTLT
3016,reserved_test,4484-CGXFK
3017,reserved_test,1402-PTHGN
3018,reserved_test,4176-RELJR
3019,development,6214-EDAKZ
3020,development,5199-FPUSP
3021,development,6377-KSLXC
3022,development,1796-JANOW
3023,development,0238-WHBIQ
3024,development,8735-NBLWT
3025,reserved_test,6651-RLGGM
3026,development,6127-ISGTU
3027,development,1614-JBEBI
3028,development,8740-XLHDR
3029,development,1208-DNHLN
3030,development,1761-AEZZR
3031,development,3923-CSIHK
3032,development,5696-EXCYS
3033,development,5795-KTGUD
3034,development,7120-RFMVS
3035,development,7924-GJZFI
3036,development,4702-HDRKD
3037,reserved_test,8512-WIWYV
3038,development,5897-ZYEKH
3039,reserved_test,5456-ITGIC
3040,development,7317-GGVPB
3041,development,1406-PUQVY
3042,development,1322-AGOQM
3043,development,3677-IYRBF
3044,development,5692-FPTAH
3045,development,9114-AAFQH
3046,reserved_test,8715-KKTFG
3047,development,1550-LOAHA
3048,development,1728-BQDMA
3049,reserved_test,0268-QKIWO
3050,development,0876-WDUUZ
3051,reserved_test,5117-ZSMHQ
3052,reserved_test,5151-HQRDG
3053,development,0960-HUWBM
3054,development,6465-GSRCL
3055,development,0617-FHSGK
3056,development,0263-FJTQO
3057,development,7319-ZNRTR
3058,development,2858-MOFSQ
3059,development,7503-EPSZW
3060,development,7089-XXAYG
3061,reserved_test,8118-LSUEL
3062,development,8070-AAWZP
3063,development,1666-JXLKU
3064,development,7855-DIWPO
3065,development,5133-POWUA
3066,development,5652-MSDEY
3067,development,7005-CCBKV
3068,development,1810-BOHSY
3069,development,1784-BXEFA
3070,development,7351-MHQVU
3071,development,9224-VTYID
3072,development,9500-IWPXQ
3073,development,5762-TJXGK
3074,reserved_test,4504-YOULA
3075,development,5569-IDSEY
3076,development,4250-FDVOU
3077,reserved_test,7284-ZZLOH
3078,development,5277-ZLOOR
3079,development,2141-RRYGO
3080,development,1777-JYQPJ
3081,development,6376-GAHQE
3082,development,3401-URHDA
3083,development,1599-EAHXY
3084,development,8631-XVRZL
3085,development,5052-PNLOS
3086,development,3853-LYGAM
3087,reserved_test,6979-ZNSFF
3088,development,5751-USDBL
3089,development,5680-LQOGP
3090,reserved_test,2386-LAHRK
3091,development,8189-DUKMV
3092,development,6032-IGALN
3093,development,9931-DCEZH
3094,reserved_test,1898-JSNDC
3095,reserved_test,0315-LVCRK
3096,development,3911-RSNHI
3097,development,2410-CIYFZ
3098,development,4248-HCETZ
3099,reserved_test,5505-OVWQW
3100,development,7271-AJDTL
3101,reserved_test,1867-TJHTS
3102,development,0516-WJVXC
3103,development,9174-FKWZE
3104,development,6860-YRJZP
3105,development,4429-WYGFR
3106,development,2817-LVCPP
3107,development,5038-ETMLM
3108,development,5056-FIMPT
3109,development,4521-WFJAI
3110,development,6569-KTMDU
3111,development,8809-RIHDD
3112,development,8809-XKHMD
3113,development,0396-YCHWO
3114,reserved_test,0867-LDTTC
3115,development,4822-NGOCH
3116,reserved_test,9391-DXGGG
3117,development,9844-FELAJ
3118,development,2122-SZZZD
3119,development,5307-DZCVC
3120,development,3148-AOIQT
3121,development,8679-JOEVF
3122,development,8395-ETZKQ
3123,development,6692-YQHXC
3124,development,3889-VWBID
3125,development,5222-JCXZT
3126,reserved_test,9754-CLVZW
3127,development,1432-FPAXX
3128,development,2739-CCZMB
3129,development,7080-TNUWP
3130,development,0496-AHOOK
3131,development,8336-TAVKX
3132,development,2468-SJFLM
3133,reserved_test,3181-VTHOE
3134,development,7168-HDQHG
3135,reserved_test,4803-AXVYP
3136,reserved_test,3884-HCSWG
3137,reserved_test,4567-AKPIA
3138,development,5077-DXTCG
3139,development,1142-WACZW
3140,development,7901-HXJVA
3141,development,5649-ANRML
3142,development,4892-VLANZ
3143,development,5924-IFQTT
3144,development,7968-QUXNS
3145,development,2919-HBCJO
3146,development,4236-XPXAV
3147,development,8903-WMRNW
3148,development,2452-SNHFZ
3149,development,3629-WEAAM
3150,development,6029-CSMJE
3151,development,7993-NQLJE
3152,development,9909-DFRJA
3153,development,9099-FTUHS
3154,development,0581-BXBUB
3155,reserved_test,4962-CHQPW
3156,development,9467-ROOLM
3157,development,3030-YZADT
3158,development,7410-KTVFV
3159,development,5150-ITWWB
3160,development,2253-KPMNB
3161,development,1345-ZUKID
3162,development,6429-SHBCB
3163,reserved_test,9281-OFDMF
3164,development,2603-HVKCG
3165,development,1834-WULEG
3166,reserved_test,9097-ZUBYC
3167,development,5148-ORICT
3168,development,4893-GYUJU
3169,development,4578-PHJYZ
3170,development,7272-QDCKA
3171,reserved_test,8908-SLFCJ
3172,development,8393-DLHGA
3173,reserved_test,9766-HGEDE
3174,reserved_test,6968-MHOMU
3175,development,7395-IGJOS
3176,development,5044-XDPYX
3177,development,1814-WFGVS
3178,development,2834-SPCJV
3179,reserved_test,3721-WKIIL
3180,reserved_test,6734-CKRSM
3181,development,1265-ZFOSD
3182,development,6568-POCUI
3183,reserved_test,7890-VYYWG
3184,reserved_test,5197-LQXXH
3185,reserved_test,9907-SWKKF
3186,development,3457-PQBYH
3187,development,7682-AZNDK
3188,reserved_test,0587-DMGBH
3189,reserved_test,5384-ZTTWP
3190,development,3745-HRPHI
3191,development,7636-OWBPG
3192,development,1231-YNDEK
3193,development,1407-DIGZV
3194,development,6397-JNZZG
3195,development,0570-BFQHT
3196,development,4393-OBCRR
3197,reserved_test,3523-QRQLL
3198,development,8564-LDKFL
3199,development,3696-DFHHB
3200,development,0895-DQHEW
3201,development,4717-GHADL
3202,development,5501-TVMGM
3203,development,5879-HMFFH
3204,development,6772-WFQRD
3205,development,3810-DVDQQ
3206,development,6972-SNKKW
3207,development,3694-GLTJM
3208,reserved_test,8550-XSXUQ
3209,development,8149-RSOUN
3210,reserved_test,9055-MOJJJ
3211,development,4359-INNWN
3212,development,0585-EGDDA
3213,development,4032-RMHCI
3214,reserved_test,0549-CYCQN
3215,development,3481-JHUZH
3216,development,7250-EQKIY
3217,development,3594-IVHJZ
3218,development,6869-FGJJC
3219,development,3896-ZVNET
3220,development,8205-VSLRB
3221,development,5960-MVTUK
3222,development,6817-WTYHE
3223,development,3082-VQXNH
3224,development,4013-UBXWQ
3225,development,4931-TRZWN
3226,development,0750-EKNGL
3227,reserved_test,7669-LCRSD
3228,development,3567-PQTSO
3229,development,5519-NPHVG
3230,development,8043-PNYSD
3231,development,9938-EKRGF
3232,development,2703-AMTUL
3233,development,0928-JMXNP
3234,development,8173-RXAYP
3235,development,4825-XJGDM
3236,development,5402-HTOTQ
3237,reserved_test,6734-JDTTV
3238,development,7850-THJMU
3239,development,3890-RTCMS
3240,development,8849-GYOKR
3241,reserved_test,3148-BLQJT
3242,reserved_test,3717-FDJFU
3243,development,3665-JATSN
3244,development,7966-YOTQW
3245,reserved_test,0461-CVKMU
3246,reserved_test,8806-EAGWC
3247,reserved_test,8853-TZDGH
3248,reserved_test,7779-LGOVN
3249,development,4324-BZCKL
3250,development,6924-TDGMT
3251,development,9710-ZUSHQ
3252,development,1536-YHDOE
3253,development,8123-QBNAZ
3254,development,3629-ZNKXA
3255,development,4827-LTQRJ
3256,development,7711-YIJWC
3257,development,5482-VXSXJ
3258,development,7365-BVCJH
3259,development,9620-ENEJV
3260,reserved_test,4183-WCSEP
3261,development,2378-YIZKA
3262,reserved_test,5498-TXHLF
3263,development,0689-DSXGL
3264,reserved_test,6818-DJXAA
3265,development,9722-UJOJR
3266,reserved_test,0464-WJTKO
3267,development,8902-ZEOVF
3268,reserved_test,6778-EICRF
3269,reserved_test,2662-NNTDK
3270,development,4132-KALRO
3271,development,3902-FOIGH
3272,development,6772-KSATR
3273,development,7112-OPOTK
3274,reserved_test,2874-YXVVA
3275,development,1245-HARPS
3276,development,4210-QFJMF
3277,reserved_test,4323-ELYYB
3278,development,4293-ETKAP
3279,reserved_test,6064-PUPMC
3280,development,6504-VBLFL
3281,development,6322-PJJDJ
3282,development,0330-BGYZE
3283,development,1085-LDWAM
3284,development,7586-ZATGZ
3285,development,7197-VOJMM
3286,reserved_test,3318-OSATS
3287,development,5828-AVIPD
3288,development,1843-TLSGD
3289,development,9626-VFRGG
3290,development,7075-BNDVQ
3291,development,9143-CANJF
3292,reserved_test,7284-BUYEC
3293,development,2041-JIJCI
3294,development,1086-LXKFY
3295,reserved_test,4900-MSOMT
3296,development,2229-VWQJH
3297,development,9194-GFVOI
3298,development,1336-EZFZY
3299,development,4282-MSACW
3300,development,1403-LKLIK
3301,development,2636-ALXXZ
3302,development,7774-OJSXI
3303,development,7786-WBJYI
3304,development,0136-IFMYD
3305,reserved_test,5144-TVGLP
3306,development,9643-AVVWI
3307,development,0253-ZTEOB
3308,development,2706-QZIHY
3309,development,6061-PQHMK
3310,reserved_test,9885-CSMWE
3311,development,6137-MFAJN
3312,reserved_test,9122-UMROB
3313,development,4232-JGKIY
3314,reserved_test,2402-TAIRZ
3315,development,9659-ZTWSM
3316,development,9139-TWBAS
3317,development,6685-GBWJZ
3318,reserved_test,5016-ETTFF
3319,reserved_test,3866-MDTUB
3320,development,2195-VVRJF
3321,reserved_test,3913-RDSJZ
3322,development,8058-JMEQO
3323,reserved_test,4203-QGNZA
3324,development,5043-TRZWM
3325,development,0697-ZMSWS
3326,development,7657-DYEPJ
3327,development,9494-BDNNC
3328,development,1640-PLFMP
3329,development,5366-OBVMR
3330,development,8276-MQBYC
3331,development,7644-OMVMY
3332,development,7593-XFKDI
3333,development,4573-JKNAE
3334,development,0337-CNPZE
3335,development,9817-APLHW
3336,development,8380-MQINP
3337,development,0840-DFEZH
3338,development,1513-XNPPH
3339,development,8690-ZVLCL
3340,development,6015-VVHHE
3341,reserved_test,1125-SNVCK
3342,development,0384-LPITE
3343,reserved_test,4616-EWBNJ
3344,reserved_test,6347-DCUIK
3345,development,1335-HQMKX
3346,development,2545-EBUPK
3347,reserved_test,6923-AQONU
3348,reserved_test,2172-EJXVF
3349,development,0897-FEGMU
3350,development,7663-RGWBC
3351,reserved_test,1120-BMWUB
3352,development,9124-LHCJQ
3353,development,4536-PLEQY
3354,reserved_test,7029-IJEJK
3355,development,8871-JLMHM
3356,development,2235-ZGKPT
3357,development,3891-PUQOD
3358,reserved_test,5447-VYTKW
3359,development,3623-FQBOX
3360,development,0689-NKYLF
3361,development,8659-HDIYE
3362,development,3658-KIBGF
3363,development,3474-BAFSJ
3364,development,5519-YLDGW
3365,reserved_test,3865-ZFZIB
3366,development,1855-AGAWH
3367,development,7109-CQYUZ
3368,development,1370-GGAWX
3369,development,4680-KUTAJ
3370,development,5307-UVGNB
3371,development,4946-EDSEW
3372,reserved_test,2883-ILGWO
3373,development,2516-VQRRV
3374,reserved_test,7580-UGXNC
3375,development,3642-BYHDO
3376,reserved_test,9629-NHXFW
3377,reserved_test,2696-RZVZW
3378,development,5766-FTRTS
3379,reserved_test,0396-HUJBP
3380,reserved_test,5178-LMXOP
3381,development,8879-ZKJOF
3382,development,6285-FTQBF
3383,development,8185-UPYBR
3384,reserved_test,4585-HETAI
3385,reserved_test,7526-BEZQB
3386,reserved_test,1474-JUWSM
3387,development,3530-CRZSB
3388,development,8498-XXGWA
3389,development,9617-INGJY
3390,development,0621-TSSMU
3391,development,7234-KMNRQ
3392,reserved_test,7636-PEPNS
3393,development,4683-WYDOU
3394,development,9052-DHNKM
3395,development,6794-HKIAJ
3396,reserved_test,5578-NKCXI
3397,development,1642-HMARX
3398,reserved_test,3096-WPXBT
3399,development,8434-PNQZX
3400,development,5950-AAAGJ
3401,reserved_test,4299-OPXEJ
3402,development,4951-UKAAQ
3403,reserved_test,9618-LFJRU
3404,development,6693-DJWTY
3405,reserved_test,0744-GKNGE
3406,development,6447-EGDIV
3407,development,1167-OYZJF
3408,development,2108-YKQTY
3409,reserved_test,4806-DXQCE
3410,development,4918-QLLIW
3411,development,7056-IMHCC
3412,development,4854-SSLTN
3413,development,5294-DMSFH
3414,development,4837-PZTIC
3415,development,1625-JAIIY
3416,reserved_test,0603-OLQDC
3417,development,3272-VUHPV
3418,development,4176-FXYBO
3419,development,1063-DHQJF
3420,development,8663-UPDGF
3421,development,6719-FGEDO
3422,development,1837-YQUCE
3423,reserved_test,2947-DOMLJ
3424,reserved_test,4112-LUEIZ
3425,development,0369-ZGOVK
3426,development,4510-HIMLV
3427,development,9919-KNPOO
3428,development,8749-JMNKX
3429,development,7872-BAAZR
3430,reserved_test,9391-LMANN
3431,development,2430-USGXP
3432,development,8174-TBVCF
3433,development,1698-XFZCI
3434,development,1877-HKBQX
3435,reserved_test,4450-DLLMH
3436,reserved_test,0428-AXXLJ
3437,development,2746-DIJLO
3438,development,5955-ERIHD
3439,development,0917-EZOLA
3440,development,3508-VLHCZ
3441,development,4086-ATNFV
3442,development,0468-YRPXN
3443,development,5996-NRVXR
3444,development,3739-YBWAB
3445,development,7047-FWEYA
3446,development,2000-MPKCA
3447,development,9762-YAQAA
3448,development,5949-EBSQK
3449,development,5473-KHBPS
3450,development,0100-DUVFC
3451,development,5397-TUPSH
3452,development,8950-MTZNV
3453,development,0326-VDYXE
3454,development,6773-LQTVT
3455,reserved_test,7274-RTAPZ
3456,development,0436-TWFFZ
3457,development,8566-YPRGL
3458,development,0311-UNPFF
3459,development,6609-MXJHJ
3460,development,2669-OIDSD
3461,development,8400-WZICQ
3462,development,3834-XUIFC
3463,development,9576-SYUHJ
3464,development,0410-IPFTY
3465,development,2831-EBWRN
3466,development,9430-NKQLY
3467,development,8414-MYSHR
3468,reserved_test,0247-SLUJI
3469,development,9402-ORRAH
3470,development,6483-OATDN
3471,development,1293-HHSHJ
3472,development,4840-ORQXB
3473,development,7599-FKVXZ
3474,development,3982-DQLUS
3475,development,8610-ZIKJJ
3476,development,3756-VNWDH
3477,development,7801-KICAO
3478,development,7673-LPRNY
3479,development,8229-TNIQA
3480,reserved_test,6060-QBMGV
3481,reserved_test,7339-POGZN
3482,development,2828-SLQPF
3483,development,4465-VDKIQ
3484,development,2921-XWDJH
3485,development,6221-AVQYL
3486,development,2558-BUOZZ
3487,development,9257-AZMTZ
3488,development,0003-MKNFE
3489,development,0975-UYDTX
3490,development,7743-EXURX
3491,development,4682-BLBUC
3492,development,0975-VOOVL
3493,development,5968-VXZLG
3494,development,5569-KGJHX
3495,development,4988-IQIGL
3496,development,5201-FRKKS
3497,development,9799-CAYJJ
3498,development,7730-IUTDZ
3499,development,0426-TIRNE
3500,development,5443-SCMKX
3501,development,8295-KMENE
3502,reserved_test,6738-ISCBM
3503,development,9821-BESNZ
3504,development,3678-MNGZX
3505,reserved_test,1335-NTIUC
3506,development,2916-BQZLN
3507,development,4558-CGYCZ
3508,development,2368-GAKKQ
3509,development,8710-YGLWG
3510,development,3199-XGZCY
3511,reserved_test,3785-KTYSH
3512,reserved_test,6814-ZPWFQ
3513,development,4063-EIKNQ
3514,development,6993-YCOBK
3515,development,5206-HPJKM
3516,development,7587-RZNME
3517,development,0748-RDGGM
3518,development,8393-JMVMB
3519,development,5019-GQVCR
3520,development,6036-TTFYU
3521,development,2550-AEVRU
3522,development,0969-RGKCU
3523,development,0378-CJKPV
3524,development,4706-AXVKM
3525,development,5889-JTMUL
3526,development,9026-RNUJS
3527,development,3746-EUBYR
3528,reserved_test,2332-EFBJY
3529,development,2880-FPNAE
3530,development,1703-MGIAB
3531,development,4311-QTTAI
3532,reserved_test,9474-PHLYD
3533,development,4318-RAJVY
3534,development,2165-VOEGB
3535,development,3612-YUNGG
3536,reserved_test,2254-DLXRI
3537,development,5062-CJJKH
3538,development,9028-LIHRP
3539,development,2219-MVUSO
3540,reserved_test,1053-MXTTK
3541,development,1530-ZTDOZ
3542,development,1301-LOPVR
3543,development,0853-TWRVK
3544,development,8914-RBTSB
3545,development,6212-ATMLK
3546,development,8200-LGKSR
3547,development,1568-BEKZM
3548,reserved_test,0670-ANMUU
3549,development,6897-RWMUB
3550,development,0963-ZBDRN
3551,development,7594-RQHXR
3552,development,6999-CHVCF
3553,development,6134-KWTBV
3554,development,1077-HUUJM
3555,development,6331-EWIEB
3556,development,0895-LNKRC
3557,reserved_test,2045-BMBTJ
3558,reserved_test,8417-GSODA
3559,development,5171-EPLKN
3560,development,4452-QIIEB
3561,development,5998-VVEJY
3562,development,1624-NALOJ
3563,development,6741-EGCBI
3564,development,7820-ZYGNY
3565,development,4317-VTEOA
3566,reserved_test,9677-AVKED
3567,reserved_test,1670-SVOWZ
3568,development,2227-JRSJX
3569,reserved_test,9847-HNVGP
3570,development,6696-YDAYZ
3571,development,8980-WQFWL
3572,development,1730-ZMAME
3573,development,6506-EYCNH
3574,development,4634-JLRJT
3575,development,9501-UKKNL
3576,development,2560-QTSBS
3577,development,7541-YLXCL
3578,development,4795-WRNVT
3579,reserved_test,6080-TCMYC
3580,development,0260-ZDLGK
3581,reserved_test,7860-UXCRM
3582,reserved_test,6357-JJPQT
3583,development,2292-XQWSV
3584,development,9552-TGUZV
3585,development,5913-INRQV
3586,development,8722-NGNBH
3587,development,6210-KBBPI
3588,development,9643-YBLUR
3589,development,8734-FNWVH
3590,development,9447-YPTBX
3591,development,0133-BMFZO
3592,development,6128-CZOMY
3593,development,9540-JYROE
3594,development,9026-LHEVG
3595,development,2260-USTRB
3596,development,3656-TKRVZ
3597,development,7011-CVEUC
3598,development,6185-TASNN
3599,reserved_test,7925-PNRGI
3600,development,8623-TMRBY
3601,development,1552-CZCLL
3602,reserved_test,3038-PQIUY
3603,development,1501-SGHBW
3604,development,9313-CDOGY
3605,reserved_test,8148-BPLZQ
3606,development,2623-DRYAM
3607,development,9987-LUTYD
3608,reserved_test,3208-YPIOE
3609,development,4488-KQFDT
3610,development,2612-RANWT
3611,development,5693-PIPCS
3612,reserved_test,0491-KAPQG
3613,reserved_test,1925-LFCZZ
3614,development,8039-EQPIM
3615,development,6900-PXRMS
3616,development,8707-RMEZH
3617,development,3346-BRMIS
3618,development,3209-ZPKFI
3619,development,6479-VDGRK
3620,development,9373-WSLOY
3621,development,2933-FILNV
3622,development,3569-JFODW
3623,development,9819-FBNSV
3624,development,9544-PYPSJ
3625,reserved_test,1591-XWLGB
3626,development,0396-UKGAI
3627,development,3243-ZHOHY
3628,development,5186-EJEGL
3629,development,7527-QNRUS
3630,development,9986-BONCE
3631,development,2722-JMONI
3632,development,2203-GHNWN
3633,development,3878-AVSOQ
3634,development,3258-SYSWS
3635,reserved_test,5296-PSYVW
3636,reserved_test,6319-QSUSR
3637,development,4083-EUGRJ
3638,development,7579-OOPEC
3639,development,0512-FLFDW
3640,development,1771-OADNZ
3641,development,0487-CRLZF
3642,development,2107-FBPTK
3643,development,9451-WLYRI
3644,development,8219-VYBVI
3645,development,1991-VOPLL
3646,development,9738-QLWTP
3647,development,1016-DJTSV
3648,development,9419-IPPBE
3649,reserved_test,0174-QRVVY
3650,development,5699-BNCAS
3651,reserved_test,2900-PHPLN
3652,development,0612-RTZZA
3653,development,8106-GWQOK
3654,reserved_test,8751-EDEKA
3655,development,6878-GGDWG
3656,reserved_test,4039-PIMHX
3657,development,8450-LUGUK
3658,development,3604-WLABM
3659,development,0795-GMVQO
3660,reserved_test,2259-OUUSZ
3661,development,1142-IHLOO
3662,development,6410-LEFEN
3663,development,4633-MKHYU
3664,development,6257-RJOHI
3665,development,1545-JFUML
3666,development,3194-ORPIK
3667,development,7826-VVKWT
3668,reserved_test,1353-GHZOS
3669,reserved_test,2587-EKXTS
3670,development,5442-BXVND
3671,development,8816-VXNZD
3672,development,9378-FXTIZ
3673,development,1723-HKXJQ
3674,development,7825-GKXMW
3675,development,9753-OYLBX
3676,development,2364-UFROM
3677,development,6656-JWRQX
3678,reserved_test,6473-ULUHT
3679,development,1240-KNSEZ
3680,development,0836-SEYLU
3681,development,4433-JCGCG
3682,development,3716-BDVDB
3683,development,7688-AWMDX
3684,development,2842-BCQGE
3685,reserved_test,7244-QWYHG
3686,reserved_test,5899-MQZZL
3687,development,6849-OYAMU
3688,development,5312-UXESG
3689,development,9488-HGMJH
3690,development,6038-GCYEC
3691,development,2150-WLKUW
3692,development,7159-FVYPK
3693,development,7032-LMBHI
3694,development,1150-WFARN
3695,development,6088-BXMRG
3696,development,3144-AUDBS
3697,reserved_test,4821-SJHJV
3698,development,7346-MEDWM
3699,reserved_test,1137-DGOWI
3700,development,5616-PRTNT
3701,development,3812-LRZIR
3702,development,4818-QIUFN
3703,development,9483-GCPWE
3704,development,4227-OJHAL
3705,development,9220-CXRSC
3706,development,4993-JCRGJ
3707,reserved_test,9537-JALFH
3708,development,6698-OXETB
3709,development,2103-ZRXFN
3710,reserved_test,3724-BSCVH
3711,development,4877-TSOFF
3712,development,9209-NWPGU
3713,development,6961-VCPMC
3714,reserved_test,7306-YDSOI
3715,development,5288-AHOUP
3716,reserved_test,6688-UZPWD
3717,development,0655-YDGFJ
3718,development,8468-EHYJA
3719,development,6823-SIDFQ
3720,development,1097-FSPVW
3721,development,2839-RFSQE
3722,development,8328-SKJNO
3723,development,7010-ZMVBF
3724,development,5201-CBWYG
3725,development,0968-GSIKN
3726,development,1965-DDBWU
3727,development,9057-SIHCH
3728,development,6352-GIGGQ
3729,development,3635-QQRQD
3730,development,6771-XWBDM
3731,reserved_test,2897-DOVND
3732,development,3082-YVEKW
3733,development,0191-EQUUH
3734,development,7134-HBPBS
3735,development,3489-HHPFY
3736,development,2926-JEJJC
3737,development,8601-QACRS
3738,development,4950-BDEUX
3739,development,5789-LDFXO
3740,development,0508-OOLTO
3741,development,2984-TBYKU
3742,development,9822-WMWVG
3743,development,2391-SOORI
3744,development,9040-KZVWO
3745,development,2645-QTLMB
3746,development,4806-HIPDW
3747,reserved_test,1548-ARAGG
3748,development,6339-RZCBJ
3749,development,4424-TKOPW
3750,reserved_test,4415-WNGVR
3751,reserved_test,2522-AHJXR
3752,development,0412-UCCNP
3753,development,1816-FLZDK
3754,reserved_test,7096-UCLNH
3755,development,8443-ZRDBZ
3756,development,9136-ALYBR
3757,development,4615-PIVVU
3758,development,8885-QSQBX
3759,development,7479-NITWS
3760,development,8617-ENBDS
3761,development,9385-NXKDA
3762,development,0430-IHCDJ
3763,development,2959-MJHIC
3764,development,6674-KVJHG
3765,development,1814-DKOLC
3766,development,4201-JMNGR
3767,development,9351-HXDMR
3768,development,3537-HPKQT
3769,reserved_test,2129-ALKBS
3770,development,5821-MMEIL
3771,development,5960-WPXQM
3772,reserved_test,0684-AOSIH
3773,development,8260-NGFNY
3774,development,1309-XGFSN
3775,development,1866-RZZQS
3776,reserved_test,6968-URWQU
3777,development,4742-TXUEX
3778,development,9631-XEYKE
3779,development,8631-NBHFZ
3780,development,1335-MXCSE
3781,development,8873-TMKGR
3782,development,8800-JOOCF
3783,development,1469-LBJQJ
3784,reserved_test,4958-XCBDQ
3785,development,8337-UPOAQ
3786,development,0064-YIJGF
3787,development,2386-OWURY
3788,development,1725-IQNIY
3789,development,0310-VQXAM
3790,reserved_test,6598-RFFVI
3791,development,3453-RTHJQ
3792,development,6712-OAWRH
3793,development,6278-FEPBZ
3794,development,4280-DLSHD
3795,development,1508-DFXCU
3796,development,8614-VGMMV
3797,development,7868-BGSZA
3798,reserved_test,2800-QQUSO
3799,reserved_test,2930-UOTMB
3800,development,7973-DZRKH
3801,development,5914-DVBWJ
3802,development,7698-YFGEZ
3803,development,2533-QVMSK
3804,development,9773-PEQBZ
3805,development,8644-XLFBW
3806,development,0650-BWOZN
3807,development,8625-AZYZY
3808,development,7785-RDVIG
3809,development,9602-WCXPI
3810,development,2903-YYTBW
3811,development,3620-MWJNE
3812,development,8573-JGCZW
3813,reserved_test,6837-HAEVO
3814,development,6701-YVNQG
3815,development,9306-CPCBC
3816,development,4304-XUMGI
3817,development,9504-YAZWB
3818,development,8819-ZBYNA
3819,reserved_test,6174-NRBTZ
3820,reserved_test,9481-IEBZY
3821,development,1833-VGRUM
3822,development,6137-NICCO
3823,development,9065-ZCPQX
3824,development,6402-EJMWF
3825,reserved_test,3620-EHIMZ
3826,development,3213-VVOLG
3827,reserved_test,6870-ECSHE
3828,reserved_test,8747-UDCOI
3829,development,8374-XGEJJ
3830,reserved_test,2656-TABEH
3831,development,6946-LMSQS
3832,reserved_test,4626-OZDTJ
3833,development,9169-BSVIN
3834,development,2325-ZUSFD
3835,development,8194-PEEBY
3836,reserved_test,6872-HXFNF
3837,development,3932-CMDTD
3838,development,7714-YXSMB
3839,development,8387-UGUSU
3840,development,1080-BWSYE
3841,development,4039-HEUNW
3842,reserved_test,1194-HVAIF
3843,reserved_test,0812-WUPTB
3844,reserved_test,3594-UVONA
3845,development,0004-TLHLJ
3846,development,1767-TGTKO
3847,development,8439-LTUGF
3848,development,8805-JNRAZ
3849,development,5089-IFSDP
3850,development,6418-HNFED
3851,development,0206-OYVOC
3852,development,7291-CDTMJ
3853,development,7128-GGCNO
3854,development,0237-YFUTL
3855,development,7691-KGKGP
3856,development,6710-HSJRD
3857,development,3675-EQOZA
3858,development,0840-DCNZE
3859,development,1732-FEKLD
3860,development,9862-KJTYK
3861,development,0479-HMSWA
3862,development,5854-KSRBJ
3863,development,0365-BZUWY
3864,development,4817-VYYWS
3865,development,5701-SVCWR
3866,development,3129-AAQOU
3867,development,4922-CVPDX
3868,development,1396-QWFBJ
3869,development,1357-BIJKI
3870,development,1099-BTKWT
3871,development,5299-SJCZT
3872,development,2018-PZKMU
3873,development,7340-KEFQE
3874,reserved_test,4570-QHXHL
3875,development,2403-BCASL
3876,reserved_test,7392-YYPYJ
3877,development,2898-LSJGD
3878,reserved_test,2223-GDSHL
3879,development,7359-PTSXY
3880,development,9470-RTWDV
3881,development,2176-OSJUV
3882,reserved_test,9348-YVOMK
3883,reserved_test,8104-OSKWT
3884,development,4521-YEEHE
3885,development,4090-KPJIP
3886,development,3786-WOVKF
3887,development,4503-BDXBD
3888,development,6086-ESGRL
3889,development,2592-HODOV
3890,development,3886-CERTZ
3891,development,7995-ZHHNZ
3892,development,3824-RHKVR
3893,development,5816-SCGFC
3894,development,5989-AXPUC
3895,development,4979-HPRFL
3896,reserved_test,8590-OHDIW
3897,reserved_test,8015-IHCGW
3898,development,2332-TODQS
3899,reserved_test,9278-VZKCD
3900,development,8008-OTEZX
3901,development,2773-OVBPK
3902,development,5999-LCXAO
3903,development,5206-XZZQI
3904,development,4803-LBYPN
3905,reserved_test,5759-RCVCB
3906,reserved_test,6372-RFVNS
3907,reserved_test,2139-FQHLM
3908,development,8261-GWDBQ
3909,development,1093-YSWCA
3910,reserved_test,8938-UMKPI
3911,development,0991-BRRFB
3912,development,3882-IYOIJ
3913,development,8749-TZYEC
3914,development,1755-FZQEC
3915,development,3115-JPJDD
3916,development,5600-KTXFM
3917,reserved_test,3871-IKPYH
3918,development,6319-IEJWJ
3919,development,9025-AOMKI
3920,development,6339-TBELP
3921,development,7964-YESJC
3922,reserved_test,6173-GOLSU
3923,development,5275-SQEIZ
3924,development,7716-YTYHG
3925,development,9938-ZREHM
3926,development,7950-XWOVN
3927,development,4390-KYULV
3928,reserved_test,4647-MUZON
3929,development,9702-AIUJO
3930,development,8849-PRIQJ
3931,development,8851-RAGOV
3932,development,1304-NECVQ
3933,development,5396-IZEPB
3934,development,1729-VLAZJ
3935,development,8285-ABVLB
3936,development,0701-TJSEF
3937,development,5712-VBOXD
3938,development,6629-LADHQ
3939,development,8945-GRKHX
3940,development,1559-DTODC
3941,reserved_test,4797-MIWUM
3942,development,6959-UWKHF
3943,development,8720-RQSBJ
3944,development,4537-CIBHB
3945,development,3815-SLMEF
3946,development,5154-VEKBL
3947,reserved_test,4324-AHJKS
3948,development,4355-CVPVS
3949,development,4495-LHSSK
3950,development,5655-JSMZM
3951,development,5915-ANOEI
3952,reserved_test,9861-PDSZP
3953,development,4505-EXZHB
3954,development,7225-CBZPL
3955,development,6704-UTUKK
3956,development,4587-VVTOX
3957,development,2019-HDCZY
3958,development,4652-NNHNY
3959,reserved_test,8788-DOXSU
3960,development,7404-JLKQG
3961,development,7421-ZLUPA
3962,development,8972-HJWNV
3963,reserved_test,3274-NSDWE
3964,development,2632-IVXVF
3965,reserved_test,3692-JHONH
3966,development,8915-NNTRC
3967,reserved_test,5914-GXMDA
3968,development,7463-IFMQU
3969,reserved_test,2920-RNCEZ
3970,development,2541-YGPKE
3971,development,8515-OCTJS
3972,reserved_test,5382-TEMLV
3973,reserved_test,3441-CGZJH
3974,development,9592-ERDKV
3975,development,2860-RANUS
3976,development,5261-QSHQM
3977,development,4778-IZARL
3978,development,0432-CAJZV
3979,development,7008-LZVOZ
3980,reserved_test,8868-WOZGU
3981,reserved_test,1200-TUZHR
3982,development,9365-CSLBQ
3983,development,1334-FJSVR
3984,development,5884-FBCTL
3985,development,7130-CTCUS
3986,development,6242-FEGFD
3987,development,7625-XCQRH
3988,development,6194-HBGQN
3989,development,7634-WSWDB
3990,development,6986-IXNDM
3991,development,1731-TVIUK
3992,development,2987-BJXIK
3993,development,9769-TSBZE
3994,development,0406-BPDVR
3995,development,0618-XWMSS
3996,development,1395-WSWXR
3997,development,6023-GSSXW
3998,development,6752-APNJL
3999,development,5276-KQWHG
4000,reserved_test,0420-HLGXF
4001,development,7446-KQISO
4002,reserved_test,9823-EALYC
4003,development,0582-AVCLN
4004,reserved_test,5803-NQJZO
4005,development,2565-JSLRY
4006,development,2607-DHDAK
4007,development,1073-XXCZD
4008,development,0743-HRVFF
4009,development,4006-HKYHO
4010,development,3727-JEZTU
4011,reserved_test,8143-ETQTI
4012,development,6689-KXGBO
4013,development,9667-TKTVZ
4014,development,3657-COGMW
4015,development,8570-KLJYJ
4016,development,7754-IXRMC
4017,development,9473-CBZOP
4018,development,2969-WGHQO
4019,development,6615-NGGZJ
4020,reserved_test,4334-HOWRP
4021,development,4255-DDUOU
4022,reserved_test,5863-OOKCL
4023,development,1686-STUHN
4024,reserved_test,1329-VHWNP
4025,development,2984-MIIZL
4026,reserved_test,0266-GMEAO
4027,reserved_test,5590-YRFJT
4028,development,5574-NXZIU
4029,reserved_test,0019-GFNTW
4030,development,4256-ZWTZI
4031,development,8309-PPCED
4032,development,4098-NAUKP
4033,development,5196-WPYOW
4034,development,4608-LCIMN
4035,development,1485-YDHMM
4036,development,4054-CUMIA
4037,development,0603-TPMIB
4038,development,2525-GVKQU
4039,development,8161-QYMTT
4040,development,9581-GVBXT
4041,development,5862-BRIXZ
4042,development,5404-GGUKR
4043,development,3308-JSGML
4044,reserved_test,2126-GSEGL
4045,development,3677-TNKIO
4046,reserved_test,0440-QEXBZ
4047,development,2434-EEVDB
4048,development,6762-QVYJO
4049,development,6199-IWKGC
4050,reserved_test,2675-DHUTR
4051,development,8152-VETUR
4052,development,9667-EQRXU
4053,development,7446-YPODE
4054,development,9522-BNTHX
4055,development,4676-WLUHT
4056,reserved_test,3329-WDIOK
4057,development,7980-MHFLQ
4058,reserved_test,2873-ZLIWT
4059,development,3415-TAILE
4060,development,0757-WCUUZ
4061,reserved_test,1629-DQQVB
4062,development,1915-IOFGU
4063,development,3045-XETSH
4064,development,0374-AACSZ
4065,reserved_test,7239-HZZCX
4066,development,4872-VXRIL
4067,development,9140-CZQZZ
4068,development,3423-HHXAO
4069,development,9938-TKDGL
4070,development,0531-ZZJWQ
4071,development,6537-QLGEX
4072,reserved_test,2688-BHGOG
4073,development,7683-CBDKJ
4074,development,0946-CLJTI
4075,development,3160-TYXLT
4076,development,1325-USMEC
4077,development,0916-QOFDP
4078,development,0628-CNQRM
4079,development,5606-AMZBO
4080,development,6199-IPCAO
4081,reserved_test,7665-TOALD
4082,development,0112-QWPNC
4083,development,0324-BRPCJ
4084,reserved_test,2777-PHDEI
4085,development,5640-CAXOA
4086,development,2235-EZAIK
4087,development,3847-BAERP
4088,reserved_test,1196-AMORA
4089,reserved_test,4282-YMKNA
4090,development,1453-RZFON
4091,reserved_test,8263-OKETD
4092,development,0670-KDOMA
4093,development,2476-YGEFM
4094,development,8687-BAFGU
4095,development,0641-EVBOJ
4096,development,0829-XXPLX
4097,development,9974-JFBHQ
4098,development,5356-RHIPP
4099,reserved_test,6624-JDRDS
4100,development,0608-JDVEC
4101,development,9780-FKVVF
4102,development,1919-RTPQD
4103,development,5214-NLTIT
4104,development,3345-PBBFH
4105,development,5055-BRMNE
4106,development,9189-JWSHV
4107,development,2190-PHBHR
4108,development,2650-GYRYL
4109,reserved_test,0746-JTRFU
4110,development,5208-FVQKB
4111,development,7184-LRUUR
4112,reserved_test,6627-CFOSN
4113,development,3982-JGSFD
4114,development,1574-DYCWE
4115,development,7247-XOZPB
4116,reserved_test,2466-FCCPT
4117,development,6211-WWLTF
4118,reserved_test,4826-TZEVA
4119,development,6016-NXBNJ
4120,development,9138-EFSMO
4121,development,0576-WNXXC
4122,development,4632-XJMEX
4123,development,8910-LEDAG
4124,development,3452-GWUIN
4125,reserved_test,2716-GFZOR
4126,development,3724-UCSHY
4127,development,8626-XHBIE
4128,reserved_test,4628-CTTLA
4129,development,3192-LNKRK
4130,development,4439-YRNVD
4131,development,2876-VBBBL
4132,reserved_test,6834-NXDCA
4133,development,2208-UGTGR
4134,development,3005-TYFRD
4135,development,8670-MEFCP
4136,development,3079-BCHLN
4137,reserved_test,7777-UNYHB
4138,development,5597-GLBUC
4139,reserved_test,7278-CKDNC
4140,development,2748-MYRVK
4141,development,8450-UYIBU
4142,development,2969-VAPYH
4143,development,4822-YCXMX
4144,development,7181-OQCUT
4145,development,8474-UMLNT
4146,development,9821-POOTN
4147,reserved_test,3836-FZSDJ
4148,development,9142-XMYJH
4149,development,6559-ILWKJ
4150,development,0187-QSXOE
4151,development,7733-UDMTP
4152,development,2649-HWLYB
4153,development,5214-CHIWJ
4154,development,4229-CZMLL
4155,reserved_test,6904-JLBGY
4156,reserved_test,2465-BLLEU
4157,development,1685-VAYJF
4158,development,8874-EJNSR
4159,development,6917-YACBP
4160,development,5049-MUBWG
4161,development,4223-WOZCM
4162,reserved_test,0769-MURVM
4163,development,9253-VIFJQ
4164,development,7030-FZTFM
4165,reserved_test,9741-YLNTD
4166,development,5917-RYRMG
4167,reserved_test,5120-ZBLAI
4168,development,1194-BHJYC
4169,development,3663-MITLP
4170,development,0906-QVPMS
4171,development,9025-ZRPVR
4172,development,1905-OEILC
4173,development,7858-GTZSP
4174,development,3285-UCQVC
4175,development,6248-BSHKG
4176,development,4685-TFLLS
4177,development,3470-BTGQO
4178,development,1209-VFFOC
4179,development,8224-DWCKX
4180,development,5482-PLVPE
4181,development,4553-DVPZG
4182,development,4902-OHLSK
4183,reserved_test,6917-IAYHD
4184,development,0495-ZBNGW
4185,development,8620-RJPZN
4186,development,7572-KPVKK
4187,reserved_test,2642-MAWLJ
4188,reserved_test,2357-COQEK
4189,development,7103-ZGVNT
4190,development,3737-GCSPV
4191,development,2027-WKXMW
4192,development,7137-NAXML
4193,development,2428-ZMCTB
4194,development,2961-VNFKL
4195,development,1768-HNVGJ
4196,development,6963-KQYQB
4197,development,5934-RMPOV
4198,reserved_test,1207-BLKSA
4199,reserved_test,4088-YLDSU
4200,reserved_test,8316-BBQAY
4201,development,1166-PQLGG
4202,reserved_test,3146-JTQHR
4203,development,4291-YZODP
4204,development,4395-PZMSN
4205,development,6427-FEFIG
4206,development,0017-IUDMW
4207,development,8706-HRADD
4208,development,9955-QOPOY
4209,development,4385-ZKVNW
4210,development,5446-DKWYW
4211,development,2034-CGRHZ
4212,development,5797-APWZC
4213,development,3683-QKIUE
4214,reserved_test,4228-ZGYUW
4215,reserved_test,9031-ZVQPT
4216,development,2990-IAJSV
4217,development,8107-KNCIM
4218,development,9027-YFHQJ
4219,development,5176-LDKUH
4220,development,4644-OBGFZ
4221,development,7926-IJOOU
4222,reserved_test,6480-YAGIY
4223,reserved_test,4029-HPFVY
4224,development,7602-DBTOU
4225,development,5345-BMKWB
4226,development,3519-ZKXGG
4227,reserved_test,5457-COLHT
4228,development,6416-TVAIH
4229,development,5451-YHYPW
4230,development,5108-ADXWO
4231,development,7998-WNZEM
4232,development,3066-RRJIO
4233,development,4664-NJCMS
4234,development,0307-BCOPK
4235,development,7629-WFGLW
4236,development,2542-HYGIQ
4237,development,6715-OFDBP
4238,reserved_test,5016-LIPDW
4239,development,6481-LXPWL
4240,development,1567-DSCIC
4241,development,2150-UWTFY
4242,reserved_test,6124-ACRHJ
4243,development,9362-MWODR
4244,development,9975-GPKZU
4245,development,9625-RZFUK
4246,reserved_test,5153-LXKDT
4247,development,5161-UBZXI
4248,development,1020-JPQOW
4249,reserved_test,7919-ZODZZ
4250,development,0565-JUPYD
4251,development,6867-ACCZI
4252,development,5939-XAIXZ
4253,development,9054-FOWNV
4254,development,2683-BPJSO
4255,development,2157-MXBJS
4256,development,8207-VVMYB
4257,development,9732-EQMWY
4258,reserved_test,9360-AHGNL
4259,reserved_test,1087-UDSIH
4260,development,5269-NRGDP
4261,development,6195-MELTI
4262,development,5485-WUYWF
4263,development,2121-JAFOM
4264,reserved_test,8818-DOPVL
4265,development,2632-UCGVD
4266,development,5445-PZWGX
4267,reserved_test,1227-UDMZR
4268,development,5198-HQAEN
4269,development,9170-CCKOU
4270,development,2167-FQSTQ
4271,development,2819-GWENI
4272,development,1043-YCUTE
4273,development,3814-MLAXC
4274,reserved_test,3572-UUHRS
4275,development,2692-PFYTJ
4276,development,1226-UDFZR
4277,development,5955-EPOAZ
4278,development,6821-JPCDC
4279,development,8815-LMFLX
4280,reserved_test,9135-HSWOC
4281,development,8582-KRHPJ
4282,development,5811-IWXYM
4283,development,7044-YAACC
4284,development,8189-XRIKE
4285,development,1506-YJTYT
4286,reserved_test,4123-DVHPH
4287,reserved_test,6425-YQLLO
4288,reserved_test,5442-UTCVD
4289,development,2228-BZDEE
4290,development,7734-DBOAI
4291,reserved_test,2789-CZANW
4292,reserved_test,2091-RFFBA
4293,development,2114-MGINA
4294,development,7596-LDUXP
4295,development,3740-RLMVT
4296,development,4489-SNOJF
4297,development,2192-OZITF
4298,development,5651-CPDND
4299,development,2186-QZEYA
4300,development,1131-ALZWV
4301,development,7729-XBTWX
4302,development,9134-WYRVP
4303,development,3284-SVCRO
4304,reserved_test,9732-OUYRN
4305,development,0559-CKHUS
4306,development,2931-SVLTV
4307,development,6899-PPEEA
4308,development,7504-UWHNB
4309,development,2582-FFFZR
4310,reserved_test,8908-NMQTX
4311,development,2187-LZGPL
4312,reserved_test,1431-AIDJQ
4313,development,6288-LBEAR
4314,development,4597-NUCQV
4315,reserved_test,9019-QVLZD
4316,reserved_test,8413-YNHNV
4317,reserved_test,5808-TOTXO
4318,development,4369-NYSCF
4319,development,6333-YDVLT
4320,development,5324-KTGCG
4321,development,5599-HVLTW
4322,development,7394-LWLYN
4323,development,3707-LRWZD
4324,development,6873-UDNLD
4325,reserved_test,2700-LUEVA
4326,development,1455-ESIQH
4327,reserved_test,0958-YHXGP
4328,development,1101-SSWAG
4329,development,2979-SXESE
4330,development,4013-TLDHQ
4331,development,5743-KHMNA
4332,development,4194-FJARJ
4333,development,5325-UWTWJ
4334,reserved_test,3969-GYXEL
4335,development,9208-OLGAQ
4336,development,3244-CQPHU
4337,development,2674-MLXMN
4338,development,9708-HPXWZ
4339,reserved_test,6992-TKNYO
4340,development,4468-YDOVK
4341,development,3754-DXMRT
4342,development,5792-JALQC
4343,development,7130-VTEWQ
4344,development,2200-DSAAL
4345,development,4302-ZYFEL
4346,development,9351-LZYGF
4347,development,4366-CTOUZ
4348,development,6121-VZNQB
4349,development,7903-CMPEY
4350,reserved_test,1518-OMDIK
4351,reserved_test,6671-NGWON
4352,development,0595-ITUDF
4353,development,6996-KNSML
4354,development,1955-IBMMB
4355,development,0096-BXERS
4356,development,3806-YAZOV
4357,development,7998-ZLXWN
4358,reserved_test,6253-WRFHY
4359,development,9133-AYJZG
4360,development,2675-OTVVJ
4361,development,8680-CGLTP
4362,development,8430-TWCBX
4363,development,5018-GWURO
4364,development,6741-QRLUP
4365,development,4737-HOBAX
4366,development,0537-QYZZN
4367,development,3340-QBBFM
4368,development,1704-NRWYE
4369,development,2592-SEIFQ
4370,development,8200-KLNYW
4371,development,3372-CDXFJ
4372,development,4781-ZXYGU
4373,development,7632-YUTXB
4374,development,2718-YSKCS
4375,development,9896-UYMIE
4376,reserved_test,0853-NWIFK
4377,development,8212-CRQXP
4378,development,6980-CDGFC
4379,development,7691-XVTZH
4380,development,2520-SGTTA
4381,reserved_test,7481-ATQQS
4382,development,2277-VWCNI
4383,development,1088-CNNKB
4384,development,8642-GVWRF
4385,development,1930-BZLHI
4386,reserved_test,3400-ESFUW
4387,development,5868-YTYKS
4388,development,3525-DVKFN
4389,development,1482-OXZSY
4390,development,0377-JBKKT
4391,development,5778-BVOFB
4392,development,3373-YZZYM
4393,development,2057-ZBLPD
4394,development,0228-MAUWC
4395,development,5502-RLUYV
4396,development,0023-HGHWL
4397,development,7663-YJHSN
4398,development,4915-BFSXL
4399,development,3086-RUCRN
4400,development,5215-LNLDJ
4401,development,7576-JMYWV
4402,development,9039-RBEEE
4403,development,0257-KXZGU
4404,development,1307-ATKGB
4405,reserved_test,8417-FMLZI
4406,development,3714-XPXBW
4407,development,1850-AKQEP
4408,development,2824-DXNKN
4409,development,5227-JSCFE
4410,development,0848-ZGQIJ
4411,development,3621-CHYVB
4412,development,8042-RNLKO
4413,development,1792-UXAFY
4414,development,5372-FBKBN
4415,reserved_test,0420-TXVSG
4416,development,6217-TOWGS
4417,reserved_test,0515-YPMCW
4418,development,0378-XSZPU
4419,development,1045-LTCYT
4420,development,1544-JJMYL
4421,development,4636-JGAAI
4422,reserved_test,6874-SGLHU
4423,reserved_test,5951-AOFIH
4424,development,4729-XKASR
4425,development,3059-NGMXB
4426,development,8652-YHIYU
4427,development,5278-PNYOX
4428,reserved_test,5449-FIBXJ
4429,reserved_test,3486-HOOGQ
4430,reserved_test,5061-PBXFW
4431,development,8630-FJLIB
4432,development,3891-NLXJB
4433,development,4749-OJKQU
4434,development,0577-WHMEV
4435,development,5453-AXEPF
4436,reserved_test,3639-XJHKQ
4437,development,3716-LRGXK
4438,development,2263-SFSQZ
4439,development,9950-MTGYX
4440,development,3397-AVTKU
4441,development,4825-FUREZ
4442,development,9837-BMCLM
4443,development,2672-OJQZP
4444,development,0137-UDEUO
4445,reserved_test,3134-DSHVC
4446,development,6161-UUUTA
4447,development,7821-DPRQE
4448,development,6543-XRMYR
4449,development,2001-EWBQU
4450,reserved_test,4925-LMHOK
4451,development,1608-GMEWB
4452,development,6695-AMZUF
4453,development,1455-UGQVH
4454,reserved_test,8410-BGQXN
4455,development,8280-MQRQN
4456,development,1619-YWUBB
4457,development,7611-YKYTC
4458,development,2037-SGXHH
4459,reserved_test,3178-FESZO
4460,development,0365-GXEZS
4461,development,0082-OQIQY
4462,development,6087-MVHJH
4463,reserved_test,4603-JANFB
4464,development,3018-TFTSU
4465,development,3606-SBKRY
4466,development,4806-KEXQR
4467,development,0667-NSRGI
4468,development,7083-YNSKY
4469,development,6893-ODYYE
4470,development,8242-JSVBO
4471,development,2479-BRAMR
4472,reserved_test,9541-ZPSEA
4473,development,2665-NPTGL
4474,development,1139-WUOAH
4475,development,4693-VWVBO
4476,development,7434-SHXLS
4477,development,6937-GCDGQ
4478,reserved_test,0988-JRWWP
4479,reserved_test,5075-JSDKI
4480,development,7908-QCBCA
4481,reserved_test,8644-XYTSV
4482,reserved_test,6711-FLDFB
4483,development,3873-WOSBC
4484,development,7465-ZZRVX
4485,development,7975-JMZNT
4486,development,7251-XFOIL
4487,development,4116-IQRFR
4488,development,3714-JTVOV
4489,development,8259-DZLIZ
4490,development,0442-ZXKVS
4491,development,7853-WNZSY
4492,reserved_test,3120-FAZKD
4493,development,8606-OEGQZ
4494,development,0225-ZORZP
4495,development,4702-IOQDC
4496,development,9489-JMTTN
4497,development,0575-CUQOV
4498,development,0967-BMLBD
4499,reserved_test,6178-KFNHS
4500,development,2830-LEWOA
4501,development,5006-MXVRN
4502,development,1264-BYWMS
4503,development,9658-WYUFB
4504,development,8327-WKMIE
4505,development,6917-FIJHC
4506,development,5329-KRDTM
4507,development,7797-EJMDP
4508,development,3530-VWVGU
4509,development,2013-SGDXK
4510,development,6368-NWMCE
4511,development,3633-CDBUW
4512,development,0707-HOVVN
4513,development,8580-QVLOC
4514,development,3956-MGXOG
4515,development,9274-UARKJ
4516,development,4077-HWUYD
4517,reserved_test,2012-NWRPA
4518,development,8808-ELEHO
4519,reserved_test,0103-CSITQ
4520,development,3506-LCJDC
4521,development,8671-KKKOS
4522,development,7305-ZWMAJ
4523,reserved_test,9518-XXBXE
4524,development,3934-HXCFZ
4525,development,6578-KRMAW
4526,development,4860-IJUDE
4527,development,7666-WKRON
4528,development,9688-YGXVR
4529,reserved_test,0423-UDIJQ
4530,development,1945-XISKS
4531,development,4910-AQFFX
4532,reserved_test,2154-KVJFF
4533,development,5360-LJCNJ
4534,development,2607-FBDFF
4535,development,9647-ERGBE
4536,development,3428-XZMAZ
4537,development,1100-DDVRV
4538,development,0378-TOVMS
4539,development,4355-HBJHH
4540,reserved_test,6728-WYQBC
4541,reserved_test,9058-CBREO
4542,development,9029-FEGVJ
4543,development,7216-KAOID
4544,reserved_test,0318-QUUOB
4545,reserved_test,6145-NNPNO
4546,development,5520-FVEWJ
4547,development,5339-TJFEK
4548,reserved_test,5572-ZDXHY
4549,development,2074-GUHPQ
4550,development,4625-XMOYM
4551,reserved_test,5827-MWCZK
4552,reserved_test,1385-TQOZW
4553,reserved_test,5914-XRFQB
4554,development,4329-YPDDQ
4555,development,4804-NCPET
4556,development,3750-CKVKH
4557,development,5944-UGLLK
4558,development,8063-GBATB
4559,development,7787-BNTZM
4560,development,2252-ISRNH
4561,development,9415-TPKRV
4562,development,5322-TEUJK
4563,development,4547-KQRTM
4564,reserved_test,4877-EVATK
4565,development,1866-DIOQZ
4566,development,8375-KVTHK
4567,development,2697-NQBPF
4568,reserved_test,3709-OIJEA
4569,reserved_test,7639-SUPCW
4570,reserved_test,1386-ZIKUV
4571,development,0599-XNYDO
4572,development,6377-WHAOX
4573,reserved_test,6855-VLGOS
4574,reserved_test,8999-XXGNS
4575,reserved_test,8746-OQQRW
4576,development,3181-MIZBN
4577,reserved_test,0471-ARVMX
4578,reserved_test,7766-CLTIC
4579,reserved_test,5650-YLIBA
4580,development,0825-CPPQH
4581,reserved_test,9084-OAYKL
4582,reserved_test,6122-LJADA
4583,development,2400-XIWIO
4584,development,7524-VRLPL
4585,development,1069-XAIEM
4586,development,7569-NMZYQ
4587,development,5201-USSQZ
4588,development,2105-PHWON
4589,development,1494-EJZDW
4590,development,4884-TVUQF
4591,development,8003-EWNDZ
4592,development,1897-RCFUM
4593,development,9256-JTBNZ
4594,development,4658-HCOHW
4595,development,2211-RMNHO
4596,reserved_test,2432-TFSMK
4597,development,3440-JPSCL
4598,development,4929-ROART
4599,reserved_test,1834-ABKHQ
4600,development,1741-WTPON
4601,reserved_test,3932-IJWDZ
4602,development,1240-HCBOH
4603,development,3594-KADLU
4604,reserved_test,8065-BVEPF
4605,reserved_test,3796-ENZGF
4606,development,1734-ZMNTZ
4607,development,2853-CWQFQ
4608,reserved_test,0813-TAXXS
4609,development,2519-TWKFS
4610,development,2889-FPWRM
4611,development,0626-QXNGV
4612,development,6723-CEGQI
4613,development,6987-XQSJT
4614,development,4732-RRJZC
4615,development,9499-XPZXM
4616,development,4338-EYCER
4617,reserved_test,3007-FDPEA
4618,development,6350-XFYGW
4619,reserved_test,4290-BSXUX
4620,development,8513-OLYGY
4621,development,0311-QYWSS
4622,development,8705-DWKTI
4623,development,8755-IWJHN
4624,development,0325-XBFAC
4625,development,4480-QQRHC
4626,development,0929-PECLO
4627,development,3680-CTHUH
4628,development,1202-KKGFU
4629,development,6112-KTHFQ
4630,reserved_test,1852-XEMDW
4631,development,2462-XIIJB
4632,development,4760-XOHVN
4633,development,1820-DJFPH
4634,reserved_test,9426-SXNHE
4635,development,9068-FHQHD
4636,development,1269-FOYWN
4637,development,9470-YFUYI
4638,reserved_test,7817-BOQPW
4639,development,7402-EYFXX
4640,development,1853-UDXBW
4641,development,9895-VFOXH
4642,development,5458-CQJTA
4643,development,1230-QAJDW
4644,development,5701-ZIKJE
4645,reserved_test,5219-YIPTK
4646,development,5032-MIYKT
4647,reserved_test,7396-VJUZB
4648,development,9717-QEBGU
4649,development,5172-RKOCB
4650,development,6509-TSGWN
4651,reserved_test,3540-RZJYU
4652,development,3178-CIFOT
4653,development,2091-MJTFX
4654,reserved_test,4530-NDRKU
4655,development,5985-TBABQ
4656,reserved_test,9800-ONTFE
4657,development,6743-HHQPF
4658,reserved_test,8455-HIRAQ
4659,development,6616-AALSR
4660,reserved_test,0883-EIBTI
4661,development,9415-ZNBSX
4662,reserved_test,4018-KJYUY
4663,reserved_test,0722-TROQR
4664,development,7571-YXDAD
4665,development,3884-UEBXB
4666,development,8780-RSYYU
4667,development,5537-UXXVS
4668,development,1791-PQHBB
4669,development,8701-DGLVH
4670,development,8741-LQOBK
4671,development,3393-FMZPV
4672,development,8082-GHXOP
4673,development,6402-ZFPPI
4674,development,0980-FEXWF
4675,reserved_test,7486-KSRVI
4676,development,3011-WQKSZ
4677,development,8443-WVPSS
4678,development,3006-XIMLN
4679,development,8218-FFJDS
4680,development,1986-PHGZF
4681,development,9965-YOKZB
4682,development,0504-HHAPI
4683,development,9360-OMDZZ
4684,development,6305-YLBMM
4685,development,0345-XMMUG
4686,reserved_test,8024-XNAFQ
4687,reserved_test,3647-GMGDH
4688,development,2988-GBIVW
4689,development,2832-SCUCO
4690,reserved_test,7036-ZZKBD
4691,development,3791-LGQCY
4692,development,0265-PSUAE
4693,development,0463-TXOAK
4694,development,0594-UFTUL
4695,reserved_test,9509-MPYOD
4696,development,9128-CPXKI
4697,development,0129-KPTWJ
4698,development,8166-ZZTFS
4699,development,5855-EIBDE
4700,development,5365-LLFYV
4701,development,5956-YHHRX
4702,development,6008-NAIXK
4703,development,2956-GGUCQ
4704,development,1928-BXYIV
4705,development,5760-FXFVO
4706,development,6595-COKXZ
4707,development,0961-ZWLVI
4708,development,5181-OABFK
4709,development,4007-NHVHI
4710,development,7816-VGHTO
4711,reserved_test,5871-DGTXZ
4712,development,7550-WIQVA
4713,reserved_test,7544-ZVIKX
4714,development,0016-QLJIS
4715,development,7508-DQAKK
4716,development,5176-OLSKT
4717,development,9356-AXGMP
4718,development,3556-BVQGL
4719,development,0362-ZBZWJ
4720,development,8979-CAMGB
4721,development,4211-MMAZN
4722,development,7581-EBBOU
4723,development,4274-OWWYO
4724,development,5073-RZGBK
4725,development,1541-ETJZO
4726,development,2192-CKRLV
4727,development,3154-HMWUU
4728,development,6119-SPUDB
4729,reserved_test,6522-OIQSX
4730,development,7813-ZGGAW
4731,development,8748-HFWBO
4732,development,1052-QJIBV
4733,development,1319-YLZJG
4734,development,4106-HADHQ
4735,development,0723-FDLAY
4736,development,3050-RLLXC
4737,development,9298-WGMRW
4738,development,2369-UAPKZ
4739,reserved_test,3088-LHEFH
4740,development,2778-OCLGR
4741,development,6583-KQJLK
4742,development,8544-JNBOX
4743,reserved_test,6681-ZSEXG
4744,development,6139-ZZRBQ
4745,development,6116-RFVHN
4746,development,0637-KVDLV
4747,development,8884-FEEWR
4748,development,3125-RAHBV
4749,development,6633-MPWBS
4750,development,0373-AIVNJ
4751,development,8785-EPNCG
4752,development,1682-VCOIO
4753,development,5729-KLZAR
4754,development,2072-ZVJJX
4755,development,8849-AYPTR
4756,development,9518-IMLHK
4757,development,1582-RAFML
4758,development,3646-ITDGM
4759,development,8740-CRYFY
4760,reserved_test,3569-VLDHH
4761,development,8224-KDLKN
4762,development,7594-LZNWR
4763,reserved_test,4001-TSBTV
4764,development,2962-XPMCQ
4765,development,8727-XDPUD
4766,development,1043-UXOVO
4767,development,1064-FBXNK
4768,development,3996-ZNWYK
4769,reserved_test,2878-DHMIN
4770,reserved_test,7762-ONLJY
4771,development,1678-FYZOW
4772,development,5795-BKOYE
4773,development,8627-EHGIP
4774,reserved_test,7402-PWYJJ
4775,development,5480-TBGPH
4776,development,0018-NYROU
4777,development,7501-VTYLJ
4778,development,7608-RGIRO
4779,development,0480-BIXDE
4780,development,5895-QSXOD
4781,development,9814-AOUDH
4782,development,6175-IRFIT
4783,development,8760-ZRHKE
4784,development,1622-HSHSF
4785,development,8854-CCVSQ
4786,development,6749-UTDVX
4787,development,5542-DHSXL
4788,reserved_test,9102-OXKFY
4789,development,0511-JTEOY
4790,development,5216-WASFJ
4791,development,7808-DVWEP
4792,reserved_test,7067-KSAZT
4793,development,2284-VFLKH
4794,development,0366-NQSHS
4795,development,6532-YLWSI
4796,development,3807-BPOMJ
4797,reserved_test,3892-NXAZG
4798,development,4948-WBBKL
4799,development,4182-BGSIQ
4800,development,9300-AGZNL
4801,reserved_test,0988-AADSA
4802,development,9972-NKTFD
4803,reserved_test,3717-LNXKW
4804,development,5734-EJKXG
4805,development,2207-RYYRL
4806,reserved_test,6729-FZWSY
4807,reserved_test,9695-IDRZR
4808,development,8144-DGHXP
4809,development,7814-LEEVE
4810,development,1112-CUNAO
4811,reserved_test,5175-AOBHI
4812,development,5174-RNGBH
4813,development,8631-WUXGY
4814,development,7270-BDIOA
4815,development,9565-JSNFM
4816,development,5906-DVAPM
4817,reserved_test,6654-QGBZZ
4818,reserved_test,8348-JLBUG
4819,reserved_test,0607-DAAHE
4820,reserved_test,5641-DMBFJ
4821,development,9200-NLNPD
4822,development,2664-XJZNO
4823,reserved_test,9732-KPKBW
4824,development,3339-EAQNV
4825,development,0921-OHLVP
4826,development,3389-YGYAI
4827,development,9560-ARGQJ
4828,reserved_test,8350-NYMVI
4829,development,1600-DILPE
4830,development,0536-ESJEP
4831,reserved_test,4654-GGUII
4832,development,6478-HRRCZ
4833,development,8510-BBWMU
4834,development,6857-TKDJV
4835,reserved_test,2360-RDGRO
4836,development,0584-BJQGZ
4837,reserved_test,5134-IKDAY
4838,development,1360-XFJMR
4839,development,3070-DVEYC
4840,development,5730-RIITO
4841,development,9058-MJLZC
4842,development,5707-ORNDZ
4843,development,0902-XKXPN
4844,development,5177-RVZNU
4845,development,0056-EPFBG
4846,development,8993-IZEUX
4847,development,8696-JKZNU
4848,development,5380-AFSSK
4849,reserved_test,8190-ZTQFB
4850,development,0931-MHTEM
4851,development,2055-PDADH
4852,development,7515-LODFU
4853,development,0440-UEDAI
4854,development,1337-BOZWO
4855,reserved_test,0868-VJRDR
4856,development,8714-EUHJO
4857,development,6344-SFJVH
4858,development,3950-VPYJB
4859,reserved_test,8041-TMEID
4860,development,7321-ZNSLA
4861,reserved_test,6941-KXRRV
4862,development,3721-CNEYS
4863,development,8727-JQFHV
4864,development,9475-NNDGC
4865,reserved_test,1355-KUSBG
4866,development,3688-FTHLT
4867,development,0899-LIIBW
4868,reserved_test,2568-OIADY
4869,development,1384-RCUXW
4870,reserved_test,5825-XJOCM
4871,development,6848-YLDFR
4872,development,8125-QPFJD
4873,reserved_test,2320-YKQBO
4874,development,1193-RTSLK
4875,development,2302-ANTDP
4876,development,5923-GXUOC
4877,development,4973-RLZVI
4878,development,7869-ZYDST
4879,development,4501-UYKBC
4880,development,1215-EXRMO
4881,development,2305-MRGLV
4882,development,8404-VIOMB
4883,development,5233-GEEAX
4884,development,2359-KLTEK
4885,development,5304-EFJLP
4886,development,2673-ZALNP
4887,development,9184-GALIL
4888,development,4393-RYCRE
4889,development,9746-MDMBK
4890,reserved_test,3162-ZJZFU
4891,development,8404-GFGCZ
4892,development,8875-AKBYH
4893,development,4432-ADRLB
4894,development,0533-UCAAU
4895,development,1394-SUIUH
4896,development,3521-MNKLV
4897,development,2533-TIBIX
4898,development,8993-PHFWD
4899,reserved_test,1565-RHDJD
4900,development,7137-RYLPP
4901,development,3765-JXVKY
4902,development,5092-STPKP
4903,reserved_test,7330-WZLNC
4904,reserved_test,0114-PEGZZ
4905,reserved_test,3359-DSRKA
4906,development,8639-NHQEI
4907,development,7161-DFHUF
4908,reserved_test,3957-LXOLK
4909,development,3720-DBRWL
4910,development,6635-MYYYZ
4911,development,8565-WUXZU
4912,development,5281-BUZGT
4913,reserved_test,4994-OBRSZ
4914,development,0562-FGDCR
4915,development,2436-QBZFP
4916,development,3420-YJLQT
4917,reserved_test,6040-CGACY
4918,development,6582-PLFUU
4919,development,8242-PDSGJ
4920,development,0264-CNITK
4921,development,0089-IIQKO
4922,development,7839-NUIAA
4923,development,6075-QMNRR
4924,reserved_test,5378-IKEEG
4925,reserved_test,5966-EMAZU
4926,reserved_test,0440-EKDCF
4927,development,4774-HHGGS
4928,development,2718-GAXQD
4929,development,2055-BFOCC
4930,development,8180-AKMJV
4931,development,4298-OYIFC
4932,development,5566-SOEZD
4933,development,9842-EFSYY
4934,development,2272-WUSPA
4935,development,4584-LBNMK
4936,development,3898-GUYTS
4937,development,0930-EHUZA
4938,reserved_test,6413-XKKPU
4939,development,9975-SKRNR
4940,development,3703-KBKZP
4941,development,1449-XQEMT
4942,reserved_test,2626-URJFX
4943,development,4973-MGTON
4944,development,3682-YEUWS
4945,development,1223-UNPKS
4946,development,2612-RRIDN
4947,development,4735-ASGMA
4948,development,3446-QDSZF
4949,development,3669-LVWZB
4950,development,6892-EZDTG
4951,development,5117-IFGPS
4952,development,7379-FNIUJ
4953,development,1627-AFWVJ
4954,reserved_test,9725-SCPZG
4955,development,5884-GCYMI
4956,reserved_test,3217-FZDMN
4957,development,4486-EFAEB
4958,reserved_test,0060-FUALY
4959,development,7853-GVUDZ
4960,development,7480-QNVZJ
4961,development,6954-OOYZZ
4962,development,7088-FBAWU
4963,reserved_test,8313-AFGBW
4964,development,3943-KDREE
4965,development,9239-ZBZZV
4966,development,3097-IDVPU
4967,development,4398-HSCJH
4968,reserved_test,2197-OMWGI
4969,development,2303-PJYHN
4970,development,9795-VOWON
4971,development,1237-WIYYZ
4972,reserved_test,1987-AUELQ
4973,development,7852-LECYP
4974,development,4430-UZIPO
4975,reserved_test,4822-LPTYJ
4976,development,8165-CBKXO
4977,development,6527-PZFPV
4978,development,4855-SNKMY
4979,development,9593-CVZKR
4980,development,8595-SIZNC
4981,development,8008-HAWED
4982,development,7124-UGSUR
4983,development,1862-SKORY
4984,development,5236-XMZJY
4985,development,4827-DPADN
4986,reserved_test,2694-CIUMO
4987,development,5846-ABOBJ
4988,development,1439-LCGVL
4989,development,0909-SDHNU
4990,development,4647-XXZAM
4991,reserved_test,1502-XFCVR
4992,development,7740-KKCXF
4993,development,5360-XGYAZ
4994,development,9692-TUSXH
4995,development,7912-SYRQT
4996,reserved_test,3557-HTYWR
4997,development,4816-JBHOV
4998,development,8920-NAVAY
4999,development,1699-TLDLZ
5000,development,5600-PDUJF
5001,development,8292-TYSPY
5002,development,0567-XRHCU
5003,development,1867-BDVFH
5004,development,2067-QYTCF
5005,development,2359-QWQUL
5006,reserved_test,9103-TCIHJ
5007,development,7407-SUJIZ
5008,development,9150-KPBJQ
5009,reserved_test,0052-DCKON
5010,reserved_test,3654-ARMGP
5011,development,9699-UBQFS
5012,development,9367-TCUYN
5013,development,1261-FWTTE
5014,development,3528-HFRIQ
5015,development,0708-SJDIS
5016,development,4140-WJAWW
5017,development,2073-QBVBI
5018,development,6928-ONTRW
5019,development,3320-VEOYC
5020,development,5231-FIQPA
5021,development,6617-WLBQC
5022,development,2599-CIPQE
5023,reserved_test,6653-CBBOM
5024,development,8774-GSBUN
5025,reserved_test,7326-RIGQZ
5026,development,1401-FTHFQ
5027,development,3247-ZVOUO
5028,reserved_test,0254-FNMCI
5029,development,1848-LBZHY
5030,development,6101-IMRMM
5031,development,8118-TJAFG
5032,development,5429-LWCMV
5033,reserved_test,7298-IZWLY
5034,development,9758-MFWGD
5035,development,3955-JBZZM
5036,development,1268-ASBGA
5037,development,8943-URTMR
5038,development,4815-TUMEQ
5039,development,4713-LZDRV
5040,development,9909-IDLEK
5041,development,4092-OFQZS
5042,development,1561-BWHIN
5043,development,4325-NFSKC
5044,reserved_test,9927-DSWDF
5045,development,9500-LTVBP
5046,reserved_test,7252-NTGSS
5047,reserved_test,8149-AIQCG
5048,development,1360-JYXKQ
5049,development,2955-PSXOE
5050,reserved_test,7762-URZQH
5051,development,0899-WZRSD
5052,development,3255-GRXMG
5053,development,4828-FAZPK
5054,development,6094-ZIVKX
5055,development,6925-BAYGL
5056,development,3262-EIDHV
5057,development,7354-OIJLX
5058,reserved_test,1376-HHBDV
5059,development,6907-NZZIJ
5060,development,6133-OZILE
5061,reserved_test,4135-FRWKJ
5062,reserved_test,2911-UREFD
5063,development,3744-ZRRDZ
5064,development,5673-TIYIB
5065,development,6551-ZCOTS
5066,development,7191-ADRGF
5067,development,5018-LXQQG
5068,development,6892-BOGQE
5069,reserved_test,1602-IJQQE
5070,development,4628-WQCQQ
5071,development,1746-TGTWV
5072,development,5995-SNNEW
5073,development,8050-WYBND
5074,development,2821-WARNZ
5075,development,4879-GZLFH
5076,reserved_test,1644-IRKSF
5077,development,8314-HTWVE
5078,development,9402-ROUMJ
5079,development,2507-QZPQS
5080,development,7159-NOKYQ
5081,development,5707-ZMDJP
5082,development,8779-YIQQA
5083,development,7136-IHZJA
5084,development,8966-OIQHG
5085,development,7074-STDCN
5086,development,3705-PSNGL
5087,development,8739-QOTTN
5088,development,1399-OUPJN
5089,development,0277-BKSQP
5090,development,6502-HCJTI
5091,development,2606-RMDHZ
5092,reserved_test,5774-XZTQC
5093,reserved_test,2676-SSLTO
5094,reserved_test,6266-QHOJZ
5095,development,7269-JISCY
5096,development,0363-SVHYR
5097,development,8547-NSBBO
5098,development,8258-GSTJK
5099,reserved_test,6861-OKBCE
5100,development,9940-RHLFB
5101,development,6591-QGOYB
5102,development,9070-BCKQP
5103,reserved_test,6421-SZVEM
5104,development,1328-EUZHC
5105,development,2995-UPRYS
5106,reserved_test,8878-RYUKI
5107,reserved_test,9633-DENPU
5108,development,7811-JIVPF
5109,development,7113-HIPFI
5110,development,8541-QVFKM
5111,development,6686-YPGHK
5112,development,1383-EZRWL
5113,development,9258-CNWAC
5114,reserved_test,5371-VYLSX
5115,development,6374-AFWOX
5116,development,4759-TRPLW
5117,development,5317-FLPJF
5118,development,7621-VPNET
5119,development,6034-YMTOB
5120,reserved_test,8563-IIOXK
5121,development,4903-CNOZC
5122,development,4353-HYOJD
5123,development,8020-BWHYL
5124,development,7267-FRMJW
5125,development,2982-VPSGI
5126,development,4188-FRABG
5127,reserved_test,8199-ZLLSA
5128,reserved_test,4128-ETESU
5129,development,0620-DLSLK
5130,development,4625-EWPTF
5131,development,5980-NOPLP
5132,development,3850-OKINF
5133,development,6892-XPFPU
5134,development,8010-EZLOU
5135,development,1156-ZFYDO
5136,development,3295-YVUSR
5137,development,8016-NCFVO
5138,development,4119-ZYPZY
5139,reserved_test,5549-ZGHFB
5140,development,7577-SWIFR
5141,development,0303-WMMRN
5142,development,6408-OTUBZ
5143,development,5204-HMGYF
5144,reserved_test,1078-TDCRN
5145,reserved_test,3727-OVPRY
5146,development,3797-FKOGQ
5147,development,7622-NXQZR
5148,development,6196-HBOBZ
5149,development,3970-XGJDU
5150,reserved_test,7017-VFULY
5151,development,5562-YJQGT
5152,development,8807-OPMBM
5153,development,5439-WIKXB
5154,development,9874-QLCLH
5155,development,8294-UIMBA
5156,development,8109-YUOHE
5157,reserved_test,5840-NVDCG
5158,reserved_test,8092-NLTGF
5159,reserved_test,5928-QLDHB
5160,development,9840-EFJQB
5161,development,0696-UKTOX
5162,development,4801-KFYKL
5163,development,3472-OAOOR
5164,development,6135-OZQVA
5165,development,8062-YBDOE
5166,development,2252-JHJGE
5167,development,4188-PCPIG
5168,development,6000-APYLU
5169,reserved_test,7105-BENQF
5170,development,7721-DVEKZ
5171,development,3566-VVORZ
5172,reserved_test,9507-HSMMZ
5173,development,2480-SQIOB
5174,development,0947-IDHRQ
5175,development,7813-TKCVO
5176,development,0128-MKWSG
5177,development,3672-YITQD
5178,reserved_test,4350-ZTLPI
5179,development,9048-JVYVF
5180,development,0361-HJRDX
5181,reserved_test,5727-MYATE
5182,development,3823-KYNQY
5183,reserved_test,8988-ECPJR
5184,development,7570-WELNY
5185,development,3021-VLNRJ
5186,development,3776-EKTKM
5187,development,2080-CAZNM
5188,reserved_test,1028-FFNJK
5189,development,6907-FLBER
5190,development,3001-UNBTL
5191,reserved_test,5982-PSMKW
5192,development,3507-GASNP
5193,reserved_test,7096-ZNBZI
5194,development,1902-XBTFB
5195,development,1676-MQAOA
5196,development,0786-IVLAW
5197,development,7566-DSRLQ
5198,development,0643-OKLRP
5199,development,7245-JMTTQ
5200,reserved_test,6050-IJRHS
5201,reserved_test,6202-JVYEU
5202,development,8591-TKMZH
5203,development,0734-OXWBT
5204,development,4282-ACRXS
5205,reserved_test,0365-TRTPY
5206,development,7349-ALMUX
5207,development,9381-NDKME
5208,development,6502-KUGLL
5209,development,1841-YSJGV
5210,development,2794-XIMMO
5211,development,8382-SHQEH
5212,development,3511-BFTJW
5213,development,7668-XCFYV
5214,development,2983-ZANRP
5215,development,7845-URHJN
5216,development,3034-ZBEQN
5217,development,5018-HEKFO
5218,development,2923-ARZLG
5219,development,3976-NLDEZ
5220,development,2282-YGNOR
5221,development,5336-UFNZP
5222,reserved_test,6854-EXGSF
5223,development,1241-EZFMJ
5224,reserved_test,9233-PSYHO
5225,development,5376-PCKNB
5226,reserved_test,8044-BGWPI
5227,development,4060-LDNLU
5228,development,3589-PPVKW
5229,development,8327-LZKAS
5230,reserved_test,5887-IKKYO
5231,development,1075-BGWOH
5232,development,1755-RMCXH
5233,reserved_test,0302-JOIVN
5234,development,3858-XHYJO
5235,reserved_test,4299-SIMNS
5236,reserved_test,7025-IWFHT
5237,reserved_test,6261-LHRTG
5238,development,7841-FCRQD
5239,development,2056-EVGZL
5240,development,8777-MBMTS
5241,development,7753-USQYQ
5242,development,5366-IJEQJ
5243,development,7661-CPURM
5244,development,6233-HXJMX
5245,development,5902-WBLSE
5246,development,1981-INRFU
5247,development,4971-PUYQO
5248,reserved_test,3239-TPHPZ
5249,development,5115-GZDEL
5250,development,3338-CVVEH
5251,development,8485-GJCDN
5252,development,2615-YVMYX
5253,development,2851-STERV
5254,development,4393-GEADV
5255,development,8486-AYEQH
5256,reserved_test,1527-SXDPN
5257,development,6029-WTIPC
5258,development,8634-CILSZ
5259,development,5419-JKZNQ
5260,development,2495-KZNFB
5261,development,1409-PHXTF
5262,development,4560-WQAQW
5263,reserved_test,9591-YVTEB
5264,development,9309-BZGNT
5265,development,4274-DRSQT
5266,development,2027-DNKIV
5267,development,8075-GXIUB
5268,reserved_test,2885-HIJDH
5269,development,5424-RLQLC
5270,development,6682-QJDGB
5271,development,6507-DTJZV
5272,development,8780-IXSTS
5273,reserved_test,7673-BQGKU
5274,development,6723-WSNTY
5275,reserved_test,9530-EHPOH
5276,development,2725-IWWBA
5277,development,0345-HKJVM
5278,development,1061-PNTHC
5279,development,0394-YONDK
5280,development,6574-MCOEH
5281,development,7399-QHBJS
5282,development,3049-SOLAY
5283,development,0997-YTLNY
5284,reserved_test,3317-HRTNN
5285,development,9479-HYNYL
5286,reserved_test,3235-ETOOB
5287,development,9708-KFDBY
5288,development,8058-INTPH
5289,development,3642-GKTCT
5290,development,0774-RMNUW
5291,development,1334-PDUKM
5292,development,0756-MPZRL
5293,development,2242-MFOTG
5294,development,2927-CVULT
5295,reserved_test,2144-BFDSO
5296,development,8745-PVESG
5297,reserved_test,7647-GYYKX
5298,development,5647-FXOTP
5299,development,5569-OUICF
5300,development,8821-XNHVZ
5301,development,2082-OJVTK
5302,reserved_test,9700-ISPUP
5303,development,9839-ETQOE
5304,development,6078-VESFR
5305,development,9027-TMATR
5306,development,5940-NFXKV
5307,development,1941-HOSAM
5308,reserved_test,9110-HSGTV
5309,development,0704-VCUMB
5310,development,6171-ZTVYB
5311,reserved_test,8053-WWDRO
5312,development,9564-KCLHR
5313,development,1935-IMVBB
5314,development,2535-PBCGC
5315,development,2082-CEFLT
5316,development,1470-PSXNM
5317,development,1213-NGCUN
5318,reserved_test,2498-XLDZR
5319,development,9866-OCCKE
5320,reserved_test,5338-YHWYT
5321,development,7718-UPSKJ
5322,development,8731-WBBMB
5323,development,1448-CYWKC
5324,development,7901-IIDQV
5325,development,2690-DVRVK
5326,development,5688-KZTSN
5327,reserved_test,1270-XKUCC
5328,development,0334-ZFJSR
5329,development,2894-QOJRX
5330,development,5747-PMBSQ
5331,development,5583-EJXRD
5332,development,4565-EVZMJ
5333,development,3143-JQEGI
5334,reserved_test,6386-SZZKH
5335,reserved_test,3327-YBAKM
5336,development,9441-QHEVC
5337,development,6705-LNMDD
5338,development,2580-ASVVY
5339,development,3370-GQEAL
5340,development,5032-USPKF
5341,development,2982-IHMFT
5342,reserved_test,3521-SYVOR
5343,reserved_test,4254-QPEDE
5344,development,6283-GITPX
5345,reserved_test,9526-JAWYF
5346,development,0771-CHWSK
5347,development,9788-HNGUT
5348,development,9495-REDIY
5349,development,5375-XLDOF
5350,development,1172-VIYBP
5351,development,5649-VUKMC
5352,development,6559-PDZLR
5353,development,8992-OBVDG
5354,development,4273-MBHYA
5355,development,4724-WXVWF
5356,reserved_test,5701-GUXDC
5357,development,1460-UZPRJ
5358,development,6082-GLJIX
5359,development,5143-EGQFK
5360,reserved_test,4919-IKATY
5361,development,2495-TTHBQ
5362,development,0485-ZBSLN
5363,development,3810-PJUHR
5364,reserved_test,9050-QLROH
5365,development,0847-HGRML
5366,development,8232-CTLKO
5367,reserved_test,9227-YBAXE
5368,development,6168-WFVVF
5369,development,9860-LISIZ
5370,development,0112-QAWRZ
5371,development,0877-SDMBN
5372,reserved_test,2786-GCDPI
5373,development,4043-MKDTV
5374,development,8065-YKXKD
5375,development,9637-EIHEQ
5376,development,9229-RQABD
5377,development,8313-KTIHG
5378,development,5320-BRKGK
5379,development,6284-KMNUF
5380,reserved_test,9689-PTNPG
5381,development,9465-RWMXL
5382,development,6229-UOLQL
5383,development,2362-IBOOY
5384,development,3137-LUPIX
5385,development,0843-WTBXE
5386,reserved_test,6143-JQKEA
5387,development,8676-OOQEJ
5388,development,5515-IDEJJ
5389,reserved_test,9701-CDXHR
5390,reserved_test,7450-NWRTR
5391,development,8124-NZVGJ
5392,development,2162-FRZAA
5393,reserved_test,5376-DEQCP
5394,reserved_test,5118-MUEYH
5395,development,9095-HFAFX
5396,development,5627-TVBPP
5397,development,2379-ENZGV
5398,development,3936-QQFLL
5399,development,2589-AYCRP
5400,development,4067-HLYQI
5401,development,5124-EOGYE
5402,development,5057-RKGLH
5403,development,0292-WEGCH
5404,development,8910-ICHIU
5405,development,4097-YODCF
5406,reserved_test,9715-WZCLW
5407,development,9786-YWNHU
5408,development,6407-GSJNL
5409,reserved_test,6005-OBZPH
5410,development,4049-ZPALD
5411,development,7932-WPTDS
5412,development,3733-UOCWF
5413,development,6833-JMZYP
5414,development,2722-VOJQL
5415,development,1310-QRITU
5416,development,8961-QDZZJ
5417,development,9715-SBVSU
5418,development,8490-BXHEO
5419,development,7173-TETGO
5420,development,7929-SKFGK
5421,development,2300-RQGOI
5422,development,3563-SVYLG
5423,development,5228-EXCET
5424,development,6435-VWCCY
5425,development,4998-IKFSE
5426,development,8630-QSGXK
5427,development,2455-USLMV
5428,reserved_test,7394-FKDNK
5429,development,9488-FVZCC
5430,development,6331-LWDTQ
5431,development,5995-WWKKG
5432,reserved_test,1597-FZREH
5433,reserved_test,7879-CGSFV
5434,development,9921-EZKBY
5435,development,7432-FFVAR
5436,development,7246-ZGQDF
5437,development,7000-WCEVQ
5438,reserved_test,0727-IWKVK
5439,development,5959-BELXA
5440,development,4456-RHSNB
5441,reserved_test,3512-IZIKN
5442,reserved_test,2481-SBOYW
5443,development,7109-MFBYV
5444,reserved_test,1833-TCXKK
5445,development,1832-PEUTS
5446,development,6141-OOXUQ
5447,development,8660-BUETV
5448,reserved_test,0580-PIQHM
5449,development,5696-CEIQJ
5450,reserved_test,7503-ZGUZJ
5451,development,1696-HXOWK
5452,development,3026-ATZYV
5453,reserved_test,4012-YCFAI
5454,development,2506-TNFCO
5455,development,9970-QBCDA
5456,development,8718-PTMEZ
5457,reserved_test,9496-IVVRP
5458,development,2207-OBZNX
5459,development,2657-VPXTA
5460,development,6551-VLJMV
5461,reserved_test,1221-GHZEP
5462,development,9289-LBQVU
5463,development,6142-VSJQO
5464,reserved_test,3458-IDMFK
5465,reserved_test,6933-FHBZC
5466,development,0221-NAUXK
5467,development,9770-KXGQU
5468,development,6437-UKHMV
5469,development,6538-POCHL
5470,development,6726-NNFWD
5471,reserved_test,3002-WQZWT
5472,development,4277-UDIEF
5473,development,1208-NBVFH
5474,development,4912-PIGUY
5475,reserved_test,1114-CENIM
5476,development,6060-DRTNL
5477,development,2725-TTRIQ
5478,development,3374-TTZTK
5479,development,8990-ZXLSU
5480,development,2275-RBYQS
5481,development,8473-VUVJN
5482,development,6289-CPNLD
5483,development,5536-SLHPM
5484,development,4419-UJMUS
5485,development,7794-JASDG
5486,development,7609-YBPXG
5487,development,5519-TEEUH
5488,development,7856-GANIL
5489,development,0804-XBFBV
5490,development,2676-OXPPQ
5491,reserved_test,3703-TTEPD
5492,development,2799-TSLAG
5493,development,0196-VULGZ
5494,development,8837-VVWLQ
5495,development,2696-NARTR
5496,development,2208-NKVVH
5497,development,7614-QVWQL
5498,reserved_test,1976-CFOCS
5499,development,4631-OACRM
5500,development,7139-JZFVG
5501,reserved_test,4987-GQWPO
5502,reserved_test,3755-JBMNH
5503,development,1757-TCATG
5504,development,6345-ULYRW
5505,reserved_test,4776-XSKYQ
5506,development,8048-DSDFQ
5507,development,5753-QQWPW
5508,reserved_test,6010-DDPPW
5509,development,1809-DMJHQ
5510,development,6693-FRIRW
5511,development,6586-MYGKD
5512,development,3173-NVMPX
5513,development,0248-PGHBZ
5514,development,0623-GDISB
5515,development,2892-GESUL
5516,development,6923-EFPNL
5517,development,7472-EQOAV
5518,development,9574-RKJIF
5519,development,2043-WVTQJ
5520,development,8034-RYTVV
5521,reserved_test,3863-QSTYI
5522,reserved_test,2619-WFQWU
5523,development,5044-LRQAQ
5524,development,1716-LSAMB
5525,development,1333-PBMXB
5526,development,6546-OPBBH
5527,development,5985-BEHZK
5528,development,9127-QRZMH
5529,development,5919-VCZYM
5530,development,9644-KVCNC
5531,development,2137-DQMEV
5532,reserved_test,8174-LNWMW
5533,reserved_test,9279-CJEOJ
5534,development,7964-VEXDG
5535,reserved_test,2404-JIBFC
5536,reserved_test,0778-NELLA
5537,development,8029-XYPWT
5538,reserved_test,4614-NUVZD
5539,development,4632-PAOYU
5540,development,3803-KMQFW
5541,reserved_test,6804-GDMOI
5542,development,2990-OGYTD
5543,development,6646-JPPHA
5544,development,9572-MTILT
5545,development,7658-UYUQS
5546,development,7880-XSOJX
5547,development,9611-CTWIH
5548,development,4589-IUAJB
5549,development,0329-GTIAJ
5550,development,8746-BFOAJ
5551,development,8457-XIGKN
5552,development,6072-NUQCB
5553,development,6629-CZTTH
5554,development,8838-GPHZP
5555,reserved_test,8750-QWZAJ
5556,development,5364-EVNIB
5557,development,6918-UMQCG
5558,reserved_test,0675-NCDYU
5559,development,6339-DKLMK
5560,development,1346-PJWTK
5561,development,5088-QZLRL
5562,reserved_test,8023-QHAIO
5563,development,4397-FRLTA
5564,reserved_test,3057-VJJQE
5565,development,5087-SUURX
5566,development,2302-OUZXB
5567,development,8133-ANHHJ
5568,development,2270-CHBFN
5569,development,0013-EXCHZ
5570,development,5982-FPVQN
5571,development,9107-UKCKY
5572,development,4654-ULTTN
5573,development,5550-VFRLC
5574,development,5546-BYZSM
5575,development,1492-KGETH
5576,reserved_test,4929-BSTRX
5577,reserved_test,4163-HFTUK
5578,reserved_test,8215-NGSPE
5579,development,2225-ZRGSG
5580,development,8859-YSTWS
5581,development,5271-YNWVR
5582,reserved_test,7601-DHFWZ
5583,development,2657-ALMWY
5584,development,6330-JKLPC
5585,development,4667-OHGKG
5586,development,1998-VHJHK
5587,development,1707-HABPF
5588,development,1660-HSOOQ
5589,development,7253-UVNDW
5590,development,0487-VVUVK
5591,reserved_test,7228-OMTPN
5592,development,5063-IUOKK
5593,development,4508-OEBEY
5594,development,0027-KWYKW
5595,development,2308-STERM
5596,development,5982-XMDEX
5597,development,6284-AHOOQ
5598,development,6051-PTVNS
5599,development,2344-JMOGN
5600,development,3799-ISUZQ
5601,development,2877-VDUER
5602,reserved_test,9152-AMKAK
5603,reserved_test,1794-HBQTJ
5604,reserved_test,9432-VOFYX
5605,development,8049-WJCLQ
5606,development,6586-PSJOX
5607,development,2460-FPSYH
5608,development,9705-ZJBCG
5609,development,4818-DRBQT
5610,development,1320-HTRDR
5611,development,6847-KJLTS
5612,development,9670-BPNXF
5613,development,3913-FCUUW
5614,development,3301-VKTGC
5615,development,1493-AMTIE
5616,development,9555-SAHUZ
5617,reserved_test,0816-TSPHQ
5618,development,9932-WBWIK
5619,development,4619-EVPHY
5620,development,5286-YHCVC
5621,development,6424-ELEYH
5622,development,4391-RESHN
5623,development,9115-YQHGA
5624,development,4462-CYWMH
5625,reserved_test,8963-MQVYN
5626,development,2458-EOMRE
5627,development,9334-GWGOW
5628,development,6821-BUXUX
5629,reserved_test,5028-HTLJB
5630,development,9801-GDWGV
5631,development,6542-LWGXJ
5632,development,5567-GZKQY
5633,reserved_test,1222-LRYKO
5634,development,2320-JRSDE
5635,reserved_test,2087-QAREY
5636,development,0601-WZHJF
5637,development,4423-JWZJN
5638,reserved_test,5143-WMWOG
5639,development,6490-FGZAT
5640,development,5393-RXQSZ
5641,reserved_test,7452-FOLON
5642,reserved_test,2320-TZRRH
5643,development,0231-LXVAP
5644,development,9444-JTXHZ
5645,development,4942-VZZOM
5646,development,5510-BOIUJ
5647,development,7502-BNYGS
5648,reserved_test,4291-HYEBC
5649,development,6147-CBCRA
5650,reserved_test,6047-SUHPR
5651,development,4471-KXAUH
5652,reserved_test,9752-ZNQUT
5653,reserved_test,7638-QVMVY
5654,development,1576-PFZIW
5655,development,5666-MBJPT
5656,development,7312-XSBAT
5657,development,3096-GKWEB
5658,development,2371-JQHZZ
5659,development,0674-GCDXG
5660,development,1121-QSIVB
5661,development,4396-KLSEH
5662,development,3244-DCJWY
5663,development,2824-MYYBN
5664,development,0875-CABNR
5665,development,6345-HOVES
5666,development,8318-LCNBW
5667,development,6469-QJKZW
5668,development,0147-ESWWR
5669,development,1217-VASWC
5670,reserved_test,7812-FZHPE
5671,development,6370-ZVHDV
5672,development,5915-DGNVC
5673,development,6260-XLACS
5674,development,3566-CAAYU
5675,reserved_test,4983-CCWMC
5676,development,9103-CXVOK
5677,development,2896-TBNBE
5678,development,4797-AXPXK
5679,development,5229-PRWKT
5680,development,6982-UQZLY
5681,development,2522-WLNSF
5682,development,3841-CONLJ
5683,development,5057-LCOUI
5684,development,0193-ESZXP
5685,development,4475-NVTLU
5686,development,4369-HTUIF
5687,development,9386-LDCZR
5688,development,9585-KKMFD
5689,development,5399-ZIMKF
5690,development,0336-KXKFK
5691,development,5619-XZZKR
5692,reserved_test,3948-FVVRP
5693,development,5327-XOKKY
5694,reserved_test,0983-TATYJ
5695,development,1813-JYWTO
5696,development,0156-FVPTA
5697,development,1984-FCOWB
5698,development,0654-HMSHN
5699,development,6719-OXYBR
5700,reserved_test,3312-ZWLGF
5701,development,6476-YHMGA
5702,reserved_test,5287-QWLKY
5703,development,0795-XCCTE
5704,development,0168-XZKBB
5705,development,3785-NRHYR
5706,development,5196-SGOAK
5707,development,4537-DKTAL
5708,development,7072-MBHEV
5709,development,5602-BVFMK
5710,development,6297-NOOPG
5711,development,1891-UAWWU
5712,reserved_test,8204-TIFGJ
5713,development,8050-DVOJX
5714,development,6108-OQZDQ
5715,development,0363-QJVFX
5716,development,8903-XEBGX
5717,development,8169-SAEJD
5718,development,9840-DVNDC
5719,development,1089-XZWHH
5720,development,2325-WINES
5721,development,6064-ZATLR
5722,development,3096-JRDSO
5723,development,7824-PANSQ
5724,development,8042-JVNFH
5725,reserved_test,9648-BCHKM
5726,development,2888-ADFAO
5727,reserved_test,8707-HOEDG
5728,development,3374-LXDEV
5729,development,4072-IPYLT
5730,development,7167-PCEYD
5731,development,4936-YPJNK
5732,development,1580-BMCMR
5733,reserved_test,4817-KEQSP
5734,development,6408-WHTEF
5735,development,9251-AWQGT
5736,development,8749-CLJXC
5737,development,7989-VCQOH
5738,development,5049-GLYVG
5739,development,4199-QHJNM
5740,development,8882-TLVRW
5741,development,5883-GTGVD
5742,development,5135-GRQJV
5743,development,2384-OVPSA
5744,development,1371-WEPDS
5745,development,3580-GICBM
5746,development,4817-QRJSX
5747,development,9730-DRTMJ
5748,development,4686-UXDML
5749,reserved_test,3349-ANQNH
5750,development,2398-YPMUR
5751,development,0932-YIXYU
5752,development,7480-SPLEF
5753,reserved_test,7636-XUHWW
5754,development,1431-CYWMH
5755,reserved_test,5937-EORGB
5756,reserved_test,6349-JDHQP
5757,reserved_test,5539-HIVAK
5758,development,5847-MXBEO
5759,reserved_test,9985-MWVIX
5760,development,4583-PARNH
5761,development,1116-FRYVH
5762,development,1421-HCERK
5763,development,9633-XQABV
5764,development,0716-BQNDX
5765,development,1265-XTECC
5766,development,1183-CANVH
5767,development,1972-XMUWV
5768,reserved_test,8679-LZBMD
5769,reserved_test,3407-JMJQQ
5770,reserved_test,6252-DFGTK
5771,development,1539-LNKHM
5772,development,8645-KOMJQ
5773,development,0289-IVARM
5774,development,9761-XUJWD
5775,development,4057-FKCZK
5776,development,4291-TPNFG
5777,development,6087-YPWHO
5778,development,3090-QFUVD
5779,development,2237-ZFSMY
5780,development,1722-LDZJS
5781,development,1818-ESQMW
5782,development,4871-JTKJF
5783,development,1415-YFWLT
5784,development,7401-RUBNK
5785,reserved_test,0506-YLVKJ
5786,development,8661-BOYNW
5787,development,6711-VTNRE
5788,reserved_test,4815-GBTCD
5789,development,2805-AUFQN
5790,development,0980-PVMRC
5791,reserved_test,7233-DRTRF
5792,development,3500-RMZLT
5793,development,3873-NFTGI
5794,development,1162-ECVII
5795,development,7048-GXDAY
5796,development,8571-ZCMCX
5797,development,1169-WCVAK
5798,development,4548-SDBKE
5799,development,8066-POXGX
5800,reserved_test,7129-CAKJW
5801,development,8695-ARGXZ
5802,development,3570-YUEKJ
5803,reserved_test,4143-OOBWZ
5804,development,1555-HAPSU
5805,development,1697-NVVGY
5806,development,7854-EKTJL
5807,development,8464-EETCQ
5808,development,2419-FSORS
5809,reserved_test,8132-YPVBX
5810,development,9102-IAYHT
5811,development,6754-LZUKA
5812,development,3422-LYEPQ
5813,development,8099-MZPUJ
5814,development,0787-LHDYT
5815,development,2642-DTVCO
5816,development,0374-IOEGQ
5817,development,4361-JEIVL
5818,development,3197-NNYNB
5819,development,3396-DKDEL
5820,development,1752-OZXFY
5821,reserved_test,9066-QRSDU
5822,development,9112-WSNPU
5823,development,9867-NNXLC
5824,development,5321-NTRKC
5825,development,1363-TXLSL
5826,reserved_test,9507-EXLTT
5827,development,3161-GETRM
5828,development,0402-OAMEN
5829,development,6933-VLYFX
5830,development,6754-WKSHP
5831,development,9846-GKXAS
5832,development,6017-PPLPX
5833,development,4976-LNFVV
5834,development,5055-MGMGF
5835,development,4641-FROLU
5836,reserved_test,2862-JVEOY
5837,development,2969-QWUBZ
5838,development,9822-BIIGN
5839,development,2077-MPJQO
5840,development,1534-OULXE
5841,reserved_test,7136-RVDTZ
5842,reserved_test,2971-SGAFL
5843,reserved_test,1480-IVEVR
5844,reserved_test,2905-KFQUV
5845,reserved_test,4581-SSPWD
5846,reserved_test,3370-HXOPH
5847,reserved_test,9391-YZEJW
5848,development,9958-MEKUC
5849,development,0281-CNTZX
5850,reserved_test,6927-WTFIV
5851,development,4118-CEVPF
5852,development,3398-ZOUAA
5853,reserved_test,9114-VEPUF
5854,reserved_test,7876-BEUTG
5855,development,2338-BQEZT
5856,development,9873-MNDKV
5857,development,0378-NHQXU
5858,development,8241-JUIQO
5859,development,2194-IIQOF
5860,development,4512-ZUIYL
5861,reserved_test,9631-RXVJM
5862,development,9584-EXCDZ
5863,development,7969-AULMZ
5864,development,5093-FEGLU
5865,development,2621-UDNLU
5866,development,7526-IVLYU
5867,development,2428-HYUNX
5868,development,9214-EKVXR
5869,development,3410-MHHUM
5870,reserved_test,0568-ONFPC
5871,development,0733-VUNUW
5872,reserved_test,4550-EVXNY
5873,development,2122-YWVYA
5874,development,2968-SSGAA
5875,development,2296-DKZFP
5876,development,4844-JJWUY
5877,reserved_test,6777-TGHTM
5878,development,8909-BOLNL
5879,development,6603-YRDCJ
5880,development,3538-WZPHD
5881,development,3229-USWAR
5882,reserved_test,2138-VFAPZ
5883,development,6131-JLWZM
5884,development,4785-QRJHC
5885,development,0269-XFESX
5886,development,1709-EJDOX
5887,development,4316-XCSLJ
5888,development,8610-WFCJF
5889,development,9693-XMUOB
5890,development,0383-CLDDA
5891,development,4905-JEFDW
5892,development,2709-UQGNP
5893,reserved_test,3549-ZTMNH
5894,development,7881-INRLC
5895,development,8033-ATFAS
5896,development,1635-NZATJ
5897,development,0562-HKHML
5898,development,8277-RVRSV
5899,reserved_test,9943-VSZUV
5900,development,0117-LFRMW
5901,development,6172-FECYY
5902,reserved_test,7054-ENNGU
5903,development,1455-HFBXA
5904,development,9402-CXWPL
5905,development,1628-BIZYP
5906,development,1965-AKTSX
5907,reserved_test,0082-LDZUE
5908,development,4786-UKSNZ
5909,reserved_test,5343-SGUBI
5910,development,0856-NAOES
5911,reserved_test,1976-AZZPJ
5912,development,7248-VZQLC
5913,development,6156-UZDLF
5914,development,3099-OONVS
5915,development,9500-WBGRP
5916,development,5183-KLYEM
5917,development,5144-PQCDZ
5918,development,8514-VZHEB
5919,development,6625-IUTTT
5920,development,9355-NPPFS
5921,development,0068-FIGTF
5922,development,5965-GGPRW
5923,development,8035-PWSEV
5924,development,2236-HILPA
5925,development,1840-BIUOG
5926,development,1356-MKYSK
5927,development,6080-LNESI
5928,development,1830-IPXVJ
5929,development,5828-DWPIL
5930,development,8398-TBIYD
5931,development,0011-IGKFF
5932,development,4192-GORJT
5933,reserved_test,6496-SLWHQ
5934,reserved_test,9912-GVSEQ
5935,development,2931-FSOHN
5936,development,9418-RUKPH
5937,development,5383-MMTWC
5938,development,9971-ZWPBF
5939,development,4712-AUQZO
5940,development,9711-FJTBX
5941,development,2908-ZTPNF
5942,development,7240-ETPTR
5943,development,2202-CUYXZ
5944,development,5995-OIGLP
5945,development,8421-WZOOW
5946,reserved_test,6261-RCVNS
5947,development,7951-QKZPL
5948,development,1414-YADCW
5949,development,8756-RDDLT
5950,development,2862-PFNIK
5951,development,5816-QVHRX
5952,development,4430-YHXGG
5953,reserved_test,6888-SBYAI
5954,development,7395-XWZOY
5955,development,7169-YWAMK
5956,development,3640-PHQXK
5957,development,6877-LGWXO
5958,development,6859-RKMZJ
5959,development,2729-VNVAP
5960,development,2957-JIRMN
5961,development,2049-BAFNW
5962,development,3842-QTGDL
5963,reserved_test,7163-OCEQI
5964,development,9782-LGXMC
5965,development,5975-BAICR
5966,development,8019-ENHXU
5967,development,5167-GBFRE
5968,development,9033-EOXWV
5969,development,4673-KKSLS
5970,reserved_test,4853-OITSN
5971,reserved_test,9800-OUIGR
5972,development,1324-NLTJE
5973,development,2324-EFHVG
5974,reserved_test,7094-MSZAO
5975,development,1522-VVDMG
5976,development,6907-CQGPN
5977,development,0780-XNZFN
5978,development,0239-OXEXL
5979,development,2675-IJRGJ
5980,development,7049-GKVZY
5981,development,8577-QSOCG
5982,reserved_test,3721-CNZHX
5983,development,0212-ISBBF
5984,development,9185-TQCVP
5985,development,3585-YNADK
5986,development,5271-DBYSJ
5987,development,1099-GODLO
5988,development,6828-HMKWP
5989,development,5567-WSELE
5990,reserved_test,1472-TNCWL
5991,development,8063-RJYNF
5992,development,0687-ZVTHB
5993,development,2080-GKCWQ
5994,development,9661-ACXBS
5995,development,2193-SFWQW
5996,development,5656-JAMLX
5997,development,3462-BJQQA
5998,development,0442-TDYUO
5999,development,6733-LRIZX
6000,development,9503-XJUME
6001,development,4367-NHWMM
6002,development,3727-RJMEO
6003,development,3779-OSWCF
6004,development,6736-DHUQI
6005,development,3915-ODIYG
6006,development,1360-RCYRT
6007,development,2724-FJDYW
6008,development,4451-RWASJ
6009,development,6646-VRFOL
6010,development,3460-TJBWI
6011,development,5917-HBSDW
6012,development,5685-IIXLY
6013,development,5671-UUNXD
6014,development,0956-ACVZC
6015,development,2325-NBPZG
6016,development,4250-ZBWLV
6017,development,4482-FTFFX
6018,development,8859-DZTGQ
6019,development,0440-MOGPM
6020,development,0020-JDNXP
6021,development,3752-CQSJI
6022,development,5025-GOOKI
6023,development,4698-KVLLG
6024,development,5095-AESKG
6025,development,2887-JPYLU
6026,development,4770-QAZXN
6027,development,4896-CPRPF
6028,development,1871-MOWRM
6029,reserved_test,9714-EDSUC
6030,development,2027-OAQQC
6031,development,0282-NVSJS
6032,reserved_test,9090-SGQXL
6033,development,6595-YGXIT
6034,development,7353-YOWFP
6035,development,9835-ZIITK
6036,development,8008-ESFLK
6037,development,7537-CBQUZ
6038,development,1555-DJEQW
6039,development,5649-TJHOV
6040,development,0519-XUZJU
6041,development,3363-EWLGO
6042,development,4750-UKWJK
6043,development,6338-AVWCY
6044,reserved_test,1689-YQBYY
6045,development,4487-ZYJZK
6046,development,2959-FENLU
6047,development,0708-LGSMF
6048,development,9253-QXKBE
6049,development,7634-HLQJR
6050,development,0487-RPVUM
6051,development,4079-ULGFR
6052,development,2516-XSJKX
6053,reserved_test,0057-QBUQH
6054,development,9445-SZLCH
6055,development,6599-SFQVE
6056,development,8331-ZXFOE
6057,reserved_test,4003-FUSHP
6058,development,0356-ERHVT
6059,reserved_test,7325-ENZFI
6060,development,4884-ZTHVF
6061,development,3920-HIHMQ
6062,development,3055-OYMSE
6063,development,0613-WUXUM
6064,reserved_test,7568-PODML
6065,development,4458-KVRBJ
6066,development,5349-IECLD
6067,reserved_test,1397-XKKWR
6068,reserved_test,3945-GFWQL
6069,reserved_test,8097-OMULG
6070,reserved_test,6013-BHCAW
6071,reserved_test,0401-WDBXM
6072,reserved_test,3387-PLKUI
6073,reserved_test,6096-EGVTU
6074,development,3797-VTIDR
6075,development,5081-NWSUP
6076,development,2580-ATZSQ
6077,development,8085-MSNLK
6078,development,9691-HKOVS
6079,development,9881-VCZEP
6080,development,9526-BIHHD
6081,development,8757-TFHHJ
6082,development,4523-WXCEF
6083,development,1468-DEFNC
6084,development,5119-KEPFY
6085,development,8364-TRMMK
6086,development,0916-KNFAJ
6087,reserved_test,8319-QBEHW
6088,reserved_test,3063-QFSZL
6089,reserved_test,8775-LHDJH
6090,development,9625-QNLUX
6091,reserved_test,3097-NQYSN
6092,development,4024-CSNBY
6093,development,7110-BDTWG
6094,development,7493-GVFIO
6095,development,0690-SRQID
6096,reserved_test,9605-WGJVW
6097,development,9114-DPSIA
6098,development,4700-UBQMV
6099,development,7711-GQBZC
6100,reserved_test,3565-UNOCC
6101,development,4627-MIHJH
6102,development,9795-NREXC
6103,development,8573-CGOCC
6104,development,7356-AYNJP
6105,reserved_test,9249-FXSCK
6106,development,5493-SDRDQ
6107,development,6286-SUUWT
6108,development,4819-HJPIW
6109,development,8654-DHAOW
6110,development,5438-QMDDL
6111,development,9812-GHVRI
6112,reserved_test,5553-AOINX
6113,development,1228-ZLNBX
6114,development,4226-KKDON
6115,reserved_test,3831-YCPUO
6116,development,7445-WMRBW
6117,development,3308-DGHKL
6118,development,9924-JPRMC
6119,development,0080-EMYVY
6120,development,6218-KNUBD
6121,development,7337-CINUD
6122,development,7609-NRNCA
6123,reserved_test,0623-EJQEG
6124,development,7153-CHRBV
6125,reserved_test,0871-URUWO
6126,development,9190-MFJLN
6127,development,6198-PNNSZ
6128,development,3317-VLGQT
6129,reserved_test,4132-POCZS
6130,development,5614-DNZCE
6131,reserved_test,1095-JUDTC
6132,development,3896-RCYYE
6133,development,9638-JIQYA
6134,development,3258-SANFR
6135,development,3726-TBHQT
6136,development,3190-ITQXP
6137,development,0870-VEMYL
6138,reserved_test,4833-QTJNO
6139,development,3039-MJSLN
6140,development,0178-CIIKR
6141,development,5385-SUIRI
6142,development,3982-XWFZQ
6143,reserved_test,5774-QPLTF
6144,development,2322-VCZHZ
6145,development,5010-IPEAQ
6146,reserved_test,4009-ALQFH
6147,development,6383-ZTSIW
6148,development,8990-YOZLV
6149,development,3069-SSVSN
6150,reserved_test,5222-IMUKT
6151,reserved_test,3627-FCRDW
6152,reserved_test,7562-GSUHK
6153,reserved_test,6685-XSHHU
6154,development,8901-UPRHR
6155,development,4903-UYAVB
6156,reserved_test,0118-JPNOY
6157,development,6776-TLWOI
6158,development,3845-FXCYS
6159,development,5857-XRECV
6160,reserved_test,0725-CXOTM
6161,development,4343-EJVQB
6162,development,9000-PLFUZ
6163,reserved_test,3427-GGZZI
6164,development,7779-ORAEL
6165,reserved_test,0644-OQMDK
6166,development,4077-CROMM
6167,development,3154-CFSZG
6168,development,2868-MZAGQ
6169,reserved_test,4847-QNOKA
6170,development,2220-IAHLS
6171,reserved_test,1658-XUHBX
6172,development,6379-RXJRQ
6173,development,2378-HTWFW
6174,development,8650-RHRKE
6175,development,4377-VDHYI
6176,development,0475-RIJEP
6177,development,1260-TTRXI
6178,development,3719-TDVQB
6179,development,6328-ZPBGN
6180,development,0201-MIBOL
6181,development,4937-QPZPO
6182,reserved_test,2925-VDZHY
6183,development,6981-TDRFT
6184,development,3413-CSSTH
6185,development,8033-VCZGH
6186,development,4789-KWMXN
6187,development,0224-NIJLP
6188,reserved_test,7542-CYDDM
6189,development,4718-WXBGI
6190,development,2867-UIMSS
6191,development,8495-PRWFH
6192,development,0439-IFYUN
6193,development,5716-LIBJC
6194,development,2868-LLSKM
6195,development,8111-RKSPX
6196,development,2988-QRAJY
6197,development,1585-MQSSU
6198,development,0071-NDAFP
6199,development,2856-NNASM
6200,reserved_test,7328-ZJAJO
6201,reserved_test,6458-CYIDZ
6202,development,8559-CIZFV
6203,development,1090-PYKCI
6204,reserved_test,3058-WQDRE
6205,development,7547-EKNFS
6206,reserved_test,2279-AXJJK
6207,development,6769-DYBQN
6208,development,0909-SELIE
6209,development,3417-TSCIC
6210,development,1042-HFUCW
6211,development,4439-JMPMT
6212,development,6537-OTKMY
6213,development,8999-EXMNO
6214,reserved_test,6725-TPKJO
6215,development,2446-BEGGB
6216,development,7162-WPHPM
6217,development,1599-MMYRQ
6218,development,8821-KVZKQ
6219,development,1496-GGSUK
6220,development,6434-TTGJP
6221,development,0042-JVWOJ
6222,development,0130-SXOUN
6223,development,2575-GFSOE
6224,development,2330-PQGDQ
6225,reserved_test,1452-UZOSF
6226,development,2097-YVPKN
6227,reserved_test,2842-JTCCU
6228,development,8597-CTXVJ
6229,development,6631-HMANX
6230,development,9962-BFPDU
6231,development,3296-SILRA
6232,development,9681-OXGVC
6233,development,6394-HHHZM
6234,development,5995-LFTLE
6235,development,5180-UCIIQ
6236,development,1932-UEDCX
6237,reserved_test,7153-OANIO
6238,development,5188-HGMLP
6239,development,0665-XHDJU
6240,development,6521-YYTYI
6241,development,8878-HMWBV
6242,development,8265-HKSOW
6243,development,3544-FBCAS
6244,development,5331-RGMTT
6245,development,4759-PXTAN
6246,development,7054-DMVAS
6247,development,3428-MMGUB
6248,development,6549-BTYPG
6249,development,7823-JSOAG
6250,development,3705-RHRFR
6251,development,9374-YOLBJ
6252,development,9074-KGVOX
6253,development,6128-DAFVY
6254,development,9933-QRGTX
6255,development,4476-OSWTN
6256,development,3751-KTZEL
6257,development,1977-STDKI
6258,development,5066-GFJMM
6259,development,2661-GKBTK
6260,development,0458-HEUZG
6261,development,7268-WNTCP
6262,reserved_test,0824-VWDPO
6263,development,8409-WQJUX
6264,development,2578-JQPHZ
6265,development,3278-FSIXX
6266,development,5813-UECBU
6267,development,0328-GRPMV
6268,development,9746-UGFAC
6269,development,2946-KIQSP
6270,development,0625-AFOHS
6271,development,6726-WEXXK
6272,development,4636-OLWOE
6273,development,4342-HENTK
6274,development,4685-ERGHK
6275,reserved_test,0885-HMGPY
6276,development,5003-OKNNK
6277,reserved_test,4195-SMMNX
6278,development,7208-PSIHR
6279,development,4012-ZTHBR
6280,development,0489-WMEMG
6281,development,7435-ZNUYY
6282,reserved_test,1354-YZFNB
6283,reserved_test,6956-SMUCM
6284,development,2985-FMWYF
6285,reserved_test,2812-ENYMO
6286,development,2717-HVIZY
6287,development,3223-WZWJM
6288,development,3422-GALYP
6289,reserved_test,9053-JZFKV
6290,development,2530-ENDWQ
6291,development,2890-WFBHU
6292,development,0327-WFZSY
6293,development,7977-HXJKU
6294,development,6615-ZGEDR
6295,development,7033-CLAMM
6296,development,4023-RTIQM
6297,development,0864-FVJNJ
6298,development,7356-IWLFW
6299,development,9541-PWTWO
6300,development,3967-VQOGC
6301,development,7872-RDDLZ
6302,development,9250-WYPLL
6303,reserved_test,6308-CQRBU
6304,reserved_test,2754-XBHTB
6305,development,1597-LHYNC
6306,development,0186-CAERR
6307,reserved_test,3043-SUDUA
6308,development,5442-BHQNG
6309,development,2169-RRLFW
6310,reserved_test,5872-OEQNH
6311,development,3162-KKZXO
6312,reserved_test,7055-VKGDA
6313,reserved_test,0754-UKWQP
6314,development,8873-GLDMH
6315,development,5696-JVVQY
6316,development,8946-BFWSG
6317,development,7493-TPUWZ
6318,reserved_test,0547-HURJB
6319,development,8904-OPDCK
6320,development,8845-LWKGE
6321,development,1577-HKTFG
6322,reserved_test,8752-STIVR
6323,reserved_test,0691-NIKRI
6324,development,5022-JNQEQ
6325,reserved_test,4558-FANTW
6326,reserved_test,3249-VHRIP
6327,development,3736-BLEPA
6328,reserved_test,4701-LKOZD
6329,development,6603-QWSPR
6330,development,9921-QFQUL
6331,reserved_test,1929-ZCBHE
6332,reserved_test,4378-MYPGO
6333,development,8651-ENBZX
6334,development,4129-LYCOI
6335,development,7798-JVXYM
6336,development,8647-SDTWQ
6337,development,2696-ECXKC
6338,reserved_test,2081-KJSQF
6339,reserved_test,7623-TRNQN
6340,reserved_test,3323-CPBWR
6341,reserved_test,9330-IJWIO
6342,reserved_test,3384-CTMSF
6343,development,0902-RFHOF
6344,reserved_test,9286-DOJGF
6345,development,6048-QBXKL
6346,development,9661-MHUMO
6347,reserved_test,7718-RXDGG
6348,development,1025-FALIX
6349,development,3451-VAWLI
6350,development,3407-QGWLG
6351,development,1842-EZJMK
6352,development,2347-WKKAE
6353,development,8735-DCXNF
6354,development,3214-IYUUQ
6355,reserved_test,1936-UAFEH
6356,development,3587-PMCOY
6357,development,8079-XRJRS
6358,development,1027-LKKQQ
6359,development,7148-XZPHA
6360,development,8073-IJDCM
6361,reserved_test,5309-TAIKL
6362,development,6856-RAURS
6363,reserved_test,8778-LMWTJ
6364,development,9717-IOAAF
6365,reserved_test,8884-ADFVN
6366,development,2845-KDHVX
6367,development,0848-SOMKO
6368,reserved_test,2720-WGKHP
6369,development,6734-FQAJX
6370,development,2869-ADAWR
6371,development,1535-VTJOQ
6372,development,6368-TZZDT
6373,development,0943-ZQPXH
6374,development,1293-BSEUN
6375,development,9894-EZEWG
6376,development,1302-TPUBN
6377,development,7851-FLGGQ
6378,development,0637-UBJRP
6379,development,0940-OUQEC
6380,development,2378-VTKDH
6381,reserved_test,0927-CNGRH
6382,development,8608-OZTLB
6383,development,2335-GSODA
6384,development,1952-DVVSW
6385,development,0702-PGIBZ
6386,development,6656-GULJQ
6387,reserved_test,9853-JFZDU
6388,development,1963-VAUKV
6389,development,3777-XROBG
6390,development,6994-FGRHH
6391,development,4000-VGMQP
6392,development,3999-WRNGR
6393,development,3466-RITXD
6394,development,2680-XKKNJ
6395,development,3058-HJCUY
6396,development,2974-GGUXS
6397,development,7994-XIRTR
6398,development,3259-FDWOY
6399,development,2101-RANCD
6400,reserved_test,7921-BEPCI
6401,development,0807-ZABDG
6402,development,8510-TMWYB
6403,development,3258-ZKPAI
6404,development,1428-IEDPR
6405,development,5298-GSTLM
6406,reserved_test,4450-YOOHP
6407,development,6728-CZFEI
6408,development,5748-RNCJT
6409,development,3653-NCRDJ
6410,reserved_test,6121-TNHBO
6411,reserved_test,5119-NZPTV
6412,development,6519-ZHPXP
6413,reserved_test,7739-LAXOG
6414,development,3472-QPRCH
6415,development,8224-UAXBZ
6416,development,9610-WCESF
6417,reserved_test,9776-CLUJA
6418,development,2486-WYVVE
6419,development,3865-ZYKAD
6420,development,1422-DGUBX
6421,development,2999-AANRQ
6422,development,8668-KNZTI
6423,development,0480-KYJVA
6424,reserved_test,6034-ZRYCV
6425,development,9746-YKGXB
6426,development,3926-YZVVX
6427,development,6000-UKLWI
6428,development,2079-FBMZK
6429,development,6332-FBZRI
6430,development,2096-XOTMO
6431,development,3266-FTKHB
6432,development,8221-EQDGL
6433,reserved_test,2346-LOCWC
6434,development,6608-QQLVK
6435,development,0298-XACET
6436,development,7560-QJAVJ
6437,development,2995-YWTCD
6438,development,3551-HUAZH
6439,development,9137-UIYPG
6440,development,2809-ZMYOQ
6441,reserved_test,5084-OOVCJ
6442,reserved_test,0254-WWRKD
6443,development,7727-SHVZV
6444,reserved_test,6302-JGYRJ
6445,development,5339-PXDVH
6446,development,2205-LPVGL
6447,development,8782-NUUOL
6448,reserved_test,3685-YLCMQ
6449,development,7601-WFVZV
6450,development,4609-KNNWG
6451,development,4868-AADLV
6452,development,9529-OFXHY
6453,development,8634-MPHTR
6454,reserved_test,2669-QVCRG
6455,development,2478-EEWWM
6456,development,9174-IHETN
6457,development,2233-TXSIU
6458,development,9644-UMGQA
6459,development,3256-EZDBI
6460,reserved_test,8761-NSOBC
6461,development,0419-YAAPX
6462,development,8413-VONUO
6463,development,0872-CASZJ
6464,development,4726-DLWQN
6465,reserved_test,8164-OCKUJ
6466,development,3094-JOJAI
6467,development,9494-MRNYX
6468,development,2599-CZABP
6469,development,7945-PRBVF
6470,development,4544-RXFMG
6471,reserved_test,0859-YGKFW
6472,development,1150-FTQGN
6473,development,9223-UCPVT
6474,development,7196-LIWRH
6475,reserved_test,5448-VWNAM
6476,development,1177-XZBJL
6477,development,3518-FSTWG
6478,development,9330-VOFSZ
6479,development,4351-QLCSU
6480,reserved_test,0939-EREMR
6481,reserved_test,9389-ACWBI
6482,development,5419-JPRRN
6483,development,3644-QXEHN
6484,development,2911-IJORQ
6485,development,5921-NGYRH
6486,development,2100-BDNSN
6487,reserved_test,5998-DZLYR
6488,reserved_test,0488-GSLFR
6489,development,9318-NKNFC
6490,development,3985-HOYPM
6491,development,9728-FTTVZ
6492,reserved_test,9548-LERKT
6493,reserved_test,6576-FBXOJ
6494,development,4310-KEDTB
6495,development,7254-IQWOZ
6496,development,2474-BRUCM
6497,development,4062-HBMOS
6498,development,0742-NXBGR
6499,reserved_test,2676-ISHSF
6500,development,9236-NDUCW
6501,development,4753-PADAS
6502,development,6103-QCKFX
6503,development,7781-EWARA
6504,development,6110-OHIHY
6505,development,7018-FPXHH
6506,reserved_test,5889-LFOLL
6507,development,5708-EVONK
6508,development,8708-XPXHZ
6509,reserved_test,0616-ATFGB
6510,development,0572-ZJKLT
6511,development,5135-RDDQL
6512,development,1353-LJWEM
6513,development,1794-SWWKL
6514,reserved_test,6166-YIPFO
6515,reserved_test,7016-BPGEU
6516,development,6876-ADESB
6517,development,9332-GYWLO
6518,development,1963-SVUCV
6519,development,4184-VODJZ
6520,development,0220-EBGCE
6521,development,1092-WPIVQ
6522,development,7233-IOQNP
6523,development,2834-JKOOW
6524,development,2754-VDLTR
6525,development,2400-FEQME
6526,development,3190-XFANI
6527,reserved_test,7551-DACSP
6528,development,4957-SREEC
6529,development,7235-NXZCP
6530,development,0230-UBYPQ
6531,development,4923-ADWXJ
6532,development,1763-KUAAW
6533,development,1104-TNLZA
6534,development,5195-KPUNQ
6535,reserved_test,0520-FDVVT
6536,development,3439-GVUSX
6537,development,1444-VVSGW
6538,reserved_test,5712-PTIWW
6539,development,5949-HGVJL
6540,development,5203-XEHAX
6541,development,1635-HDGFT
6542,development,3315-TOTBP
6543,development,8050-XGRVL
6544,development,6661-HBGWL
6545,development,1518-VOWAV
6546,development,9828-QHFBK
6547,development,3908-MKIMJ
6548,development,5012-YSPJJ
6549,reserved_test,5909-ECHUI
6550,development,1309-BXVOQ
6551,reserved_test,6728-VOIFY
6552,reserved_test,9317-WZPGV
6553,reserved_test,4891-NLUBA
6554,development,2856-HYAPG
6555,development,8969-PRHFK
6556,development,0661-KQHNK
6557,development,8709-KRDVL
6558,development,4488-PSYCG
6559,development,1427-VERSM
6560,development,9801-NOSHQ
6561,development,6339-YPSAH
6562,reserved_test,3621-CEOVK
6563,development,6906-ANDWJ
6564,reserved_test,2159-TURXX
6565,development,1548-FEHVL
6566,development,3795-CAWEX
6567,development,6215-NQCPY
6568,development,5647-URDKA
6569,development,2229-DPMBI
6570,development,9626-WEQRM
6571,development,2188-SXWVT
6572,development,6258-PVZWJ
6573,development,1094-BKOSX
6574,reserved_test,6969-MVBAI
6575,development,2978-XXSOG
6576,development,2342-CKIAO
6577,development,6953-PBDIN
6578,reserved_test,3898-BSJYF
6579,reserved_test,3938-YFPXD
6580,development,7696-AMHOD
6581,development,2453-SAFNS
6582,reserved_test,9558-IHEZX
6583,development,9617-UDPEU
6584,reserved_test,6340-DACFT
6585,development,4955-VCWBI
6586,development,6813-GZQCG
6587,development,7426-GSWPO
6588,development,3389-KTRXV
6589,development,3118-UHVVQ
6590,development,1031-IIDEO
6591,development,5832-XKAES
6592,reserved_test,3205-MXZRA
6593,development,4701-AHWMW
6594,development,8317-BVKSO
6595,development,5702-KVQRD
6596,development,0083-PIVIK
6597,development,9210-IAHGH
6598,development,6169-PGNCD
6599,development,0023-XUOPT
6600,reserved_test,4592-IWTJI
6601,development,4909-JOUPP
6602,development,4657-FWVFY
6603,reserved_test,2257-BOVXD
6604,development,7729-JTEEC
6605,development,7632-MNYOY
6606,development,6518-LGAOV
6607,reserved_test,7242-QZLXF
6608,development,4576-CSAJH
6609,development,1000-AJSLD
6610,reserved_test,9696-RMYBA
6611,reserved_test,8690-UPCZI
6612,development,1062-LHZOD
6613,reserved_test,9770-LXDBK
6614,development,4086-WITJG
6615,development,8344-WFMFH
6616,development,9600-NAXZN
6617,development,8822-KNBHV
6618,development,8404-FYDIB
6619,development,2791-SFVEW
6620,reserved_test,6457-USBER
6621,development,6762-NSODU
6622,development,4662-EKDPQ
6623,reserved_test,9248-OJYKK
6624,development,9888-ZCUMM
6625,development,3398-FSHON
6626,development,3319-DWOEP
6627,development,1074-WVEVG
6628,development,9979-RGMZT
6629,development,6437-UDQJM
6630,development,1226-IENZN
6631,development,2108-GLPQB
6632,development,9259-PACGQ
6633,development,4415-IJZTP
6634,development,1465-VINDH
6635,development,5474-LAMUQ
6636,development,3468-DRVQJ
6637,development,1122-YJBCS
6638,development,4990-ALDGW
6639,development,4816-OKWNX
6640,development,3315-IKYZQ
6641,development,2810-FTLEM
6642,development,4747-LCAQL
6643,development,3411-WLRSQ
6644,development,0898-XCGTF
6645,reserved_test,8006-PYCSW
6646,development,8249-THVEC
6647,development,8722-PRFDV
6648,development,2164-SOQXL
6649,development,4020-KIUDI
6650,development,5850-BDWCY
6651,development,2038-YSEZE
6652,development,0827-ITJPH
6653,development,8799-OXZMD
6654,development,1925-TIBLE
6655,development,1705-GUHPV
6656,development,4779-ZGICK
6657,reserved_test,0048-PIHNL
6658,development,0818-OCPZO
6659,reserved_test,3967-KXAPS
6660,development,1447-GIQMR
6661,reserved_test,3704-IEAXF
6662,development,6810-VCAEX
6663,reserved_test,0674-EYYZV
6664,development,4480-MBMLB
6665,development,1395-OFUWC
6666,development,0822-QGCXA
6667,development,0872-NXJYS
6668,development,2832-KJCRD
6669,development,3588-WSTTJ
6670,reserved_test,4075-WKNIU
6671,development,5090-EMGTC
6672,development,2346-CZYIL
6673,development,3798-EPWRR
6674,reserved_test,6258-NGCNG
6675,development,4186-ZBUEW
6676,reserved_test,5274-XHAKY
6677,development,1442-BQPVU
6678,development,3978-YNKDD
6679,development,4940-KHCWD
6680,development,9412-ARGBX
6681,development,1389-CXMLU
6682,reserved_test,9589-ABEPT
6683,development,9388-ZEYVT
6684,development,0305-SQECB
6685,reserved_test,7605-SNLQG
6686,development,4670-TABXH
6687,development,5561-NWEVX
6688,development,0064-SUDOG
6689,reserved_test,8561-NMTBD
6690,development,5161-XEUVX
6691,development,8292-FRFZQ
6692,reserved_test,8591-NXRCV
6693,development,7895-VONWT
6694,development,4526-RMTLL
6695,development,6253-GNHWH
6696,development,4566-NECEV
6697,development,8080-POTJR
6698,reserved_test,6906-MPARY
6699,development,3662-FXJFO
6700,development,8107-RZLNV
6701,reserved_test,0516-OOHAR
6702,development,2027-CWDNU
6703,development,2737-WFVYW
6704,development,9912-OMZDS
6705,development,3733-ZEECP
6706,development,7878-RTCZG
6707,reserved_test,2452-MRMZF
6708,development,2272-QAGFO
6709,development,7103-IPXPJ
6710,development,4342-HFXWS
6711,reserved_test,3545-CNWRG
6712,development,1785-BPHTP
6713,development,4989-LIXVT
6714,development,7315-WYOAW
6715,reserved_test,1173-XZPYF
6716,development,9850-OWRHQ
6717,development,3768-NLUBH
6718,development,8676-TRMJS
6719,development,2509-TFPJU
6720,development,9530-GRMJG
6721,development,6898-RBTLU
6722,development,5481-NTDOH
6723,development,2068-WWXQZ
6724,development,7359-SSBJK
6725,development,2061-VVFST
6726,development,0685-MLYYM
6727,development,0749-IRGQE
6728,reserved_test,2380-DAMQP
6729,reserved_test,2256-YLYLP
6730,development,1272-ILHFG
6731,development,0164-XAIRP
6732,development,5666-CYCYZ
6733,reserved_test,4011-ARPHK
6734,development,8182-PNAGI
6735,development,6365-HITVU
6736,reserved_test,7558-IMLMT
6737,development,9488-FYQAU
6738,reserved_test,3590-TCXTB
6739,reserved_test,6994-KERXL
6740,development,7957-RYHQD
6741,development,2180-DXNEG
6742,development,1960-UOTYM
6743,development,2740-JFBOK
6744,development,6500-JVEGC
6745,development,5515-AKOAJ
6746,development,8976-OQHGT
6747,development,5245-VDBUR
6748,development,6230-BSUXY
6749,development,8469-SNFFH
6750,development,2144-ESWKO
6751,development,1241-FPMOF
6752,reserved_test,9928-BZVLZ
6753,development,4114-QMKVN
6754,development,2775-SEFEE
6755,reserved_test,9003-CPATH
6756,development,1754-GKYPY
6757,development,5294-CDGWY
6758,development,7956-XQWGU
6759,development,1591-MQJTP
6760,development,5295-PCJOO
6761,development,2369-FEVNO
6762,reserved_test,9863-JZAIC
6763,development,7471-MQPOS
6764,development,7660-HDPJV
6765,development,5115-SQAAU
6766,development,9845-QOMAD
6767,development,7672-VFMXZ
6768,development,9739-JLPQJ
6769,development,9916-AYHTC
6770,development,3855-ONCAR
6771,reserved_test,1488-SYSFC
6772,development,7931-PXHFC
6773,development,3990-QYKBE
6774,development,0970-QXPXW
6775,development,3259-KNMRR
6776,development,6120-RJKLU
6777,development,9572-WUKSB
6778,development,5893-KCLGT
6779,development,0076-LVEPS
6780,reserved_test,3640-JQGJG
6781,development,4919-MOAVT
6782,development,1596-OQSPS
6783,development,9867-XOBQA
6784,development,9546-KDTRB
6785,reserved_test,3090-HAWSU
6786,development,9820-RMCQV
6787,development,3174-RKMOW
6788,development,1760-CAZHT
6789,development,7839-QRKXN
6790,development,8441-SHIPE
6791,development,5204-QZXPU
6792,development,4597-ELFTS
6793,development,1320-GVNHT
6794,development,1047-RNXZV
6795,development,3541-ZNUHK
6796,reserved_test,8450-JOVAH
6797,reserved_test,8725-JEDFD
6798,development,7562-UXTPG
6799,reserved_test,8071-SBTRN
6800,reserved_test,1113-IUJYX
6801,development,6668-CNMFP
6802,development,5626-MGTUK
6803,reserved_test,5681-LLOEI
6804,reserved_test,8212-DJRCH
6805,development,4323-OHFOW
6806,reserved_test,4933-BSAIP
6807,reserved_test,2030-BTZRO
6808,development,1116-DXXDF
6809,development,9274-CNFMO
6810,development,7758-XKCBS
6811,development,8992-JQYUN
6812,development,6563-VNPMN
6813,development,0617-AQNWT
6814,development,2267-WTPYD
6815,reserved_test,0270-THENM
6816,development,2446-PLQVO
6817,reserved_test,4707-MAXGU
6818,reserved_test,2710-WYVXG
6819,development,3005-NFMTA
6820,development,6300-BWMJX
6821,reserved_test,8784-CGILN
6822,development,5389-FFVKB
6823,reserved_test,7009-LGECI
6824,development,8444-WRIDW
6825,development,5022-KVDQT
6826,reserved_test,7976-CICYS
6827,development,1036-GUDCL
6828,development,2005-DWQZJ
6829,reserved_test,8148-WOCMK
6830,development,7815-PDTHL
6831,development,9451-LPGOO
6832,development,9173-IVZVP
6833,reserved_test,9129-UXERG
6834,development,3635-JBPSG
6835,development,7964-ZRKKG
6836,development,5868-YWPDW
6837,development,6229-LSCKB
6838,development,2025-JKFWI
6839,reserved_test,4078-SAYYN
6840,development,1724-IQWNM
6841,development,8217-QYOHV
6842,development,5546-QUERU
6843,development,9940-HPQPG
6844,development,6897-UUBNU
6845,development,6127-IYJOZ
6846,development,6618-RYATB
6847,development,8930-XOTDP
6848,reserved_test,5916-QEWPT
6849,development,5060-TQUQN
6850,development,0531-XBKMM
6851,reserved_test,8465-SBRXP
6852,reserved_test,2408-PSJVE
6853,development,9079-YEXQJ
6854,reserved_test,9700-ZCLOT
6855,reserved_test,8738-JOKAR
6856,development,4534-WGCIR
6857,development,1930-WNXSB
6858,development,2685-SREOM
6859,development,3508-CFVZL
6860,development,0402-CQAJN
6861,reserved_test,6692-UDPJC
6862,reserved_test,1273-MTETI
6863,development,0657-DOGUM
6864,development,5480-HPRRX
6865,development,8792-AOROI
6866,development,0295-PPHDO
6867,development,5146-YYFRZ
6868,reserved_test,1195-OIYEJ
6869,development,5906-CVLHP
6870,development,3452-SRFEG
6871,development,4070-OKWVH
6872,development,5297-MDOIR
6873,development,6369-MCAKO
6874,reserved_test,4926-UMJZD
6875,development,6848-HJTXY
6876,development,6341-AEVKX
6877,development,4501-EQDRN
6878,reserved_test,2990-HWIML
6879,development,0682-USIXD
6880,reserved_test,6976-BWGLQ
6881,development,7078-NVFAM
6882,development,8065-QBYTO
6883,development,2133-TSRRM
6884,development,7384-GHBPI
6885,development,7603-USHJS
6886,reserved_test,7234-FECYN
6887,development,2511-ALLCS
6888,reserved_test,3191-CSNMG
6889,development,7952-OBOYL
6890,development,7470-DYNOE
6891,development,7853-OETYL
6892,reserved_test,1545-ACTAS
6893,development,5876-HZVZM
6894,development,1400-MMYXY
6895,development,5126-RCXYW
6896,development,3085-QUOZK
6897,reserved_test,2363-BJLSL
6898,development,1956-YIFGE
6899,development,3926-CUQZX
6900,development,7921-LMDFQ
6901,development,2925-MXLSX
6902,development,5820-PTRYM
6903,development,9609-BENEA
6904,development,6211-WHMYA
6905,development,4459-BBGHE
6906,development,9945-PSVIP
6907,development,1041-RXHRA
6908,development,1750-CSKKM
6909,development,9108-EJFJP
6910,development,0530-IJVDB
6911,reserved_test,0508-SQWPL
6912,development,2215-ZAFGX
6913,development,8213-TAZPM
6914,development,7142-HVGBG
6915,development,1304-SEGFY
6916,development,7242-EDTYC
6917,development,2904-GGUAZ
6918,development,8267-ZNYVZ
6919,development,5136-GFPMB
6920,development,2595-KIWPV
6921,development,5243-SAOTC
6922,development,9398-MMQTO
6923,development,7619-PLRLP
6924,development,6457-GIRWB
6925,development,6508-NJYRO
6926,development,1450-SKCVI
6927,development,4710-NKCAW
6928,development,5306-BVTKJ
6929,development,0357-NVCRI
6930,reserved_test,5570-PTWEH
6931,development,2371-KFUOG
6932,development,0463-ZSDNT
6933,development,6502-MJQAE
6934,development,6257-DTAYD
6935,reserved_test,4616-ULAOA
6936,development,7693-LCKZL
6937,reserved_test,7746-AWNQW
6938,development,5996-EBTKM
6939,development,2758-RNWXS
6940,development,2314-TNDJQ
6941,reserved_test,2405-LBMUW
6942,reserved_test,3454-JFUBC
6943,development,0032-PGELS
6944,reserved_test,9039-ZVJDC
6945,development,6797-LNAQX
6946,development,9013-AQORL
6947,development,2898-MRKPI
6948,reserved_test,2750-BJLSB
6949,reserved_test,3648-GZPHF
6950,development,2075-RMJIK
6951,development,9588-YRFHY
6952,reserved_test,6394-MFYNG
6953,development,1564-NTYXF
6954,development,9364-YKUVW
6955,development,5392-AKEMH
6956,development,2451-YMUXS
6957,reserved_test,3914-FDRHP
6958,reserved_test,3078-ZKNTS
6959,development,1024-KPRBB
6960,development,4690-PKDQG
6961,development,8155-IBNHG
6962,development,0886-QGENL
6963,development,9547-ITEFG
6964,development,1264-FUHCX
6965,development,7789-CRUVC
6966,reserved_test,6598-KELSS
6967,development,8739-WWKDU
6968,development,8685-WHQPW
6969,development,4745-LSPLO
6970,development,8083-YTZES
6971,development,7240-FQLHE
6972,development,6664-FPDAC
6973,development,9972-VAFJJ
6974,reserved_test,0422-UXFAP
6975,development,1904-WAJAA
6976,development,5130-YPIRV
6977,reserved_test,2843-CQMEG
6978,development,6439-PKTRR
6979,reserved_test,5351-QESIO
6980,development,0786-VSSUD
6981,reserved_test,5568-DMXZS
6982,development,8468-FZTOE
6983,development,6633-SYEUS
6984,development,6447-GORXK
6985,reserved_test,6967-PEJLL
6986,development,3976-BWUCK
6987,development,5981-ZVXOT
6988,development,1684-FLBGS
6989,development,1389-WNUIB
6990,reserved_test,0376-OIWME
6991,development,3585-ISXZP
6992,development,0218-QNVAS
6993,development,6583-QGCSI
6994,development,0804-YGEQV
6995,development,7164-BPTUT
6996,development,4174-LPGTI
6997,development,2523-EWWZL
6998,development,0928-XUTSN
6999,development,2108-XWMPY
7000,development,0052-YNYOT
7001,development,6304-IJFSQ
7002,development,9586-JGQKH
7003,development,4501-VCPFK
7004,development,6075-SLNIL
7005,reserved_test,9347-AERRL
7006,development,0093-XWZFY
7007,development,2274-XUATA
7008,development,1980-KXVPM
7009,development,7703-ZEKEF
7010,development,0723-DRCLG
7011,development,5482-NUPNA
7012,reserved_test,6691-CCIHA
7013,development,1685-BQULA
7014,development,9053-EJUNL
7015,development,0666-UXTJO
7016,reserved_test,1471-GIQKQ
7017,development,4807-IZYOZ
7018,development,1122-JWTJW
7019,development,9710-NJERN
7020,reserved_test,9837-FWLCH
7021,reserved_test,1699-HPSBG
7022,development,7203-OYKCT
7023,development,1035-IPQPU
7024,development,7398-LXGYX
7025,development,2823-LKABH
7026,development,8775-CEBBJ
7027,development,0550-DCXLH
7028,reserved_test,9281-CEDRU
7029,development,2235-DWLJU
7030,development,0871-OPBXW
7031,development,3605-JISKB
7032,development,6894-LFHLY
7033,development,9767-FFLEM
7034,development,0639-TSIQW
7035,development,8456-QDAVC
7036,development,7750-EYXWZ
7037,development,2569-WGERO
7038,reserved_test,6840-RESVB
7039,reserved_test,2234-XADUH
7040,development,4801-JZAZL
7041,development,8361-LTMKD
7042,reserved_test,3186-AJIEK
