row_index,split,group_id
0,development,7827498014386049857
1,development,10301912100574884978
2,development,4596408639997494269
3,development,9053912496676683716
4,development,10119719326014511300
5,development,652468208624723984
6,reserved_test,15440600453743079997
7,reserved_test,8404711700684056730
8,development,1741945650743593569
9,development,11622736792058908869
10,development,3246762093017017422
11,development,12014591428525164445
12,development,13016979544269857275
13,development,14799252605509475126
14,development,4757395408620815925
15,development,2087607664071755761
16,development,1655476596759787479
17,reserved_test,55920489075940336
18,development,5205107714038359186
19,development,16335064107924882942
20,development,8699788253852615684
21,development,6785330440580786946
22,development,4846575427654337743
23,development,9721704496859989505
24,reserved_test,6774064904298709101
25,development,4593776810347842238
26,reserved_test,1741580839520477888
27,reserved_test,5807627997666663322
28,reserved_test,10507953690693501749
29,development,7429901618665533976
30,development,12968137357380176679
31,development,10723826080495050564
32,development,6731739658119383596
33,reserved_test,6416714322381841240
34,development,771462851694737302
35,development,8727855701682865212
36,development,17383317043211860908
37,development,2616360303789774285
38,development,15474032396718577287
39,development,5055126873269408677
40,reserved_test,14276278739231573982
41,reserved_test,11593703257492059978
42,development,11701237562560689492
43,development,17679468593046323447
44,development,3841489039406168170
45,development,17827092110179547713
46,development,13685388781160845568
47,development,7028467879224767917
48,development,15970012427245440627
49,development,11955884411945949853
50,development,14148539035983109496
51,development,6411803712969665030
52,reserved_test,5299136910162958902
53,development,10442073091517422166
54,development,5716409899026361461
55,development,13518225671300354098
56,development,16886974361691307608
57,development,11590201231178827698
58,development,15068559368580091269
59,reserved_test,9786720477784963751
60,development,3032837749808026429
61,development,12765630870356782979
62,development,5468375013467822817
63,development,6179018223337960278
64,development,5795481375067876458
65,development,8714980699574122163
66,development,855385832744626162
67,development,13732673394129891742
68,development,1857407191013882860
69,development,2973435010936475753
70,development,7595447608892879448
71,reserved_test,4895942488270414185
72,development,6255444638916581927
73,development,5720694294465214557
74,development,9834402018233828615
75,development,12354185066257143565
76,development,9688735215952654651
77,development,14450837186905053496
78,development,6779001153824475804
79,development,2841453942567165451
80,reserved_test,12998477644014432969
81,development,9738174955227354263
82,development,17200897348430655414
83,development,16642854139265759567
84,development,5408828110680635287
85,development,17218706744945665806
86,reserved_test,1630844858128166686
87,reserved_test,6327713731806774139
88,development,12909344697007235081
89,development,11765379419453161068
90,development,7604085099101552194
91,development,15759358406006868458
92,development,5918552274583422345
93,reserved_test,9153515719681303004
94,development,7129447873169437665
95,reserved_test,1251278188513068917
96,reserved_test,5085698056829347140
97,development,1533680980760947635
98,development,16445036582325399358
99,development,16048421774895124515
100,reserved_test,11998124940211647087
101,development,16833667136834044422
102,development,795608029793286479
103,development,12836144564039091960
104,development,5422228682201944725
105,development,3031069188652997009
106,development,15332098642942719727
107,development,14440362839614117774
108,development,1215548219579607604
109,development,10919975450462087082
110,development,2143842755814477707
111,reserved_test,1204665057020116413
112,development,6480091585882111272
113,reserved_test,4851918421563086990
114,development,11964205789823738210
115,development,1894485220137686808
116,development,8031953391622033839
117,reserved_test,11920904522867427827
118,development,5896913121594420988
119,development,16513450832207189594
120,development,12891549715743393068
121,development,15412276654707617339
122,development,7273775807631620738
123,development,16476416253107003655
124,development,17790337243481032143
125,development,10298992445328095274
126,development,16532246513985074164
127,development,11929206649469690063
128,development,16535379602415859857
129,development,10599522261603693193
130,reserved_test,4438864803001062010
131,development,1070811695531267405
132,reserved_test,54417041331302585
133,development,7380852259058169644
134,development,9957318123810376743
135,development,6636697800509822616
136,reserved_test,9824657145566529566
137,development,4034757205186552101
138,development,5991315790871228406
139,reserved_test,18063296248480506003
140,development,3425692788228380348
141,development,10671097751894991926
142,reserved_test,15044278310780907119
143,reserved_test,219955872115237017
144,development,12936249441738618552
145,development,14778257360381577976
146,reserved_test,6137647887859720588
147,development,13102861128245572983
148,development,13448620595656652103
149,reserved_test,2647848111999979674
150,reserved_test,17738174936226451603
151,development,3634237661483733282
152,development,16700414171974019497
153,development,862294741612732102
154,development,1232272296891778976
155,development,7264061580518725778
156,development,7643579977340085209
157,development,8123385778389499648
158,development,17914951042726104605
159,reserved_test,16080830893954121083
160,development,10749135229926775269
161,development,8507770232344052856
162,development,12297069116138731704
163,development,18164320423291833237
164,development,14580540574761955514
165,development,195499705396583260
166,development,9575680817790066900
167,development,14481624724119108596
168,development,9271362394713635135
169,reserved_test,17756444444810117848
170,development,7725094744914925677
171,development,4457852165959629900
172,reserved_test,71530088727084567
173,reserved_test,449668918483777940
174,development,13009196206939029608
175,reserved_test,6207663602467897044
176,development,14049280556276427540
177,development,4925691601910444820
178,development,4975895037807728051
179,development,4952117815434531936
180,development,2495452890875887397
181,development,385789776858831357
182,development,11206401330386813658
183,development,18297702852697823477
184,development,15363578056609619333
185,development,2201021453320586257
186,development,7607212257517694659
187,development,10880481300342556725
188,reserved_test,11096062433320979555
189,reserved_test,15703512221260798329
190,development,15592240815959812587
191,reserved_test,7656334962572123205
192,reserved_test,8124663977472244228
193,development,9880531792006418220
194,development,10737652478655156228
195,development,16714813952119819785
196,development,3277171602652973901
197,development,15484442741701711774
198,development,3988953627475842454
199,development,12686897163994354369
200,development,13272590878085369549
201,development,5896913121594420988
202,development,16564428936717024959
203,development,8245015997832659155
204,development,648431256398581208
205,development,844649497986164984
206,development,11750042959546543049
207,development,8032374266570514409
208,development,8642856098175583538
209,development,15437700328536159428
210,development,14728106134912597082
211,development,3563163238714341281
212,development,11522737747906087010
213,development,2357995820152879555
214,reserved_test,5739866475854666413
215,reserved_test,18042646878673082407
216,reserved_test,14937909503769558329
217,development,10796138073850483618
218,development,6203905697238644115
219,development,6335983309771969372
220,development,9159012082494188884
221,development,11747033469245231248
222,development,7960928990322812728
223,development,8997542302447560829
224,development,8554284959403002625
225,development,6962689386470501211
226,development,105090625934443844
227,development,13935377692569527354
228,development,6060535084195842238
229,development,17105045465863170331
230,development,6714382748708740571
231,development,6339840569630066518
232,development,101178863161836854
233,reserved_test,10644486543633544363
234,development,1556696921532329679
235,reserved_test,8139867851164274784
236,development,4108215185671268036
237,development,1876258603534239840
238,development,12378214511729428353
239,development,4929166655952357383
240,reserved_test,11997504073835082770
241,development,15801194879037190007
242,development,1844386277827014007
243,development,17315156814722258044
244,reserved_test,1506548917915381679
245,development,4088125119618731629
246,development,17282568236340614265
247,development,14479290930123832902
248,reserved_test,17139132319699580658
249,development,7992505699533913936
250,development,7963151114706918735
251,development,3239900342221206454
252,development,8190146925801754400
253,development,2161983417257591093
254,development,8417277216255175057
255,development,2213779599280182013
256,development,65728660117026343
257,development,13295417181380795780
258,development,2018465328179444484
259,development,4769297392143199981
260,development,185285330424618435
261,development,7455222023921880335
262,reserved_test,13904108707444971696
263,development,5789035144907401354
264,development,10652713954249864187
265,development,8191831768776285456
266,development,6982670414231774087
267,development,5509987604808647470
268,development,8289002541643081209
269,development,11106530261126611486
270,development,11349339231109551969
271,development,2073806912814671894
272,development,4880118821187432392
273,reserved_test,9987284722681153647
274,development,906699197803220837
275,development,6838397884751769091
276,development,2081575242565175864
277,development,7118731360788355786
278,development,7495419269379116805
279,development,1666118146010420938
280,development,17850158303671020569
281,development,4693111596901233485
282,reserved_test,8378144259302123582
283,development,13413868854950403287
284,development,2385113647661313543
285,reserved_test,8009241771412541683
286,development,9193185560857519516
287,reserved_test,8227790272588744654
288,development,13162231962798035261
289,development,3280638133605789687
290,development,18117013168742990143
291,reserved_test,11637702556765313128
292,development,8726687359086717895
293,development,9400256178113914824
294,development,9714778241207039091
295,development,16667544179949696480
296,development,1714731657109393312
297,development,17312883400021216443
298,development,5009530113908587505
299,development,14682316724224381961
300,development,16632452820929157415
301,development,6203905697238644115
302,development,17877321347822591387
303,reserved_test,6141314037752785190
304,development,4038771746167233467
305,reserved_test,4723836749525149335
306,development,11858921602147533374
307,development,11640343161062168324
308,development,6729283581807619003
309,reserved_test,9377566544081406074
310,reserved_test,555130826735119667
311,reserved_test,3202602135198947342
312,development,4533094539262561787
313,development,12240196930774821399
314,development,12202669014153472534
315,reserved_test,16787566519454119549
316,development,6180419131337196041
317,development,3221599418793641382
318,development,13890123503382688701
319,development,16778523887569380427
320,development,9996788323109938044
321,development,11880354695231180233
322,development,655809215037469753
323,development,16075149150640927973
324,development,10241794805292345550
325,development,11736089072702842085
326,development,5245897022538954622
327,development,10536956256895670512
328,development,1922130157764285108
329,development,1922130157764285108
330,development,1995694709536245418
331,development,559450384972687020
332,development,13572012367540419228
333,development,15995310522021434529
334,development,649969562367562701
335,development,15337181785280097427
336,development,13988257865720110715
337,development,3069818779505107209
338,reserved_test,12280301780382775689
339,development,8703780950103021932
340,development,5352766733603296689
341,development,16211562536440680727
342,development,9012683506625902315
343,reserved_test,4269220011616458689
344,development,2669776839298044198
345,development,17443206797954194925
346,reserved_test,9876009457968815119
347,development,72396366552937076
348,development,5510615182596801046
349,development,11726923788183407994
350,reserved_test,14514055863935094894
351,development,6867966348259224783
352,development,17932686639806885608
353,development,851064132531428641
354,development,14030437959805976311
355,reserved_test,4513579817415342127
356,development,3257972873561573463
357,development,15121103438850969779
358,development,15183559875647362810
359,development,17458344291321165541
360,development,4265821033907384671
361,development,9766558254815554812
362,development,2512311503198537178
363,development,15524885968946567892
364,development,16156278012733717683
365,development,9900049829787212084
366,development,104204124204284680
367,development,16742771571236460900
368,reserved_test,7368288093248448444
369,reserved_test,18339133684646108315
370,development,15158267842162205565
371,development,17787907976171153234
372,development,9681630417644841865
373,development,14934757357981753190
374,development,9530301348378659856
375,development,1707656474638866979
376,development,1561826196301045351
377,development,8113261367037728410
378,development,3860132318787007260
379,development,6706273609033159628
380,development,5010451763569900917
381,development,3543602983177984029
382,reserved_test,7126311310858209050
383,development,1210982687480037354
384,development,11899940260398860863
385,development,7687630045591519564
386,development,664377269148905703
387,reserved_test,4073960287651919764
388,development,2490016953502095365
389,reserved_test,8826308056604238843
390,development,4975072135772910075
391,development,10336540818605167181
392,development,4359915428834685881
393,development,12485738982439119498
394,reserved_test,9319035122830322174
395,development,14024339224306201388
396,development,10304542264643496405
397,development,12254001522472749315
398,development,7827448896780866690
399,development,257461844951899895
400,development,17516141984694716384
401,development,11218525530882470120
402,development,14349653305271636532
403,development,13417844144570324078
404,development,11638200070925749915
405,development,14812166304048880876
406,reserved_test,7604265618397565691
407,development,16155937933141731308
408,reserved_test,17358079930619434557
409,development,10668242372403143371
410,development,421054112971355758
411,reserved_test,3049382149976706272
412,development,18404653317822760131
413,development,8511522112083651642
414,reserved_test,8219508978482044001
415,development,1188935010973398153
416,development,12761634761148467135
417,development,3677126980912974621
418,development,14370972750046589369
419,development,6085962551787528335
420,development,18113088293118201690
421,development,17590095678013650577
422,development,12136697974059657556
423,development,9968153193699716628
424,reserved_test,11165833058104027995
425,development,312066659821360183
426,reserved_test,7628536422206447348
427,development,1847102557376276083
428,reserved_test,2297836358022960859
429,development,5029158871052661662
430,development,12897467158423838864
431,development,16663929493705595404
432,development,15482237510173057020
433,development,12880260328277252580
434,development,17005129235254298087
435,development,7444806316123143543
436,reserved_test,8785542416002482214
437,reserved_test,13060317037202551395
438,development,14342938205682174687
439,development,16155887137821139911
440,development,17723789131782362962
441,reserved_test,15434448577453931617
442,development,15432936185560494847
443,development,16987705151608024343
444,development,9750870575834860340
445,development,5620928421880556088
446,development,12131748727925597776
447,development,822567316845271678
448,development,6788392043610499266
449,reserved_test,2700811277212565690
450,development,10658974046977026944
451,development,13301456299452259846
452,development,9406348211122888895
453,reserved_test,2852071620227676226
454,development,7160865336675336359
455,reserved_test,1839616372529256659
456,development,16808166181300298536
457,development,15287024958271241134
458,development,16870830188906610417
459,development,13385446944178910132
460,development,11323916007027113097
461,development,451555162161107757
462,development,1471893451294554225
463,development,10605405562690038559
464,reserved_test,4812852607221784285
465,development,14787178501986536423
466,development,4086010962336753540
467,reserved_test,1282390460122306978
468,development,9127321121028252056
469,development,183508192085093417
470,reserved_test,15574181871003653432
471,development,14230499327292981356
472,reserved_test,8343091719471629402
473,development,7172148495834643084
474,development,8771530405719749623
475,development,18328851771674664501
476,development,12787476359335718679
477,development,16158073813764247052
478,development,13689241929996074128
479,development,5139502216005471207
480,development,5734804488035627170
481,development,12066706636539180559
482,development,15967752278926617338
483,development,8028682434795589945
484,reserved_test,1010801096511231172
485,development,7091142627452843590
486,development,10780971788934800069
487,reserved_test,4509918253862057174
488,reserved_test,13200653792035437710
489,development,8570935763115198823
490,development,7491457335177908270
491,development,5311082018549365689
492,development,4733771914099714878
493,reserved_test,6662158373997187289
494,development,2533200080964197814
495,development,2485922947846546669
496,development,6414487768323218353
497,development,3747816126126499984
498,development,8590292623490993754
499,development,17501415954191104351
500,development,16226435670130638324
501,development,6808309061058177495
502,reserved_test,9247989350889626863
503,reserved_test,14988789342472611431
504,development,1180492434561369810
505,development,6671515432543896083
506,development,5664556956212205743
507,reserved_test,16714906940112882815
508,development,9177678103029514641
509,development,6598225614699657988
510,development,4277300509918082303
511,development,14096656817599227142
512,development,7965350080809520094
513,development,9179537901452394451
514,development,13205548048367964887
515,development,10385464964470131812
516,development,1146812518561374103
517,reserved_test,2514176632191272429
518,development,5205107714038359186
519,development,14264733570054709109
520,development,14537912011505527599
521,development,3705895197781843288
522,development,6062423667930268317
523,development,2796249740388466383
524,development,5097824090121094814
525,development,13411292040657651664
526,development,37796778501586664
527,development,312731332168194033
528,development,4798850408956839716
529,development,5970734303327468922
530,development,17684816275158096530
531,development,14918829937002538011
532,development,8840167124910923403
533,development,2926472249793118982
534,development,16505333182663236437
535,development,4178255888266264884
536,development,1015711655534319744
537,development,3747172073825970364
538,development,6216767951452079191
539,development,11736385990013787291
540,development,13089640558422836577
541,development,678886496722754768
542,development,1505024293693647069
543,development,8889698370878035052
544,development,17522798202498911293
545,development,17080372723223784868
546,development,13180783028784530632
547,development,15471578757250666070
548,development,3660203775308954432
549,development,2050222751713205926
550,development,13682597562260509628
551,development,7185877037505882381
552,development,5416626452545030495
553,development,10970522828181160210
554,development,2293153072936221780
555,development,7204937600808713587
556,development,1119096973848452216
557,development,12819084403510890302
558,reserved_test,14535587895822712126
559,reserved_test,18194171518853845093
560,development,13521303785412313128
561,development,864345342451457829
562,development,15544055567714510840
563,development,13708756316905624522
564,development,5229343719770379179
565,development,15947001785071207738
566,development,12292597135585673634
567,development,12666975315647118848
568,development,7918062698139912973
569,development,15250199774165328025
570,development,16322339794979336022
571,development,2783872083240583418
572,development,12346936669296064549
573,development,8882887669679766273
574,development,2025787921712899999
575,development,8619855146387546734
576,development,11816721511872961163
577,reserved_test,15847231534085060440
578,development,9979809219412106849
579,development,2079105143691147579
580,development,12256828867108520135
581,development,14664305852295430871
582,development,11277965223986529991
583,development,9916724357386614182
584,development,12840738536928113833
585,development,3393886502110082960
586,development,16030772613970982100
587,development,9234309767048374343
588,development,6847289815779034854
589,development,440891308348081435
590,reserved_test,3997935259538218590
591,development,7165802634818048341
592,reserved_test,14261074143725461000
593,development,7791554880038443646
594,development,6093159857768533225
595,development,3073987240822422626
596,development,3739736914211947449
597,development,3667818591391039996
598,development,18144006526566226305
599,development,4098105542052613336
600,development,11818200192554946004
601,development,6523122245384035148
602,development,9866510089538906045
603,development,2547462219350178189
604,development,5221866971095962995
605,reserved_test,16032444333866694247
606,development,17121926426072282139
607,development,7740139487120109089
608,development,2558382941893206831
609,development,15750283789462145266
610,development,16749485920240154601
611,development,14649804231446369380
612,development,4056796177055980618
613,development,2570082692317143937
614,development,6449510310948825089
615,development,1255252629410341735
616,development,9647257825480700860
617,development,6939166378613974422
618,development,8276690969457019683
619,development,14589347066052925481
620,development,9267402218523679948
621,development,4042745820968842509
622,development,7886742027275315844
623,development,1496574313572748483
624,reserved_test,16754904838955925617
625,development,13639493206651428481
626,development,14346580934351159272
627,development,4825978829121718148
628,development,5896913121594420988
629,development,7283361208453797995
630,development,8846187724112251286
631,development,16030717550266801269
632,reserved_test,16728807895237328279
633,development,10660539418890699097
634,development,1375268948722743717
635,reserved_test,14817204819971669045
636,development,13345649273790785576
637,development,4428988201503500636
638,development,360876896884655652
639,development,11713177391917644544
640,development,3851338063113994090
641,development,12241153038578258608
642,development,10403104848545687293
643,development,1139666886027020485
644,development,12970346279967848362
645,development,5620465723285798400
646,development,11161036196565061634
647,development,11186303420718333944
648,development,718958016876812888
649,development,262805520712938188
650,development,3985904311760879148
651,reserved_test,9123744557447733149
652,development,8359299509955900303
653,development,16377159564151106193
654,reserved_test,7946300588660428785
655,development,4724385400136977194
656,development,461879132653725276
657,development,8610599195036003780
658,development,14648673275952545492
659,development,631102360371469002
660,development,9837245143719367740
661,development,1613682381019414832
662,development,1249140757772405833
663,development,1681553825823042706
664,reserved_test,8496376371277628735
665,development,13208194811690031858
666,development,8360377151674330567
667,development,13949659406466867667
668,development,7940542487716334430
669,development,1590025508880169653
670,development,8138617300169963651
671,development,5550894161988984674
672,reserved_test,11919946430836883773
673,development,327638734760460605
674,development,8759293127019196664
675,development,4744414983356142021
676,development,10369398086332921658
677,development,6759476158402244812
678,reserved_test,11215172136378098776
679,development,15829295130869185004
680,development,18152238996133298478
681,development,14474691766906231832
682,development,5016517488062456059
683,development,5634463544147968600
684,reserved_test,16878551923109373581
685,reserved_test,10991206035537921754
686,development,16726178313716493139
687,development,6331785786663686017
688,development,16439999500562216537
689,reserved_test,3654827706186622615
690,development,15411209371353542355
691,development,2413742409441360569
692,development,1282906932862661579
693,reserved_test,12113298772095423415
694,development,11195929546568127686
695,reserved_test,15237151962043770821
696,development,9898645049132600834
697,development,15594820320496233254
698,development,5016971748971394046
699,reserved_test,9720987674296380206
700,development,12606315730084489863
701,reserved_test,8240283374567552286
702,reserved_test,15833419872709279612
703,reserved_test,9347021141755532165
704,development,16020293341656921417
705,development,1468835862453283165
706,development,15231270941085656294
707,development,5038749814301939650
708,development,16020426591828626562
709,development,11981891739960267368
710,development,3338850301297056133
711,development,781444732538972593
712,development,2781725772952378826
713,development,11052485800958724325
714,development,10394106858687710600
715,development,15189826773854293835
716,development,15265405346920848054
717,development,2188981115209551776
718,development,5205107714038359186
719,reserved_test,7656312806713012722
720,development,17384110272366767212
721,development,17251377825631862643
722,development,15273351766845900624
723,development,14903391583185119959
724,development,4340675403463941071
725,reserved_test,18098503804766417419
726,development,17904940906293745108
727,development,18161301839695557046
728,development,4798850408956839716
729,reserved_test,8734454014864744095
730,reserved_test,9730770089119534582
731,development,11191157331037670461
732,development,9477896162642541520
733,development,12221861604952070313
734,reserved_test,5837568134525643414
735,development,8533681619249028387
736,development,4491378025447007203
737,development,15686657607356062791
738,development,9541482506185541806
739,reserved_test,8614256847313552437
740,development,8101378826246452431
741,reserved_test,17208619395729652320
742,development,3838859725016354224
743,development,4278513763262814342
744,reserved_test,8761462254794102847
745,development,4627679435658265202
746,development,448558035892791642
747,reserved_test,8254238844120776140
748,development,1007242974486382076
749,development,9671801911220430333
750,development,4934846185248666825
751,development,4616337292467135043
752,development,17121302531608246943
753,development,14694416189815606785
754,development,9827032435253147843
755,development,17095005373198056049
756,development,15045560121788673592
757,development,7491963762331078877
758,reserved_test,16110116641310983644
759,reserved_test,2708887660522456003
760,development,11057664272589098869
761,reserved_test,11442874556177118647
762,development,5950597262439959864
763,development,14265950087364676378
764,reserved_test,15286632775673248573
765,reserved_test,1013037467365833582
766,reserved_test,10045899788628881023
767,development,5992044815940145953
768,development,13486527014654354141
769,development,18325892156316066741
770,development,848247311296813484
771,development,4126899769970617540
772,reserved_test,17596955705400013921
773,development,3743115913751143447
774,development,909153587727169194
775,development,11570526106398120219
776,development,7867642539744149987
777,development,12783951749270934643
778,development,16907734616280373050
779,development,15427222818533283109
780,development,11171768363618625065
781,reserved_test,9986605729838154803
782,development,11386441818118976995
783,development,14797145236172723110
784,development,1487434458227621643
785,development,2144626133034409701
786,development,5722427465050248101
787,development,4847363591585607989
788,development,2653114455422829569
789,development,12355960516352680257
790,development,11623219823449964285
791,development,2994714003361632621
792,development,14033229394837908624
793,reserved_test,7565466155165085949
794,development,7784568613886857555
795,development,2418298522810590341
796,development,805042085992046665
797,development,17844830244756938663
798,reserved_test,11400134480401866826
799,reserved_test,15207142068866451149
800,development,17269937677444981846
801,reserved_test,4598170149985586360
802,development,8131721536631729352
803,development,2753943824459219117
804,development,12539233192372678710
805,development,5715231883685167541
806,development,912442352679054699
807,development,14968051125020941409
808,development,59850040772406972
809,development,7317464437661114430
810,development,17817445899396760398
811,development,272522113276745513
812,reserved_test,3712911304565161324
813,development,11909495978643312489
814,development,7263436657337154276
815,reserved_test,12927379139683497852
816,reserved_test,9768085653438217001
817,development,5915116400164072558
818,development,13766333232750026944
819,reserved_test,15112438163448752037
820,development,6012001007273859333
821,development,13766410009546568534
822,reserved_test,6817211834010953631
823,development,2809225163275514957
824,development,14474649142220179592
825,development,8781144111098430410
826,development,12235697596210431138
827,development,755919380377984113
828,development,8664545493051242318
829,development,12365214936123623291
830,development,4875585618683158221
831,development,12438278234251397760
832,reserved_test,17717033119635778663
833,development,15295787282654893243
834,development,40128382190528217
835,reserved_test,11995797011090249349
836,development,759239762171753669
837,development,8275823921486630460
838,reserved_test,7435006397737769773
839,development,2637467800963405591
840,development,11717785140352071406
841,development,13138482115530421539
842,development,18242711436321563652
843,reserved_test,12688366678742245593
844,development,17137726062364998449
845,development,5488227721545688676
846,reserved_test,2793194436751113781
847,development,12662676783609235701
848,development,682319464163532611
849,reserved_test,15029879567187011177
850,development,12631414716966011892
851,development,14964950806960966762
852,development,10922562964739513152
853,development,10884364821451411016
854,development,9565116843552630287
855,development,14797415694072995555
856,development,818725239599972632
857,reserved_test,6319926571532318757
858,development,1178660344447654289
859,reserved_test,17748019869257454138
860,development,4759627554145361344
861,reserved_test,3135369087798402243
862,reserved_test,7117417186067109216
863,development,13472240535790219927
864,development,9357612842522958643
865,development,7921154307572996761
866,reserved_test,17839081097990978231
867,development,8474290804398760504
868,development,8778976242576878423
869,reserved_test,108698052757885185
870,development,13887877922172957905
871,development,6019032718010342535
872,development,15100118142399031184
873,reserved_test,1760124411816868980
874,reserved_test,4637384462258393953
875,reserved_test,1721482040562684027
876,development,3007070648848305996
877,development,13263477970013933223
878,development,5836206739188124948
879,development,13098877997917999735
880,development,9785554938959529049
881,reserved_test,5654491025433417697
882,development,15033193670431753402
883,reserved_test,5227178387315065318
884,development,9251213892559712457
885,development,18054084338933693721
886,reserved_test,12055335268250390018
887,development,13056178322703211311
888,development,906289488398565701
889,development,6634835962618446980
890,development,10094452852991014054
891,reserved_test,4039692733907088399
892,reserved_test,15613189334521079648
893,development,6853015981173424141
894,development,16462001591917465520
895,development,10500259265345322298
896,development,5167518800101857610
897,development,7048787650340280372
898,development,16632389657317494177
899,reserved_test,11183883475203870103
900,development,16961346698948289374
901,development,6523122245384035148
902,reserved_test,16055945695380425542
903,development,5382680447217715750
904,development,841625819879252238
905,development,10534925612174579936
906,development,8144462788583877988
907,development,3393687144973207042
908,development,3139238081250085137
909,development,8859913784448807738
910,development,17883295952804931870
911,reserved_test,11059652288071785345
912,development,16554636834001237608
913,development,12785498957310652715
914,reserved_test,3634610931439701586
915,development,13231225271873330592
916,development,14465464077034801915
917,development,5205107714038359186
918,development,11218525530882470120
919,development,4780527053653254515
920,development,2216716678216921372
921,reserved_test,15079741817597490508
922,reserved_test,1610295231315900693
923,development,16973573824300128078
924,development,17014972734304568949
925,reserved_test,6162184344507124402
926,development,9799053032622850266
927,development,16858381572274897304
928,development,2248346278047872792
929,development,8548589954983016009
930,development,14041302327096907268
931,reserved_test,16728807895237328279
932,development,1699851757234510919
933,development,12184308508322970478
934,reserved_test,18424264448931132015
935,development,8524091395486723435
936,development,4705762467423060869
937,development,17915403300907319582
938,development,12534457160677221764
939,development,7124646800090881764
940,development,13448518324933054079
941,reserved_test,53455836061927909
942,reserved_test,3194435183105868338
943,development,8659336190276659123
944,development,8647787262989912758
945,development,9183577039808419592
946,development,5052682308186511145
947,reserved_test,1594089384791856943
948,reserved_test,12623779757206699343
949,development,13569204185023753917
950,development,7827498014386049857
951,development,10301912100574884978
952,development,4596408639997494269
953,development,9053912496676683716
954,development,10119719326014511300
955,development,652468208624723984
956,reserved_test,15440600453743079997
957,reserved_test,8404711700684056730
958,development,1741945650743593569
959,development,11622736792058908869
960,development,3246762093017017422
961,reserved_test,17642900024533039398
962,development,13016979544269857275
963,development,14799252605509475126
964,development,4757395408620815925
965,development,2087607664071755761
966,development,1655476596759787479
967,reserved_test,55920489075940336
968,development,5205107714038359186
969,development,16335064107924882942
970,development,8699788253852615684
971,development,6785330440580786946
972,development,4576724087182338180
973,development,18090252415580842408
974,development,3759137254135514554
975,development,4593776810347842238
976,development,2713984381384752547
977,development,10240713261475378777
978,reserved_test,10507953690693501749
979,development,7429901618665533976
980,development,12968137357380176679
981,development,10034345334041351151
982,development,6731739658119383596
983,reserved_test,4605622675643124561
984,development,771462851694737302
985,development,8727855701682865212
986,development,17383317043211860908
987,development,2616360303789774285
988,development,6088927693029724300
989,development,5055126873269408677
990,reserved_test,14276278739231573982
991,reserved_test,11593703257492059978
992,development,11701237562560689492
993,development,17679468593046323447
994,development,3841489039406168170
995,development,6595975869005527908
996,development,12163223367991406638
997,reserved_test,13025038140901243355
998,development,15970012427245440627
999,development,4771711308903623740
1000,development,7827498014386049857
1001,development,10301912100574884978
1002,development,4596408639997494269
1003,development,9053912496676683716
1004,development,10119719326014511300
1005,development,652468208624723984
1006,reserved_test,15440600453743079997
1007,reserved_test,8404711700684056730
1008,development,1741945650743593569
1009,development,11622736792058908869
1010,development,3246762093017017422
1011,reserved_test,17642900024533039398
1012,development,13016979544269857275
1013,development,14799252605509475126
1014,development,4757395408620815925
1015,development,2087607664071755761
1016,development,1655476596759787479
1017,reserved_test,55920489075940336
1018,development,5205107714038359186
1019,development,16335064107924882942
1020,development,8699788253852615684
1021,development,6785330440580786946
1022,development,4846575427654337743
1023,reserved_test,15117709001083681379
1024,reserved_test,6774064904298709101
1025,development,4593776810347842238
1026,reserved_test,1741580839520477888
1027,development,10240713261475378777
1028,reserved_test,10507953690693501749
1029,development,7429901618665533976
1030,development,12968137357380176679
1031,development,10034345334041351151
1032,development,6731739658119383596
1033,development,3609467684260070474
1034,development,771462851694737302
1035,development,8727855701682865212
1036,development,17383317043211860908
1037,development,2616360303789774285
1038,development,15474032396718577287
1039,development,5055126873269408677
1040,reserved_test,14276278739231573982
1041,reserved_test,11593703257492059978
1042,development,11701237562560689492
1043,development,17679468593046323447
1044,development,3841489039406168170
1045,development,6595975869005527908
1046,development,12163223367991406638
1047,reserved_test,13025038140901243355
1048,development,15970012427245440627
1049,development,11806747240788968215
1050,development,4012016966436907729
1051,development,5205107714038359186
1052,development,8686102402312699118
1053,development,14635953225678755927
1054,reserved_test,11517910047472366281
1055,development,7736762231251038277
1056,development,2910106530085707889
1057,development,6075000553634088659
1058,development,5285467100900720047
1059,development,12430977357757108240
1060,reserved_test,8208926874241173822
1061,development,7836094259804539443
1062,development,17305750227487847555
1063,development,8849587526847701783
1064,reserved_test,11857560733219883833
1065,reserved_test,5685231856848558863
1066,development,3903164415266895442
1067,development,14984102965341635117
1068,development,5896913121594420988
1069,development,6639355469859223747
1070,reserved_test,13938395175339765779
1071,development,18047128104277268758
1072,development,8684799373541325425
1073,development,18378338160542613668
1074,reserved_test,5019202689803463540
1075,reserved_test,15441401582963730312
1076,development,5078020766122056418
1077,development,15046976260869363252
1078,development,16535379602415859857
1079,development,15605525366801686511
1080,development,10930395404324752699
1081,development,6443716690044009185
1082,reserved_test,54417041331302585
1083,development,14583181677502152029
1084,development,13623919982979095136
1085,development,8892976764324635420
1086,development,18375122215875998075
1087,development,2470483805127279956
1088,development,1700845719916802600
1089,development,8394589955153030025
1090,development,4722593451504130613
1091,development,16662846795948762922
1092,development,18007708098203587543
1093,development,5628981025038643053
1094,reserved_test,427336295150463279
1095,development,7966475015201373585
1096,development,10879729289025605889
1097,development,4928838645972058203
1098,development,8687660218583578543
1099,development,11679209350239739058
1100,development,14193685572550921880
1101,development,10212961260352059305
1102,development,3141235734725916219
1103,development,1672468749419577109
1104,development,13826132395332586313
1105,development,9902746450740908156
1106,reserved_test,15944739694228984042
1107,development,3916311877362677429
1108,reserved_test,5626392031583754688
1109,reserved_test,10383732867912961438
1110,reserved_test,4177657596451122326
1111,reserved_test,14428897597344663426
1112,development,5575994579877255079
1113,development,11101200267950838700
1114,development,7218009290368386645
1115,development,17068824186051618485
1116,development,8817254548682726235
1117,development,4039428258439577518
1118,development,5205107714038359186
1119,development,11652069388742802192
1120,development,6989071336122850800
1121,development,10787270825438477688
1122,development,17775629578907606567
1123,development,16748828034157483144
1124,development,5246583463354766875
1125,reserved_test,18123186601290659402
1126,reserved_test,12552756121481109919
1127,development,13537558701316107072
1128,development,4798850408956839716
1129,development,15827031202327651546
1130,development,2637352115294663970
1131,reserved_test,3481730399030252620
1132,development,4922448054195646333
1133,development,5907644644606288770
1134,development,14671701440633057194
1135,development,13128712127649500960
1136,development,13029272473740438034
1137,development,11625280614143819984
1138,development,2243540409223666090
1139,development,17182103735482754603
1140,reserved_test,15340163634628528752
1141,development,7461854261138872782
1142,development,3766053263342352201
1143,reserved_test,17015959868765697457
1144,development,17545662324855229852
1145,development,9722138510345767916
1146,development,8332249171147463768
1147,development,7654221891445306774
1148,development,12207709211026734064
1149,development,1804100932731922036
1150,development,2753230671551968527
1151,development,5896913121594420988
1152,development,12923318515404516604
1153,reserved_test,4851044369750122613
1154,reserved_test,16956527148768877245
1155,development,11084450749780202354
1156,reserved_test,847637707071166318
1157,reserved_test,7434427180833037278
1158,development,9922318057824873908
1159,development,18349691448320709835
1160,development,15109398525078909158
1161,development,4747304080192670826
1162,development,16452850348592026566
1163,development,7472157650502619717
1164,development,12282100018649008251
1165,development,7070813482541941384
1166,development,6526052199899810274
1167,reserved_test,13723674733624411898
1168,development,6203905697238644115
1169,development,8466907920142203489
1170,development,5626090112022968180
1171,reserved_test,5243743423507530446
1172,development,10023467150002625279
1173,development,15529247667723805439
1174,development,10306121586071189360
1175,reserved_test,4337502187578468609
1176,reserved_test,13264567722413140741
1177,development,7717320219530570770
1178,development,10309442605597488474
1179,reserved_test,10152869889211712323
1180,development,3252640406411852809
1181,reserved_test,2187934704775551358
1182,development,6339840569630066518
1183,development,13610915930342516458
1184,development,17362634424665772645
1185,development,7925200293208287922
1186,development,16067540828743240528
1187,reserved_test,3838663792539567829
1188,development,7764626676087237456
1189,development,12862536352794035097
1190,development,1235107593113341814
1191,reserved_test,5280152336756129073
1192,development,17180163624825000171
1193,development,13695216320154322996
1194,development,10347308739008801463
1195,development,8019630857279005588
1196,development,7154729984597282157
1197,reserved_test,10665509715471545520
1198,development,3773743878661642436
1199,development,7885255800433151461
1200,reserved_test,11772090404232686023
1201,development,348260919718895919
1202,development,16422881258812696957
1203,development,11914314005464834798
1204,development,6807183221003201440
1205,reserved_test,7411262410449532541
1206,development,10990076497014652749
1207,reserved_test,8336465960686592517
1208,reserved_test,16837900763158861004
1209,reserved_test,12353106774589132053
1210,development,17812124137546490252
1211,development,14524188996220995001
1212,development,13996523466302713351
1213,development,12425845920865743193
1214,reserved_test,5983803403620153013
1215,development,15530683872063147149
1216,development,9292143342739865315
1217,development,14045375304534745484
1218,reserved_test,8814116186041687015
1219,development,8150923015105077351
1220,development,3014372213166738532
1221,development,9061348900779106505
1222,development,4114246492136895834
1223,development,9451149319426629517
1224,development,8830330442928766379
1225,development,6268509809410072940
1226,development,11281365623737334371
1227,reserved_test,3461490622621702923
1228,development,13018288339014699608
1229,development,16128687915334165088
1230,development,11212967338363295282
1231,development,15527831937502790931
1232,development,4615387139810915440
1233,reserved_test,6322039343721782721
1234,reserved_test,17718048583393471110
1235,development,54764100361976330
1236,development,5138073894362901159
1237,development,1552967360679296507
1238,development,7980429794780901471
1239,development,7118741755653809691
1240,reserved_test,12089480809655768153
1241,development,9646198985358818974
1242,development,8777973099701035781
1243,development,5579861333270608374
1244,development,1962964663643396555
1245,development,12643808064977212007
1246,development,9361839564960979635
1247,development,5145421121945735710
1248,development,6324696325059782577
1249,development,7626084617571029624
1250,development,2754675617439534455
1251,development,6203905697238644115
1252,development,4481536493462613002
1253,development,7951427222026507465
1254,development,12578967304780064431
1255,reserved_test,2711456240826824301
1256,development,12188102411591191001
1257,reserved_test,10476420235400087507
1258,development,8665846588210099346
1259,reserved_test,14348763550364749996
1260,development,6786099808010133744
1261,development,8971082705810915293
1262,development,200523372123261662
1263,development,17717000754118404876
1264,development,6193885016811490501
1265,reserved_test,1962923328601712294
1266,reserved_test,15605725809570573077
1267,reserved_test,14565294457322832605
1268,development,13890123503382688701
1269,reserved_test,657439362071980489
1270,development,1211945015839610935
1271,development,16037044949672875718
1272,development,415707593734522973
1273,development,7203376889328265929
1274,development,4797770099840633034
1275,development,5020966838245520938
1276,development,10825159002127511492
1277,development,13154077300303036971
1278,development,6700990235568651544
1279,development,10137884925466324723
1280,development,16234951077351472154
1281,development,559450384972687020
1282,reserved_test,17458740496895499403
1283,reserved_test,4728500216453144319
1284,reserved_test,12526622707850090541
1285,development,12067749842378606508
1286,reserved_test,8154701339960260660
1287,development,8094164191682933714
1288,development,5284060387383526185
1289,development,9649821074079557314
1290,development,14649026235114811570
1291,development,12053161677946407023
1292,reserved_test,1469092650060689457
1293,development,10881280009450902934
1294,development,4195787367152009195
1295,development,12506069332192813468
1296,reserved_test,13397665548383028920
1297,reserved_test,11564804765094011989
1298,development,9923745040147497291
1299,reserved_test,299179084549801469
1300,development,17686885493015125548
1301,development,1407569375915052275
1302,development,8409617420590029428
1303,development,14666862753663505710
1304,reserved_test,479982976194578575
1305,development,6676680211133612971
1306,development,5402962962580822053
1307,reserved_test,328924674688812709
1308,development,8382539122888037015
1309,development,9520736195188588495
1310,development,10080676114207370628
1311,development,17474307203289035200
1312,development,12618995233894384652
1313,development,18284566963942208815
1314,development,12759721272064848826
1315,development,9628678534375194264
1316,development,12001435186012172769
1317,reserved_test,15631324577776618416
1318,development,7909772403728882949
1319,development,12494703570835708089
1320,development,2080393083672748012
1321,development,10756437539465918426
1322,development,17191341032684273
1323,development,13297025402965698555
1324,development,2106266272003818453
1325,reserved_test,15860932317414797625
1326,development,18247921255655067780
1327,development,16107658025266413684
1328,development,6287777844320932254
1329,reserved_test,17910308670590359679
1330,development,1469442579819892190
1331,reserved_test,2120958645109879546
1332,development,16534478984076482646
1333,reserved_test,15402212359112707059
1334,reserved_test,3805752760127237163
1335,development,13056669803707801186
1336,reserved_test,14445098265001713306
1337,development,13071709961885058996
1338,development,17941236215505377415
1339,development,9988285238975286382
1340,development,4002248675513662028
1341,development,740687519036887445
1342,development,2012541587164933206
1343,development,8850014258109640800
1344,development,2664944004964214126
1345,development,9450198194297299471
1346,reserved_test,12866717984999776320
1347,reserved_test,5375512433485497441
1348,development,1882066458187588468
1349,reserved_test,16163423997642352749
1350,development,4091965606698505161
1351,development,13890123503382688701
1352,development,9047722341959298383
1353,reserved_test,9682841835117623414
1354,development,15207411736486239782
1355,development,15210758107874147884
1356,development,15359292862818999616
1357,development,15772551072475124298
1358,development,10703781732139015147
1359,development,15437881079452096725
1360,development,1188728654213327959
1361,reserved_test,2612533755244975863
1362,reserved_test,16207832477967760545
1363,development,9560502461249426902
1364,development,18443134886524954224
1365,development,9554810421004497106
1366,development,13285604915543158200
1367,development,6700990235568651544
1368,development,13285604915543158200
1369,reserved_test,12952129773618570633
1370,development,16775498556217687741
1371,development,13277045490520615784
1372,reserved_test,9014828039079418677
1373,development,11735553367504344220
1374,development,16858066276970662804
1375,reserved_test,17573958789675340766
1376,development,5626193480652432807
1377,reserved_test,11070299622242972192
1378,development,8199401073672555688
1379,reserved_test,5586858730105303524
1380,development,12175816117320282840
1381,reserved_test,5586858730105303524
1382,development,12441553433567116060
1383,development,17775534982575046351
1384,development,9584992230152500390
1385,development,11949478259032118934
1386,development,16612049772416268091
1387,reserved_test,13268404175038268854
1388,development,17538784003455378951
1389,development,6263528550393782496
1390,development,4416379914413321155
1391,development,3109412715928084322
1392,development,12158190493110415344
1393,development,6523809528544819250
1394,development,14108482204175482880
1395,development,6190699134012357286
1396,development,13500018816683660890
1397,development,6705977030665984766
1398,development,7134715095846343063
1399,reserved_test,14304604338796597050
1400,development,3907858408969119951
1401,development,13033566597780399877
1402,development,17512457205336781210
1403,development,8274231539758296383
1404,development,1521395748149842602
1405,reserved_test,16073576650106370992
1406,development,1514484540421787369
1407,development,4630030161455029594
1408,development,16566389363636486018
1409,development,14830324783387934669
1410,development,17258334778217396559
1411,development,5135072003547109128
1412,development,1315745056159776513
1413,development,12337539250325828365
1414,development,12769089676493183900
1415,development,3001672529157886222
1416,development,5469146878972507234
1417,development,518630872723626596
1418,development,9577439890051136208
1419,reserved_test,1239667705336920238
1420,development,7654003926544393006
1421,development,6046482783203319582
1422,development,7572028487374329662
1423,development,16147233025028755413
1424,development,17729932924349104867
1425,development,7146964428655228297
1426,development,10209162501532261413
1427,development,15115167144485243313
1428,development,13567877578137142290
1429,development,3577628980737851868
1430,development,7363340118369913254
1431,reserved_test,4410115939989671185
1432,development,12828017089202761921
1433,development,11476769859211243489
1434,development,11730473582100177004
1435,development,8758199950461711318
1436,development,7274341800108778977
1437,development,17105482541368835252
1438,reserved_test,7079276067586482953
1439,development,3051846255575049211
1440,development,6734945143409870526
1441,development,7362662310057881827
1442,development,16560129620686385647
1443,development,5809279931677353306
1444,development,3538122415811825906
1445,development,9314737205714287600
1446,development,14999042689799913714
1447,development,5775473877158408041
1448,reserved_test,5704160899515305842
1449,development,18442745550303481590
1450,development,10927321229178810456
1451,development,29363192828461070
1452,development,11468251568929107292
1453,reserved_test,16736187187169606328
1454,reserved_test,17794478497746977027
1455,development,4632622220172912844
1456,development,11132523095695076307
1457,development,6828298459914573649
1458,development,2847579040158850354
1459,reserved_test,5508268949881796837
1460,development,17099647754625266981
1461,reserved_test,16674645463384156404
1462,development,9739554612253734681
1463,development,6723698192353432076
1464,reserved_test,2661223040255434860
1465,development,10767111609345943285
1466,development,13486527014654354141
1467,development,6203905697238644115
1468,development,13486527014654354141
1469,development,9081988415502252365
1470,development,4997922120472791452
1471,development,12440379213988872446
1472,development,7532867749630964856
1473,development,7975677362913996629
1474,development,18433806052065460665
1475,development,6878381708347708915
1476,development,6705809089608749141
1477,development,17717251730909230669
1478,reserved_test,403237067909174469
1479,reserved_test,403237067909174469
1480,development,3790774797814101524
1481,development,16748110500546925558
1482,development,17671782009017450710
1483,reserved_test,4081311174815547914
1484,development,9198373182835360147
1485,development,10277227585048274289
1486,reserved_test,16769780548152118924
1487,development,6011145478226876406
1488,development,781507980751554119
1489,development,2487343726995005059
1490,reserved_test,10466821139981379308
1491,development,7188653233613248442
1492,development,12981370998401985141
1493,development,9866356756417018996
1494,development,12644647169777321802
1495,reserved_test,2411817849447400980
1496,development,3269752601840172498
1497,development,3496157212320405206
1498,development,10495204845389316901
1499,development,9028044827924364732
1500,development,1437601640195362462
1501,development,1537469807046073668
1502,development,4667924138475862456
1503,development,14199236376265434929
1504,development,8931196950162036777
1505,development,13917497648288471390
1506,development,7808967536039798139
1507,reserved_test,4463892057127915271
1508,reserved_test,3413333020376282457
1509,development,1590719271818038090
1510,development,9025199911062706923
1511,development,5462966583962394086
1512,development,16138812659741625038
1513,reserved_test,13713285748963493008
1514,development,9502139040544205714
1515,reserved_test,11731584935189548525
1516,development,3143751292440607422
1517,development,5092396760188276105
1518,development,8840301413702066634
1519,development,2706195839746632015
1520,development,5003848653275379741
1521,development,14371845254028828427
1522,development,14565641712001579536
1523,development,17160352546003004853
1524,development,7844590847762365346
1525,reserved_test,815787060254258604
1526,reserved_test,5007055467905278580
1527,reserved_test,12376585816288644010
1528,reserved_test,13447587670463321527
1529,reserved_test,2422362555688872995
1530,reserved_test,5543487570918499649
1531,reserved_test,5349206908933670093
1532,development,3563007657582896942
1533,development,749730978943955052
1534,development,14184864309716009669
1535,development,5172175898191909542
1536,development,13414779402663023114
1537,development,2178456057501517633
1538,reserved_test,4997515647473642809
1539,development,10739883894870387301
1540,development,3333923477939754774
1541,development,2290060256828971272
1542,reserved_test,12467437994123983191
1543,development,16564617467662691937
1544,development,11132936899298855048
1545,development,3634213542874563622
1546,development,9305763805197569582
1547,reserved_test,1332301112437602882
1548,development,18333088383929836204
1549,development,17783990038947676492
1550,reserved_test,8851288826588281504
1551,development,5205107714038359186
1552,development,7313182831145124322
1553,development,3858101342868099283
1554,development,5387967900484941609
1555,development,15326751950313787617
1556,development,10670966531722503657
1557,development,18054408219324596859
1558,development,505382069067335331
1559,development,7502394201956401844
1560,reserved_test,10951192253336850415
1561,development,10969282293535238259
1562,reserved_test,16515486293376643348
1563,development,2464272913289061477
1564,development,83879783402940179
1565,development,15641836027072132084
1566,development,5896913121594420988
1567,development,11218525530882470120
1568,development,5896913121594420988
1569,development,8546984438803574240
1570,development,284117830252142990
1571,development,16035877619215027235
1572,development,1658985627853963228
1573,development,17144905369214204362
1574,development,14852972167158916675
1575,development,11860036631391460879
1576,development,4706934709079874886
1577,development,11110604985870913656
1578,development,29363192828461070
1579,development,2048070003022440610
1580,development,10054672904080106900
1581,development,2849724739889282762
1582,development,17642243205092555753
1583,development,16482977517982723781
1584,reserved_test,14849074625753342230
1585,development,239520535620889638
1586,development,14079383406868558482
1587,development,7024198828875845729
1588,development,10912036248014937152
1589,development,8741149460247504651
1590,development,8059500472250909042
1591,development,13226479562855865701
1592,development,17501417331816300029
1593,development,4800578469665738369
1594,reserved_test,15049174771086664933
1595,development,7847385436984438140
1596,development,12972001928565333577
1597,development,8954278493945454297
1598,development,3071751786373237350
1599,development,12098343723136041366
1600,reserved_test,11409161278279205090
1601,development,15322155537629577633
1602,development,11497785169645616773
1603,reserved_test,1058732375819493281
1604,development,1594696940142493145
1605,development,12872472070124443943
1606,development,8178437175161494988
1607,development,10110195357421725416
1608,development,6930178763700935732
1609,development,13182553809860474352
1610,development,7243448255864688222
1611,development,8964313931503776
1612,development,11111172269894903510
1613,development,7917914499912742687
1614,development,14982082888598435388
1615,reserved_test,4307687508433205090
1616,development,10153367957018184255
1617,development,5270430450429613143
1618,development,699731398514003088
1619,development,9471088088864788154
1620,reserved_test,9960903513823230400
1621,reserved_test,13945861237837602714
1622,reserved_test,1081739609344288722
1623,development,16057413594263479004
1624,reserved_test,18446226739070522808
1625,development,2612945985825409424
1626,development,15256996488765145022
1627,reserved_test,4129817887273086600
1628,development,12750760720968130608
1629,development,12110485600565202380
1630,development,3426786741968470257
1631,development,3277168945442998506
1632,reserved_test,16583358969900667000
1633,development,16903220847365804964
1634,development,2562066158834591025
1635,development,12861780102543531992
1636,development,18110005622119573633
1637,development,14661083247758702661
1638,development,3313164456778716977
1639,reserved_test,12735820591235678666
1640,development,13252297535660212881
1641,development,5645468528407722961
1642,reserved_test,3271765185746876810
1643,reserved_test,17781004733805392771
1644,development,11880953575677548074
1645,reserved_test,17583837675433232525
1646,reserved_test,12134408417472247902
1647,development,3269319961340121795
1648,development,5818669549122485650
1649,development,4023789345494568596
1650,reserved_test,4776797512223665162
1651,development,11218525530882470120
1652,development,10631970323864954268
1653,development,5530419231511109416
1654,development,18048515672142642424
1655,development,4106363420864603314
1656,development,12771517544109080777
1657,development,17795221925974490945
1658,development,10832261461151344873
1659,development,9883725855927497067
1660,reserved_test,5133068082220935260
1661,reserved_test,10665051873323527772
1662,development,17234792257922704844
1663,development,7047581407179302201
1664,development,18344619403740495237
1665,development,9745339016131319403
1666,development,14618075075999211136
1667,development,14855226956625605573
1668,development,29363192828461070
1669,development,9367009762933800245
1670,development,14566967251367192694
1671,development,3732960716263335809
1672,reserved_test,1111073535239237791
1673,development,549872597549826220
1674,development,7658788559521551525
1675,development,10514931620815102611
1676,development,13658309081632925547
1677,development,12594735136083715654
1678,development,6203905697238644115
1679,development,16658469233132427001
1680,development,203279215829674741
1681,reserved_test,2297836358022960859
1682,development,16663929493705595404
1683,development,8283644719434867218
1684,development,10590557789986492489
1685,development,1651854561249138624
1686,development,16778389307407103476
1687,reserved_test,2722928203629268635
1688,development,14106100532443476072
1689,development,6333270031248363888
1690,development,7511501101765591605
1691,development,18351651303803541302
1692,reserved_test,7495810682846370808
1693,development,4741669613430276126
1694,development,10971324743114924216
1695,development,3671028948873606053
1696,reserved_test,3176796342870134853
1697,development,15476998405862730030
1698,reserved_test,17685840329732551031
1699,development,14268120918423523319
1700,reserved_test,6920562017905081226
1701,development,6190137370536323891
1702,development,11798166945145371160
1703,development,17373979998708129689
1704,development,5816223715382826510
1705,development,12833609388574722833
1706,development,2770194272558461983
1707,development,1923463714598700336
1708,development,18442208729020409016
1709,development,5696175881247571875
1710,development,4019113574793231318
1711,development,12022080857689244884
1712,development,9734811609336283585
1713,development,9042921449214654323
1714,reserved_test,17972417331934420242
1715,development,7673730857825848885
1716,reserved_test,7928577158003574703
1717,development,1848101954381711169
1718,reserved_test,5143513185003641766
1719,development,10239531313213887404
1720,development,2678654875531990658
1721,development,8692996910643369727
1722,development,15827315048843132197
1723,development,16054750005154000410
1724,development,5903905288799747348
1725,development,4625168643802238649
1726,development,4957097554092408756
1727,development,5954955738006522062
1728,development,10923582280139202224
1729,reserved_test,5969839226313307591
1730,development,11233714977780198378
1731,development,13841503182151013225
1732,development,12553450084590602765
1733,reserved_test,5342667177219711284
1734,development,14717564538716860004
1735,development,3902405521999021940
1736,development,16993633871053618029
1737,reserved_test,6128682446697978706
1738,reserved_test,5216435060344718133
1739,development,11172526354686945634
1740,development,4523032526750166937
1741,reserved_test,6817624220711422836
1742,development,782790143954153151
1743,development,1130434470601278207
1744,development,6739923144244692662
1745,reserved_test,6780408736431594348
1746,development,7918884578720210556
1747,development,3277601447597049882
1748,development,2409614866494893573
1749,development,15981107678842757967
1750,development,12901833387234909337
1751,development,5205107714038359186
1752,development,10364359736446696469
1753,development,9542311512112398643
1754,development,467459954439137769
1755,reserved_test,7387973746299643286
1756,development,8845016390531168955
1757,reserved_test,13492689445843042861
1758,development,11954120110019559705
1759,development,18253849653002076662
1760,development,12518803109230286140
1761,development,10215824468664648967
1762,development,18172647711978711579
1763,development,9200613027970680682
1764,reserved_test,6192301232511495968
1765,development,14631345684344424114
1766,development,12355818907865381068
1767,development,12744450188105243452
1768,development,5896913121594420988
1769,reserved_test,5602404560034400762
1770,development,15473090306755821812
1771,development,4123875161949344140
1772,development,8557160211162447146
1773,development,2548249750697355722
1774,development,7476662968756377789
1775,reserved_test,2718290704985586628
1776,reserved_test,8014769517308451415
1777,development,4107542984755407550
1778,development,2048070003022440610
1779,reserved_test,1762690166470574319
1780,development,14488647023025925917
1781,development,17642243205092555753
1782,reserved_test,54417041331302585
1783,development,7319645441491412919
1784,development,1437080032484418351
1785,development,14611834829154780562
1786,development,14862184699990402755
1787,development,2893609710091074209
1788,development,3000151368649889427
1789,development,15237803591128589295
1790,development,11498937820730852991
1791,development,17461854940033256065
1792,development,14144940676697739466
1793,development,16694253302284087416
1794,development,6544695896773672254
1795,development,15668440012307921081
1796,reserved_test,16110271668935382690
1797,development,2933830758816033296
1798,reserved_test,1470542417169351187
1799,development,7671733856149814465
1800,development,905607857911929170
1801,development,13486527014654354141
1802,development,8644620360387656954
1803,development,4510774322617792643
1804,development,18067047540320356937
1805,development,13819559283329526260
1806,development,16006008235470328723
1807,development,3139753092548372318
1808,development,17145212594385659160
1809,development,4505269914678792422
1810,development,7522763958152206649
1811,development,5692868331243780033
1812,development,6510291334758313681
1813,development,1822237202915251721
1814,reserved_test,6441061394141608019
1815,development,12238771537678071651
1816,development,829358393295986713
1817,development,16854506392714494502
1818,development,6700990235568651544
1819,development,6449542477098550090
1820,development,9183913114770023337
1821,development,14747480712290398321
1822,reserved_test,12442845888932527060
1823,development,12585488883567429403
1824,development,16701428718744651176
1825,development,7925548276493892376
1826,development,9184858411265963933
1827,development,5405162656116804524
1828,development,13285604915543158200
1829,development,6768668629603719131
1830,development,5876679916625279534
1831,development,15128870129896804628
1832,development,18272159646638494955
1833,development,12693287826054850564
1834,development,8754641678462299456
1835,development,5629886628281003708
1836,development,5632671574121413064
1837,development,2293528086367157156
1838,development,6393465997983114712
1839,reserved_test,2919490412762888885
1840,development,9590990253356964809
1841,development,1532669405477800165
1842,development,12192740689618988188
1843,development,11974121827852941823
1844,development,12760536819546759005
1845,development,622837404444171500
1846,development,15910877976291886357
1847,development,2475417449247833440
1848,development,4858833634185522221
1849,development,6960208055957646721
1850,development,6233621310564901722
1851,reserved_test,12183808445218354033
1852,development,17326530519549017954
1853,development,2104645211942358451
1854,development,6705417737555709081
1855,reserved_test,220509798971114173
1856,development,13464596558504135695
1857,development,3140806829176982565
1858,development,15579102151006388070
1859,development,11567354280433218851
1860,development,12611977615576364033
1861,development,12213500570653020956
1862,reserved_test,8974146668963381399
1863,development,2940614797143878799
1864,development,14450439011445531582
1865,development,5799493672242320926
1866,development,14784740293184135553
1867,development,4661987348916850716
1868,development,4600851156678096722
1869,development,15244133930813316904
1870,development,9450794687218777889
1871,development,12390153411245845020
1872,reserved_test,14517489674134815999
1873,development,16964926115123616918
1874,reserved_test,6558513661927782572
1875,development,3459069409097769721
1876,development,18232402617308597254
1877,development,9658065016241745272
1878,development,8529120161331144088
1879,development,8607298355656328395
1880,development,16514313952633882385
1881,development,6645886147163876768
1882,development,6108986059907376823
1883,development,10172811970763517490
1884,development,13681720253974543980
1885,development,2015027328439902014
1886,reserved_test,13262403757325722763
1887,development,6610346913756000809
1888,development,13326956682719662099
1889,development,17005559310271492607
1890,development,3492029869882328685
1891,development,7520753276820629432
1892,reserved_test,1838517946606810893
1893,development,13599632173888422384
1894,development,8290753705347732614
1895,development,8408335921293108355
1896,development,6272077419053597026
1897,development,16350615872057278746
1898,development,17268834043534232664
1899,reserved_test,16543527294929079584
1900,development,12946622923422659509
1901,development,17319867034243186832
1902,development,156046417138096600
1903,development,5482432770723186730
1904,development,8313413506550946943
1905,development,7069495240815985574
1906,reserved_test,1531601771959999077
1907,development,3621319450099552963
1908,development,4753725040936993426
1909,development,10149283507664068576
1910,development,9637026426821196989
1911,development,6821247247159182678
1912,development,478933753919274595
1913,development,7274928403226348513
1914,development,11985495908448117282
1915,development,11327434349698220655
1916,reserved_test,15438214791962298304
1917,reserved_test,14635865733787521806
1918,reserved_test,16764292572646352491
1919,development,9447445794848864115
1920,development,6271106907737067360
1921,development,16686284488587076922
1922,reserved_test,1579774512397249711
1923,development,2166587929992478834
1924,development,8884831245934558527
1925,development,8327444384334390618
1926,development,2894580005021107118
1927,development,4296585821477282445
1928,development,8235415429146057353
1929,development,14567543470628985724
1930,reserved_test,17547941626600809979
1931,reserved_test,7571048013836013693
1932,reserved_test,15029593562299995889
1933,development,3161703933421318033
1934,development,11307996095446682583
1935,development,8030983030819532092
1936,development,8527151436011246571
1937,development,9320713046256041085
1938,development,485583922056510824
1939,reserved_test,3792362279026951403
1940,development,65891675916963843
1941,reserved_test,12555494447557119865
1942,reserved_test,6023624431553581111
1943,development,18220736535254229700
1944,reserved_test,12552982836728388997
1945,reserved_test,7685919053964443283
1946,development,8160145939409038134
1947,reserved_test,5983935186776969633
1948,development,4535337404282845987
1949,development,3495283865949967904
1950,reserved_test,15438579544027960468
1951,development,11218525530882470120
1952,reserved_test,15336868930307628445
1953,development,1711685716139369356
1954,development,1186713210320283727
1955,development,1189253148904213030
1956,development,11441768001951545734
1957,development,9618773394555245016
1958,development,2493826442759930822
1959,development,7231995265563531169
1960,reserved_test,18294694292200534055
1961,development,17281994004957658841
1962,development,17680377386304961334
1963,reserved_test,10784046948346924161
1964,reserved_test,5686333568673447272
1965,reserved_test,14817596797307152088
1966,development,29363192828461070
1967,development,5896913121594420988
1968,development,29363192828461070
1969,development,12523001418905862586
1970,development,10576775633221399266
1971,development,15655670564060910248
1972,development,14145331413042158323
1973,development,5418547348183450314
1974,development,5477976368851760805
1975,development,3168779652216823045
1976,development,9423728035519195587
1977,development,10628673612776215411
1978,development,14072974948252578744
1979,development,17932600323903750960
1980,development,12722915688220067244
1981,reserved_test,2297836358022960859
1982,development,16663929493705595404
1983,development,12716301889626436626
1984,reserved_test,11937611505470401934
1985,development,14547907229835305030
1986,development,10817287581587093818
1987,development,15608393699063773335
1988,development,3541119435013776990
1989,development,18228261041410175033
1990,development,9550491632825226482
1991,development,18351651303803541302
1992,development,1767313321618445381
1993,reserved_test,15961710278944162495
1994,development,10636254292153195365
1995,development,16120403545599582477
1996,reserved_test,6681722199165289834
1997,development,3514245500785664875
1998,development,13083355668553947635
1999,development,2719956514810286291
2000,development,4012016966436907729
2001,development,5205107714038359186
2002,development,8686102402312699118
2003,development,14635953225678755927
2004,reserved_test,11517910047472366281
2005,development,7736762231251038277
2006,development,2910106530085707889
2007,development,6075000553634088659
2008,development,5285467100900720047
2009,development,12430977357757108240
2010,reserved_test,8208926874241173822
2011,development,7836094259804539443
2012,development,17305750227487847555
2013,development,8849587526847701783
2014,reserved_test,11857560733219883833
2015,reserved_test,5685231856848558863
2016,development,3903164415266895442
2017,development,14984102965341635117
2018,reserved_test,4084760050865495983
2019,development,6639355469859223747
2020,reserved_test,13938395175339765779
2021,development,18047128104277268758
2022,development,8684799373541325425
2023,development,18378338160542613668
2024,development,6643180134162382431
2025,reserved_test,15441401582963730312
2026,development,5078020766122056418
2027,development,468506041645666375
2028,development,2048070003022440610
2029,development,15605525366801686511
2030,development,10930395404324752699
2031,development,14753449165575138746
2032,reserved_test,54417041331302585
2033,development,14583181677502152029
2034,development,13623919982979095136
2035,development,8892976764324635420
2036,development,18375122215875998075
2037,development,2470483805127279956
2038,development,2737922175797738963
2039,development,8394589955153030025
2040,development,4722593451504130613
2041,development,16662846795948762922
2042,development,18007708098203587543
2043,development,5628981025038643053
2044,reserved_test,427336295150463279
2045,development,14435310898121174723
2046,reserved_test,3571485411540121019
2047,reserved_test,16598596351629672592
2048,development,8687660218583578543
2049,development,9687641281926870062
2050,development,4012016966436907729
2051,development,5205107714038359186
2052,development,8686102402312699118
2053,development,14635953225678755927
2054,reserved_test,11517910047472366281
2055,development,7736762231251038277
2056,development,2910106530085707889
2057,development,6075000553634088659
2058,development,5285467100900720047
2059,development,12430977357757108240
2060,reserved_test,8208926874241173822
2061,development,7836094259804539443
2062,development,17305750227487847555
2063,development,8849587526847701783
2064,reserved_test,11857560733219883833
2065,reserved_test,5685231856848558863
2066,development,3903164415266895442
2067,development,14984102965341635117
2068,development,5896913121594420988
2069,development,6639355469859223747
2070,reserved_test,13938395175339765779
2071,development,18047128104277268758
2072,reserved_test,14860078769298398382
2073,development,18378338160542613668
2074,development,6643180134162382431
2075,reserved_test,15441401582963730312
2076,development,15968109262923510153
2077,development,15046976260869363252
2078,development,16535379602415859857
2079,development,15605525366801686511
2080,development,10930395404324752699
2081,development,6443716690044009185
2082,reserved_test,54417041331302585
2083,development,14583181677502152029
2084,development,13623919982979095136
2085,development,8892976764324635420
2086,development,18375122215875998075
2087,development,2470483805127279956
2088,development,2737922175797738963
2089,development,8394589955153030025
2090,development,4722593451504130613
2091,development,16662846795948762922
2092,development,18007708098203587543
2093,development,5628981025038643053
2094,reserved_test,427336295150463279
2095,development,14435310898121174723
2096,reserved_test,3571485411540121019
2097,reserved_test,16598596351629672592
2098,development,8687660218583578543
2099,development,9687641281926870062
2100,development,14269921916401648814
2101,development,1597089286942392092
2102,development,5240804065668048142
2103,reserved_test,13474994947488025197
2104,development,374602801543439997
2105,development,4104286204880193988
2106,reserved_test,453168552775456950
2107,development,15444601919149105634
2108,development,13376025530577399027
2109,development,11303103249563951409
2110,development,1485952871454795073
2111,development,4109508429330544840
2112,development,8303082953917580002
2113,development,4550538650767362421
2114,development,3433759897452146329
2115,development,15848180820433638705
2116,development,17527020810862918609
2117,development,12474125113814395440
2118,development,12656273735155145709
2119,development,5734619204002134125
2120,development,5717552567114159897
2121,development,9064717624591201919
2122,development,15979394015924315678
2123,development,16321578165513324719
2124,development,5275957857078159739
2125,development,17882447966734660625
2126,development,13629334834102697728
2127,development,6308385186254904809
2128,development,3733935534293252489
2129,development,2758712101197485970
2130,reserved_test,7923442892523496555
2131,development,11408795474632728575
2132,development,9031773554777837758
2133,development,9200758094866056572
2134,reserved_test,982491644101191079
2135,development,12083940363475389619
2136,development,3492965807831807534
2137,reserved_test,6130066654813854887
2138,development,14575511798912602505
2139,reserved_test,3144221096327715097
2140,development,12462123865316370161
2141,reserved_test,17062077093842734792
2142,development,13896237570071412333
2143,development,9112931281616651613
2144,reserved_test,11950039407777456911
2145,development,3787914037500361023
2146,reserved_test,13051662321674373212
2147,reserved_test,15464142451743675324
2148,reserved_test,9713163459381107821
2149,reserved_test,14774609096178377932
2150,development,6422388588469985178
2151,reserved_test,9649434037221181876
2152,development,2329455596691722242
2153,development,4522946649033939892
2154,development,921931741985768347
2155,development,10198432193472380425
2156,development,11192791608346500348
2157,development,4353871826525450436
2158,development,17903998252326559078
2159,development,8668074435999740058
2160,development,16687254832379382811
2161,development,13592606577337685021
2162,development,13763819667986398250
2163,development,11437406323769072012
2164,development,1115649352662091007
2165,development,10682592466642922097
2166,development,5203687104489816697
2167,development,17210077402014357467
2168,reserved_test,2443008011961680809
2169,development,129412542945631584
2170,reserved_test,2513883014992807440
2171,development,13110257505036921144
2172,reserved_test,3324894499352527836
2173,development,14080973354872792443
2174,development,6404962467060893729
2175,reserved_test,10426565974087314564
2176,development,7117006321516193126
2177,development,3876465655077266059
2178,development,18396630871423368372
2179,development,4943044237404605798
2180,development,211372912805711686
2181,development,5363148258183476428
2182,development,13236421655197965451
2183,development,16159826459682941162
2184,development,5129895948417587794
2185,development,17022780678174821341
2186,development,16413285677897371187
2187,reserved_test,3266284084262285939
2188,development,5007845893819134618
2189,reserved_test,3328155449271411296
2190,development,3210712543229944248
2191,development,2950572605392921476
2192,development,13752726179884570565
2193,development,11961387820850549858
2194,development,3470797854184939248
2195,development,7414617856389524808
2196,development,1564764429057406018
2197,development,118090316665520363
2198,development,5938035117327048661
2199,development,79713546470144452
2200,reserved_test,4366000593122079154
2201,reserved_test,12293824829828470682
2202,reserved_test,16845036385886376606
2203,development,2827877036956675940
2204,reserved_test,396899531982801442
2205,development,15233148808594296898
2206,development,5354436839682713725
2207,development,3732550264294059581
2208,development,3259225672372962431
2209,development,4883018734548958797
2210,development,15957435046538665047
2211,development,8906969262336753177
2212,development,16957913570321106563
2213,development,17274214160580734520
2214,reserved_test,3836083399906219950
2215,development,7876021280753043074
2216,development,16303963176871845796
2217,reserved_test,9857872941518480310
2218,reserved_test,8099671354661544580
2219,reserved_test,9644042656468827844
2220,reserved_test,11348545964554374888
2221,development,14327652523097847787
2222,development,11309256894552577150
2223,development,8298653442529410272
2224,development,4300835714375804419
2225,development,4178621395135243260
2226,development,4339366096628620791
2227,development,798072717577144483
2228,development,2128205293943016242
2229,development,15710265783506785574
2230,development,15396522603586740734
2231,development,16989562079421204733
2232,development,15421427589672361798
2233,development,11357892710679887268
2234,development,16606487492059235603
2235,development,1841242485188749314
2236,development,10955815944947900062
2237,reserved_test,8435168943734494846
2238,development,11159339445556661230
2239,development,13562665767191826289
2240,development,16960159699609859833
2241,development,10755538863675501714
2242,development,12822510405703747533
2243,development,1958199350127780727
2244,development,9689247416078642388
2245,development,10591891905254715489
2246,development,1140350421675803122
2247,development,4437939270270795408
2248,development,7622512304070042586
2249,development,5243369257110972875
2250,development,10661008111153377173
2251,development,12867490122381425802
2252,development,13110371544281384942
2253,reserved_test,8863889417180457571
2254,development,9579416051982547625
2255,development,6236197704236263786
2256,development,9352672384341991251
2257,development,10764390091548737051
2258,development,14706268436933800825
2259,development,11975155362915960599
2260,development,3459061299718374359
2261,development,17959093891517992906
2262,reserved_test,15657971681351748192
2263,development,10595587257868123081
2264,development,3681617119487303699
2265,development,14351766343265502657
2266,reserved_test,14715696011543427859
2267,development,5510803349440641460
2268,development,5481131775328264375
2269,development,1120253057007534882
2270,development,2072105957020727591
2271,development,10562263453961984340
2272,development,8949812609523599479
2273,development,15899316396306182780
2274,development,10820407150281861525
2275,development,296805218580249372
2276,reserved_test,2419330774779348474
2277,development,10297517922503129946
2278,development,16076907914219492841
2279,development,1170522533149111600
2280,development,14980328334409758023
2281,development,16841531908498197150
2282,development,16248560668810304412
2283,development,2248732282921869795
2284,development,15670221587254722513
2285,development,10911881753540947110
2286,development,6412124716252271094
2287,development,4717796300263608088
2288,development,16289344761652885951
2289,development,3237447397574786308
2290,development,623818895257121168
2291,reserved_test,8195131081418037678
2292,development,1541655665143611149
2293,development,10683373911279127545
2294,reserved_test,12787439018786300765
2295,development,5958518485617391020
2296,development,16130510870710249785
2297,development,9960632521337673449
2298,development,3311747181196600374
2299,development,16970746205450608723
2300,development,8522182112370018973
2301,development,7465024264218650432
2302,development,13892103942208407031
2303,reserved_test,16027858678949115444
2304,development,14453115458958354771
2305,development,10913660767337665134
2306,development,219920849739573118
2307,reserved_test,14303442213373441377
2308,development,15559830548700094621
2309,development,1792763622131673247
2310,development,11760744374081874545
2311,development,7973189102057316687
2312,development,3918346389702261024
2313,development,4058481970851442534
2314,development,8458750073330407291
2315,development,4347002430091207615
2316,development,9477238522869517902
2317,development,17265078884618787267
2318,development,3431208752860579674
2319,development,7608124622540943189
2320,development,15596529164318437540
2321,development,100165231748082500
2322,development,8107975647820336402
2323,development,15577801767068764499
2324,development,4613241076372662036
2325,development,15925388884035195656
2326,reserved_test,3360801317960865862
2327,development,9740084399132256294
2328,development,63358994873550788
2329,development,13355920350521093220
2330,development,12270949166357024190
2331,development,9836062403452381371
2332,development,3127136217381527000
2333,development,15973574070138949473
2334,development,2167579711014925444
2335,development,5544630170355862687
2336,development,833260633749872023
2337,reserved_test,18050654656335319166
2338,reserved_test,11357654466062530315
2339,development,7716229746844025072
2340,development,16169072596256583393
2341,reserved_test,12826394940223153152
2342,development,16905458836189959889
2343,development,13463519081728111404
2344,development,3827716907358763485
2345,development,3687888088289649451
2346,development,4783914805145876132
2347,development,13226105415520649166
2348,development,5274009965895922573
2349,reserved_test,13578882795101923051
2350,development,4177706587403868168
2351,development,13913158678563614296
2352,reserved_test,10041826442518471279
2353,development,10814118516072777578
2354,reserved_test,12817060993067180014
2355,development,13446658108675328747
2356,development,2147085504915024827
2357,development,14974868851614994900
2358,development,8753253036623536999
2359,development,1843015412759671536
2360,development,15835895282652611553
2361,development,5736097722962972322
2362,reserved_test,2000490728311688210
2363,development,1949820141120834287
2364,development,14701112701652820688
2365,development,9867043908405479777
2366,development,14119947275288880492
2367,development,3705374044736607662
2368,development,1163066314311884783
2369,development,12543781050399467616
2370,development,8790950568305510659
2371,development,2209579530035519507
2372,reserved_test,9091838988492026720
2373,development,7465210415888715885
2374,development,830657269955005113
2375,development,5901905888891428267
2376,development,4461429187709386519
2377,reserved_test,15333262251042607133
2378,reserved_test,4675421639732741338
2379,reserved_test,1965146675066039994
2380,development,7405223318617677604
2381,reserved_test,18076960674618099340
2382,reserved_test,6575229656316718686
2383,development,9169062822464078107
2384,development,13080407907166072293
2385,reserved_test,6118286597875350051
2386,development,14989726935769091216
2387,reserved_test,367756247794376358
2388,development,15819995645506967863
2389,development,15613041261585086111
2390,development,4327498910211060682
2391,development,8387073449452143747
2392,development,17375007981470834315
2393,development,10869681627792257451
2394,development,7811546218687850507
2395,development,16887087958096171743
2396,development,16123971038184926871
2397,development,13873865347374063691
2398,development,1171050031238610178
2399,development,7037688572432209359
2400,development,11081853180248358823
2401,development,3431208752860579674
2402,development,12363839757390937573
2403,development,5566221004977659898
2404,reserved_test,14374929947609898639
2405,development,2233192575257012095
2406,reserved_test,164179668340455837
2407,development,17205126993811940483
2408,development,14458781360762042038
2409,development,6313773032466232897
2410,development,14602136900450603914
2411,reserved_test,16096243466958192149
2412,development,7014871521559938263
2413,reserved_test,16354424239986402887
2414,development,14437163582909574255
2415,development,14078693214281999316
2416,development,5671529023625102160
2417,development,1733170565849405615
2418,development,11046926356159989921
2419,development,7432710139863063499
2420,development,16913219394847733149
2421,development,8201002586721485328
2422,development,3090785563040040343
2423,reserved_test,3288650371199783831
2424,development,8049611485382229881
2425,development,8536576537715967590
2426,reserved_test,3521913400291240383
2427,development,15533302379557481453
2428,development,15241866773194422671
2429,development,17754217489568610324
2430,development,430789059298874266
2431,development,18432002540192957096
2432,development,2058353004308903675
2433,reserved_test,14779912717022678555
2434,development,16688720673367164633
2435,reserved_test,9599425949587577158
2436,reserved_test,9747286999510363542
2437,reserved_test,6356078656800270393
2438,development,7433331859627330205
2439,development,3195587235297170118
2440,development,2443889231142034614
2441,development,10870317830709233053
2442,development,8027358833931082782
2443,development,8048276827151416775
2444,development,17046906962512073052
2445,development,17525360905174284920
2446,reserved_test,13453452177384547058
2447,development,4163307838431594876
2448,development,2946721125959345662
2449,development,13318578282898745307
2450,reserved_test,16316862285463226079
2451,development,10703017409927844637
2452,development,15845184446731432457
2453,development,16807295500925181424
2454,development,16629596816396071790
2455,development,17960098973102202932
2456,development,7012866361025226014
2457,development,17613294900030556707
2458,reserved_test,4252233832723574784
2459,development,12629527599606436907
2460,development,16830381536862214743
2461,development,471652996475155820
2462,development,140552548817375406
2463,development,9803073891164002528
2464,development,4758328912459596924
2465,development,2858760052995193351
2466,reserved_test,7875874077094063608
2467,development,7728216779307470913
2468,development,1811939472355825170
2469,development,17054079581228068003
2470,development,18044019774877320516
2471,development,18322703676715267090
2472,development,1885401935910418951
2473,development,4407030086021203598
2474,development,16590640304616212381
2475,development,13094164405111016818
2476,development,6467529896451867061
2477,development,16943777460736206820
2478,reserved_test,7247850493250400880
2479,development,3061718881988728447
2480,development,2607244932947746099
2481,development,9320472279660284062
2482,reserved_test,8771570699158533979
2483,reserved_test,10501241230694522419
2484,development,15113160752742838508
2485,development,13508888343524493042
2486,development,4576250038742988307
2487,development,17051762768489480581
2488,development,783524479301739040
2489,reserved_test,18014198866868627377
2490,development,2103653349300946619
2491,development,5530308973097351993
2492,development,16570425522687962087
2493,reserved_test,1938085877440622542
2494,reserved_test,18371246046133422287
2495,development,6351907148834366249
2496,reserved_test,16722011339668965900
2497,development,11513233565218348621
2498,development,10186423584764136978
2499,development,15780862103652610090
2500,development,17219545514562344906
2501,development,2544110406939862542
2502,development,15230206650426217187
2503,development,14112530130244873053
2504,development,9603444865360925048
2505,development,14665253013152508617
2506,development,8624588874927735236
2507,development,11589205028471732232
2508,development,1703772638796692574
2509,development,13892983800506838119
2510,reserved_test,8442779907193456821
2511,reserved_test,14170285798003610538
2512,development,13597182996529030942
2513,development,13414927949422966001
2514,development,3996877703426854021
2515,development,15121247012704552486
2516,development,10497508668573589331
2517,development,1822229759861749183
2518,development,8299851280134322174
2519,reserved_test,17758343971081873229
2520,development,6833188443359761812
2521,reserved_test,16653194720094463130
2522,development,7235361346518384285
2523,development,2449593346224041809
2524,development,3821982453870068494
2525,development,17063932646568846354
2526,development,16693819156009464841
2527,development,15588488941823878018
2528,development,2628680304734665085
2529,reserved_test,16333155539050316202
2530,development,14356820739200791464
2531,development,13415831248503697613
2532,development,11505895286984890354
2533,development,13754664673787482564
2534,development,12035356848382527784
2535,development,15004280929590616948
2536,development,91685040665179514
2537,reserved_test,14443669268043431396
2538,development,14597714806443634552
2539,development,13651524120864184031
2540,development,4693918807300283391
2541,development,8678399581605224953
2542,development,11523364032788985335
2543,reserved_test,15001110606065449778
2544,development,16493622385834730807
2545,reserved_test,13560854721978502599
2546,development,4381391625522205971
2547,development,7362811354526609794
2548,development,10369912166839908910
2549,development,11339902000038041718
2550,development,8440616892992991594
2551,development,5673862500525641418
2552,development,7532081513018554057
2553,development,6391540600997656494
2554,reserved_test,14115239177000371708
2555,development,3302254662856010891
2556,development,1729288831783470027
2557,reserved_test,4557810792427878900
2558,reserved_test,7562870066283450779
2559,development,3243585748727757122
2560,development,2571370335981097889
2561,development,17638322390475412718
2562,reserved_test,1481188534362157149
2563,development,12417824460525076298
2564,development,11525960679499829471
2565,development,1099451195209470649
2566,development,3617277902156218245
2567,development,9926348762708927550
2568,development,8460703505203899708
2569,development,5709583086567953875
2570,development,2875911067398452694
2571,development,6518489940994114381
2572,development,17789870678665580677
2573,reserved_test,14236349595281642460
2574,development,14336873138568790827
2575,development,7857764280096210190
2576,reserved_test,17756150663728511197
2577,reserved_test,14292597454582553488
2578,development,10053039339696599176
2579,development,11930634573876069458
2580,development,6246339340687788955
2581,development,5904127899530078185
2582,development,14390950083941907433
2583,development,15518763106055393508
2584,development,8959765579853536341
2585,development,14822745262016070025
2586,development,6988832715475586348
2587,reserved_test,15721690000006730940
2588,development,8252884641884728620
2589,development,16197564280461110578
2590,reserved_test,2825072753744321511
2591,development,13918985319488383189
2592,development,9063794783503089406
2593,development,13892471782271757504
2594,reserved_test,1961203713171202563
2595,development,8122332949443855845
2596,development,13099830627317908893
2597,development,17727035022180052690
2598,development,9607699189377670271
2599,reserved_test,17668872461918163217
2600,development,6326754546645302317
2601,development,14941571252426199855
2602,development,2250017775234378921
2603,reserved_test,11378715129302070246
2604,reserved_test,11647950486302690806
2605,development,18182078567493207880
2606,development,17265232961313239086
2607,development,7686238872446480655
2608,development,8094450535857903274
2609,development,2369517955048997298
2610,development,10169826347528273869
2611,development,1396951653553843723
2612,development,4949012650048532531
2613,development,6012248614871801975
2614,development,17280991028768327793
2615,development,11171065147292002798
2616,development,1950117918794281081
2617,development,11728894864228470894
2618,development,12656273735155145709
2619,development,8335094609926894538
2620,development,3944008944707286406
2621,reserved_test,14883947117787736337
2622,development,7023808554857549005
2623,development,12368087528209006219
2624,development,8990126552294039694
2625,development,15186368840441188237
2626,development,8727611572894635210
2627,development,10142291377290949082
2628,development,5169865450356721581
2629,development,8243252616850404071
2630,reserved_test,13029132788157722728
2631,development,6062828124996388605
2632,development,7004260666276102397
2633,development,14221637488209447216
2634,development,9325813580549893883
2635,development,6595257816287222226
2636,development,11850981411392465274
2637,reserved_test,15615921550466367991
2638,reserved_test,3326618256418836292
2639,development,10797062027287458734
2640,reserved_test,7522905148525875460
2641,development,413290006512406745
2642,reserved_test,9040690070678804757
2643,development,5640528396494949660
2644,reserved_test,13917398184312689358
2645,reserved_test,8965259369582984212
2646,development,9443572419817227125
2647,development,13962596316002236947
2648,development,10151176693778120126
2649,development,15608307848586927110
2650,development,9393006286619692184
2651,development,3361300295992299169
2652,development,15065973885108159013
2653,development,13795382135596311208
2654,development,11502991065376369731
2655,development,2580589805802427301
2656,development,4170139113748498359
2657,reserved_test,14662891449307608890
2658,reserved_test,2785096327881392966
2659,reserved_test,9085749372924480771
2660,development,9850849233949395342
2661,development,647995379504898144
2662,development,13446101642041627441
2663,reserved_test,15307710024461749512
2664,development,9958719702063256109
2665,development,15982977434542715308
2666,development,14699750587064535279
2667,development,9045374802966557808
2668,development,3555876822003946960
2669,development,117834253114809291
2670,development,10354070034547546770
2671,development,11714187078016332978
2672,development,13024177290047349212
2673,development,2172948293827118276
2674,reserved_test,2017783555869242904
2675,development,719757907219460430
2676,development,4020546870562178354
2677,development,3297824798502339913
2678,development,6156672215970618458
2679,development,12957443281513555568
2680,development,4413480253864194275
2681,development,3157961756423561534
2682,development,10380887980341790378
2683,reserved_test,13935006760060758543
2684,development,5535278393085844800
2685,reserved_test,4719157700954534179
2686,reserved_test,5321454928751040886
2687,development,917382817542124483
2688,development,7117568185700702372
2689,development,4367143821359124135
2690,development,12195722221723163744
2691,development,4265261905997369945
2692,development,2678154835953848841
2693,reserved_test,3668830633784864239
2694,development,16233727342862131073
2695,reserved_test,3095933368171373458
2696,reserved_test,8691925624545976352
2697,development,2845830858217050238
2698,development,10993091929086978447
2699,development,3575043492848050008
2700,development,3080562841217496754
2701,development,11982675881258816503
2702,development,17380083178408289584
2703,development,11374235385564413210
2704,development,15917667130685684558
2705,development,13256124756171270645
2706,development,1791568906348675817
2707,development,14710896059188574957
2708,development,4985775794945116655
2709,development,2666720969280724135
2710,development,15721246677157971136
2711,development,13076755213655258837
2712,development,4737034839307783452
2713,development,4023783213327485158
2714,development,2094834882695065037
2715,development,18372549739444577906
2716,development,6585549355715199664
2717,development,17286896529457175682
2718,development,212212298399839370
2719,reserved_test,5085281431255619187
2720,development,17102290091159621622
2721,reserved_test,4928111594162419399
2722,development,12274847366622300011
2723,reserved_test,5387889537210311233
2724,development,2943951895991194251
2725,development,13051321775515714054
2726,development,8948861857691820537
2727,development,13751522357733380096
2728,development,12602573186515543191
2729,development,2232267275013069619
2730,development,16362713397165039080
2731,development,10279299813961617465
2732,development,8243849951197230020
2733,development,16345014833647304599
2734,reserved_test,15798424728873207984
2735,development,852719633572691304
2736,development,8743655702378874380
2737,development,10123828432068175818
2738,reserved_test,18098987558987750735
2739,development,16274597148472257484
2740,development,11518356094272164106
2741,development,4720221911359749754
2742,development,7123955919905887891
2743,development,14687621535811384830
2744,development,15719575552969200447
2745,development,17701454792227860093
2746,reserved_test,5605875763623859248
2747,development,3658949420376542955
2748,development,6510202949083454604
2749,development,5701861768458203837
2750,development,17793751994750318653
2751,development,15418412312155010163
2752,development,17100497706128709168
2753,development,3149331396850302626
2754,development,10188312529901294565
2755,development,8874657685552272009
2756,reserved_test,3487422042889718600
2757,development,9581107348965189894
2758,reserved_test,17467750558397302898
2759,development,7650778571504246251
2760,reserved_test,17746563292290926570
2761,development,5815269517719803584
2762,development,2403827259542855
2763,reserved_test,5920245526238771702
2764,development,13940957568269687346
2765,development,6678267732557884277
2766,development,15144884817812849591
2767,development,12890653905139318998
2768,development,16952592153404055334
2769,development,13183468508356559474
2770,reserved_test,12949587207677713179
2771,development,7832688527029163432
2772,development,3563385128490037407
2773,development,6497081487693504811
2774,reserved_test,2625708259848607058
2775,development,2310855302430645398
2776,development,17019860314493318327
2777,development,2896279147605341856
2778,development,16099270091740359207
2779,development,9554038832391834913
2780,development,18353420677491289226
2781,development,9902163719466511390
2782,development,1431989000747364771
2783,development,11795169091059780717
2784,reserved_test,16693647866810256283
2785,development,4409797582478426958
2786,development,7081439586793693729
2787,development,4841562053716180210
2788,development,8431468176857131377
2789,development,9352061985910700793
2790,reserved_test,1457887209225385339
2791,development,6975435667123872450
2792,development,12355794118015329466
2793,reserved_test,15752526004233115708
2794,reserved_test,14706538263268089923
2795,development,5183716755919658125
2796,development,13221840645796684963
2797,development,7963989452945963673
2798,development,16375861678839019156
2799,development,14047685338084910752
2800,development,3543143840309877016
2801,development,13408678845427992112
2802,development,18324547382232690948
2803,development,16640727112482922963
2804,development,5247321836700512163
2805,development,8950871404499603095
2806,development,3380745929516244287
2807,reserved_test,16262544473041907626
2808,development,1485799972341397810
2809,development,4352876251063879196
2810,development,558300672516997765
2811,development,10340821702663660342
2812,development,2207235525366023682
2813,development,12201147154111615556
2814,development,4736601112472899615
2815,development,10560704367276982259
2816,development,11862832524958206921
2817,development,15241523949466754645
2818,development,6808309061058177495
2819,development,8172605971380873064
2820,development,12611263828261415127
2821,development,12901004919726660875
2822,development,10118868682166043443
2823,reserved_test,17747383211080945063
2824,development,11674651541652853013
2825,development,14064527752395542230
2826,development,933443779918282102
2827,reserved_test,12565195680036498458
2828,development,5092331371656601755
2829,development,15610055960138022217
2830,reserved_test,8813572757722070384
2831,development,7645879982954287725
2832,reserved_test,6285147722259383952
2833,development,80190723542073251
2834,development,3717220516645136626
2835,reserved_test,17598855200333904449
2836,development,12025952841885980731
2837,development,14247595291362431984
2838,development,4139041029612304478
2839,development,3616081632552606702
2840,reserved_test,15986290590542554578
2841,reserved_test,2476627500278582728
2842,development,1849044155190817432
2843,reserved_test,15602024150846088258
2844,reserved_test,14678343421951677582
2845,development,9245404995648459130
2846,development,2637447330866796568
2847,development,3905039174063091263
2848,development,5233989590253009622
2849,development,12606844169698182710
2850,reserved_test,5835136603315661285
2851,reserved_test,13264618689644166585
2852,development,14327650095970106622
2853,development,12960919517683240444
2854,development,11548614720368611290
2855,development,1104201383058212554
2856,development,16657119173045258378
2857,development,15786035725798528406
2858,development,2925455642418184197
2859,development,8053597691529015370
2860,development,3839962880117500221
2861,reserved_test,7532255309596686549
2862,development,8323766939099931730
2863,development,5114771353092948386
2864,development,7751238989987337649
2865,development,12306207681917486996
2866,development,15523775581086747042
2867,reserved_test,10751331825335901948
2868,development,29363192828461070
2869,reserved_test,8411972024911233680
2870,development,15679207362152386345
2871,reserved_test,7627296497509564438
2872,development,8793191432849878414
2873,development,239761464606659868
2874,development,9854106686098242234
2875,development,11992507011055997792
2876,reserved_test,16315436687846760271
2877,development,7737261509415152342
2878,development,13936073030772441124
2879,development,16565604517344095198
2880,development,14497802705820711333
2881,development,16294149926103946668
2882,development,7524822858412229812
2883,development,5655217381844967926
2884,development,13885192361938562693
2885,reserved_test,15097232992619927345
2886,development,2089120800157242407
2887,development,12505296831659423140
2888,development,12165921001284888056
2889,development,13573188498042340770
2890,development,7760295290272365346
2891,development,14059147982144276981
2892,development,8653586369844801576
2893,development,2432018511333142029
2894,development,1795514514487018433
2895,development,1167530246225250355
2896,development,6032780687029623077
2897,development,8435607687708680705
2898,reserved_test,8102761983904205807
2899,development,1451390436764814635
2900,development,1239788790593864352
2901,reserved_test,6570613953645976237
2902,development,3831416855417465105
2903,reserved_test,16636362327218635165
2904,development,483700961855979489
2905,development,12232553864416094454
2906,development,463204522171708464
2907,reserved_test,18387362674611102774
2908,development,9411762086139396090
2909,development,266537175126841845
2910,reserved_test,5159519623099565438
2911,reserved_test,17314650988936707703
2912,development,1670640088487295572
2913,development,15155663533451176656
2914,reserved_test,11923254560796437339
2915,development,11679574723010963030
2916,development,2792546757752773133
2917,reserved_test,8426240645450945346
2918,reserved_test,800277774999411520
2919,development,8167532429930764317
2920,development,15657562602403143165
2921,development,14847495386289478994
2922,development,14029598644398569841
2923,development,17292031827612861440
2924,development,4909228117563509069
2925,development,13197923539214865442
2926,development,9591677061624742303
2927,development,14332954677335132194
2928,development,15040127857023621589
2929,development,11888177044970473226
2930,development,2116426503896906281
2931,reserved_test,3685893892763730034
2932,development,1156158226357724954
2933,reserved_test,18119794459511443072
2934,development,10910524475535878110
2935,development,6569258422759020045
2936,development,16405833696464078705
2937,development,13169087893012626549
2938,reserved_test,13116886983700740233
2939,development,2009908713835199993
2940,development,3189798047623152596
2941,development,7409836303816649609
2942,development,7901527209663193490
2943,development,15130852189185029498
2944,development,9521054596041954791
2945,development,9831756115738625475
2946,reserved_test,14400483780186955659
2947,development,16031111211565993868
2948,development,9484571424562134663
2949,reserved_test,13923168480607862912
2950,development,8512553653585780440
2951,development,12616779835941598564
2952,reserved_test,9577872440978417260
2953,development,9637971281432161083
2954,development,3744899775319607000
2955,development,7979412737446641867
2956,development,7464753292230324157
2957,development,17991006376969682673
2958,reserved_test,14762081391122588263
2959,reserved_test,10427107911116715727
2960,development,11531698744611219854
2961,development,13855343452755534884
2962,development,6174091068676717014
2963,reserved_test,1409657730415046037
2964,development,14932691886770023120
2965,reserved_test,2765387705355204954
2966,reserved_test,9932553546910363430
2967,development,1202787329227501170
2968,reserved_test,12092328690190522085
2969,reserved_test,15284671268478690627
2970,development,14971913479605185115
2971,development,15128269243703210867
2972,development,12697647708562297817
2973,development,11336462215611241170
2974,reserved_test,12369883005421516491
2975,reserved_test,5273556048549780083
2976,reserved_test,17177359231117244453
2977,development,10642222369584141102
2978,development,2681814556758441559
2979,reserved_test,18016644114408479535
2980,development,1018145906112294653
2981,development,2794875805902428668
2982,development,14344699145938351558
2983,development,14380527891937609588
2984,development,15182863756502883435
2985,development,10855503173857769144
2986,development,4653830333454949143
2987,development,4062091888663516293
2988,development,7544392040866859316
2989,development,4891470092451887759
2990,development,623969322486464252
2991,development,5485380611940040704
2992,reserved_test,17430182133907355359
2993,reserved_test,4594944333446305685
2994,development,12370479007082369631
2995,reserved_test,6565051773151357200
2996,development,10843735996812930562
2997,development,5547130158834300660
2998,development,7928756053417606799
2999,development,17583506792574343699
3000,development,3129017379663395119
3001,reserved_test,5248832440239760261
3002,reserved_test,11290339409942353755
3003,development,15875023435010199414
3004,development,15733871305671231440
3005,development,1696513307864384807
3006,development,7107179104003386029
3007,development,12116752791477034415
3008,reserved_test,17077370899142473885
3009,development,3694431901676657185
3010,development,9227044606527680617
3011,development,6998419212540609714
3012,development,15366640716814953471
3013,development,2452080988300466368
3014,development,7251972323401607942
3015,reserved_test,5091208344374923768
3016,development,15810652095659410829
3017,development,10809564307710520504
3018,development,6523122245384035148
3019,development,13272321428486407707
3020,reserved_test,12924448424044972112
3021,development,2569067876840757047
3022,development,18144359089166777690
3023,development,294917969263167128
3024,reserved_test,1442839928312164419
3025,development,6702800323697627840
3026,reserved_test,9972216552563919251
3027,development,13973498258964186093
3028,reserved_test,15690617196004236886
3029,development,12357814860622203044
3030,reserved_test,18125422237649502627
3031,development,8969031192794704522
3032,development,7979545466526121426
3033,development,8878125574398497307
3034,development,11666878746209544518
3035,reserved_test,13854448466411941532
3036,development,17057760366093739138
3037,reserved_test,12837579188399345796
3038,development,2914659895546697775
3039,development,6721326287932869918
3040,development,11984627669265874643
3041,reserved_test,14013349076056067093
3042,development,3817263640039250495
3043,reserved_test,3279523821246740488
3044,development,1008514470923045867
3045,development,2027384804364027992
3046,reserved_test,16136848472611517153
3047,development,16243713082625534050
3048,reserved_test,16596069680849382260
3049,development,1140724956096105163
3050,development,14269921916401648814
3051,development,1597089286942392092
3052,development,5240804065668048142
3053,reserved_test,13474994947488025197
3054,development,374602801543439997
3055,development,4104286204880193988
3056,reserved_test,453168552775456950
3057,development,15444601919149105634
3058,development,13376025530577399027
3059,development,11303103249563951409
3060,development,1485952871454795073
3061,development,17868372934339121835
3062,reserved_test,9806177635865145399
3063,development,4550538650767362421
3064,development,3433759897452146329
3065,development,15848180820433638705
3066,development,17527020810862918609
3067,development,12474125113814395440
3068,development,12656273735155145709
3069,development,5734619204002134125
3070,development,5717552567114159897
3071,development,9064717624591201919
3072,development,2648959249469525673
3073,development,16321578165513324719
3074,development,5275957857078159739
3075,development,17882447966734660625
3076,development,13629334834102697728
3077,development,966381277738285366
3078,development,3733935534293252489
3079,development,2758712101197485970
3080,reserved_test,7923442892523496555
3081,development,11408795474632728575
3082,development,9031773554777837758
3083,development,9200758094866056572
3084,reserved_test,982491644101191079
3085,development,12083940363475389619
3086,development,3492965807831807534
3087,reserved_test,6130066654813854887
3088,development,14575511798912602505
3089,reserved_test,3144221096327715097
3090,development,12462123865316370161
3091,reserved_test,17062077093842734792
3092,development,13896237570071412333
3093,development,9112931281616651613
3094,reserved_test,11950039407777456911
3095,development,9957730924356639817
3096,development,2284993606884058060
3097,development,663729221272135314
3098,reserved_test,9713163459381107821
3099,reserved_test,5367306947665164238
3100,development,14269921916401648814
3101,development,1597089286942392092
3102,development,5240804065668048142
3103,reserved_test,13474994947488025197
3104,development,374602801543439997
3105,development,4104286204880193988
3106,reserved_test,453168552775456950
3107,development,15444601919149105634
3108,development,13376025530577399027
3109,development,11303103249563951409
3110,development,1485952871454795073
3111,development,17868372934339121835
3112,development,8303082953917580002
3113,development,4550538650767362421
3114,development,3433759897452146329
3115,development,15848180820433638705
3116,development,17527020810862918609
3117,development,12474125113814395440
3118,development,12656273735155145709
3119,development,5734619204002134125
3120,development,5717552567114159897
3121,development,9064717624591201919
3122,development,2648959249469525673
3123,development,15148431453876010170
3124,development,5275957857078159739
3125,development,17882447966734660625
3126,development,13629334834102697728
3127,development,6308385186254904809
3128,development,3733935534293252489
3129,development,2758712101197485970
3130,reserved_test,7923442892523496555
3131,reserved_test,16415913374533794376
3132,development,9031773554777837758
3133,development,9200758094866056572
3134,reserved_test,982491644101191079
3135,development,12083940363475389619
3136,development,3492965807831807534
3137,reserved_test,6130066654813854887
3138,development,14575511798912602505
3139,reserved_test,3144221096327715097
3140,development,12462123865316370161
3141,reserved_test,17062077093842734792
3142,development,13896237570071412333
3143,development,9112931281616651613
3144,reserved_test,11950039407777456911
3145,development,9957730924356639817
3146,development,2284993606884058060
3147,development,663729221272135314
3148,reserved_test,9713163459381107821
3149,reserved_test,5367306947665164238
