dataset,row_index,validation_fold,group_id
ibm,1,1,5575-GNVDE
ibm,2,1,3668-QPYBK
ibm,3,1,7795-CFOCW
ibm,20,1,8779-QRDMV
ibm,25,1,6865-JZNKO
ibm,26,1,6467-CHFZW
ibm,44,1,4080-IIARD
ibm,46,1,5948-UJZLF
ibm,50,1,8012-SOUDQ
ibm,66,1,8627-ZYGSZ
ibm,81,1,8108-UXRQN
ibm,85,1,4445-ZJNMU
ibm,94,1,9848-JQJTX
ibm,99,1,4598-XLKNJ
ibm,102,1,7123-WQUHX
ibm,106,1,6728-DKUCO
ibm,107,1,9750-BOOHV
ibm,112,1,5712-AHQNN
ibm,126,1,4412-YLTKF
ibm,127,1,6734-PSBAW
ibm,131,1,6207-WIOLX
ibm,137,1,3774-VBNXY
ibm,138,1,6217-KDYWC
ibm,146,1,6837-BJYDQ
ibm,147,1,2135-RXIHG
ibm,155,1,6551-GNYDG
ibm,162,1,4482-EWFMI
ibm,164,1,2907-ILJBN
ibm,166,1,3376-BMGFE
ibm,171,1,1875-QIVME
ibm,173,1,0691-JVSYA
ibm,205,1,7674-YTAFD
ibm,207,1,1285-OKIPP
ibm,214,1,2504-DSHIH
ibm,223,1,0742-MOABM
ibm,237,1,9903-LYSAB
ibm,243,1,9058-HRZSV
ibm,256,1,7017-VFHAY
ibm,257,1,6655-LHBYW
ibm,264,1,1950-KSVVJ
ibm,267,1,3197-ARFOY
ibm,272,1,6366-ZGQGL
ibm,278,1,8645-KWHJO
ibm,285,1,6202-DYYFX
ibm,303,1,8181-YHCMF
ibm,309,1,4091-TVOCN
ibm,310,1,1098-TDVUQ
ibm,311,1,7277-OZCGZ
ibm,312,1,1557-EMYVT
ibm,313,1,2799-ARNLO
ibm,320,1,5020-ZSTTY
ibm,328,1,5697-GOMBF
ibm,336,1,6680-NENYN
ibm,337,1,2088-IEBAU
ibm,339,1,1343-EHPYB
ibm,348,1,6243-OZGFH
ibm,349,1,4654-DLAMQ
ibm,350,1,0513-RBGPE
ibm,351,1,5160-UXJED
ibm,353,1,0219-YTZUE
ibm,364,1,3583-KRKMD
ibm,366,1,9069-LGEUL
ibm,369,1,3520-FJGCV
ibm,370,1,6563-VRERX
ibm,377,1,9601-BRXPO
ibm,378,1,2863-IMQDR
ibm,384,1,6583-SZVGP
ibm,394,1,3951-NJCVI
ibm,401,1,9442-JTWDL
ibm,403,1,3067-SVMTC
ibm,404,1,5495-GPSRW
ibm,405,1,7606-BPHHN
ibm,420,1,2233-FAGXV
ibm,423,1,3935-TBRZZ
ibm,425,1,2055-SIFSS
ibm,429,1,6152-ONASV
ibm,438,1,5886-VLQVU
ibm,441,1,5628-RKIFK
ibm,442,1,0206-TBWLC
ibm,443,1,2937-FTHUR
ibm,446,1,4110-PFEUZ
ibm,448,1,5168-MSWXT
ibm,450,1,8592-PLTMQ
ibm,460,1,4719-UMSIY
ibm,463,1,3811-VBYBZ
ibm,471,1,3583-EKAPL
ibm,473,1,4104-PVRPS
ibm,496,1,4134-BSXLX
ibm,499,1,7783-YKGDV
ibm,503,1,7803-XOCCZ
ibm,505,1,5609-CEBID
ibm,510,1,4332-MUOEZ
ibm,513,1,8677-HDZEE
ibm,518,1,0257-ZESQC
ibm,525,1,0750-EBAIU
ibm,526,1,8606-CIQUL
ibm,535,1,5348-CAGXB
ibm,542,1,2866-IKBTM
ibm,545,1,7129-AZJDE
ibm,548,1,4676-MQUEA
ibm,552,1,2075-PUEPR
ibm,556,1,2654-VBVPB
ibm,557,1,1154-HYWWO
ibm,558,1,2501-XWWTZ
ibm,561,1,7343-EOBEU
ibm,563,1,6103-LIANB
ibm,570,1,7293-LSCDV
ibm,581,1,3627-FHKBK
ibm,584,1,2393-DIVAI
ibm,599,1,0374-FIUCA
ibm,602,1,1096-ADRUX
ibm,624,1,1009-IRMNA
ibm,636,1,7954-MLBUN
ibm,637,1,2077-DDHJK
ibm,639,1,0195-IESCP
ibm,648,1,5644-PDMZC
ibm,658,1,4464-JCOLN
ibm,660,1,5650-VDUDS
ibm,661,1,8095-WANWK
ibm,669,1,0214-JHPFW
ibm,670,1,5642-MHDQT
ibm,674,1,0823-HSCDJ
ibm,679,1,2826-UWHIS
ibm,690,1,8262-COGGB
ibm,697,1,5896-NPFWW
ibm,699,1,8338-QIUNR
ibm,707,1,8329-UTMVM
ibm,711,1,7929-DMBCV
ibm,715,1,5575-TPIZQ
ibm,718,1,1853-ARAAQ
ibm,722,1,4952-YSOGZ
ibm,724,1,5244-IRFIH
ibm,732,1,1216-JWVUX
ibm,734,1,1173-NOEYG
ibm,743,1,4018-PPNDW
ibm,747,1,3966-HRMZA
ibm,750,1,8224-IVVPA
ibm,753,1,3115-CZMZD
ibm,764,1,7969-FFOWG
ibm,773,1,5842-POCOP
ibm,776,1,9505-SQFSW
ibm,784,1,5125-CNDSP
ibm,785,1,0691-IFBQW
ibm,787,1,2202-OUTMO
ibm,800,1,5671-RQRLP
ibm,810,1,2239-JALAW
ibm,814,1,4785-NKHCX
ibm,822,1,7975-TZMLR
ibm,848,1,9778-OGKQZ
ibm,854,1,7695-PKLCZ
ibm,858,1,3224-DFQNQ
ibm,862,1,0947-MUGVO
ibm,866,1,0979-MOZQI
ibm,874,1,4713-ZBURT
ibm,875,1,3050-GBUSH
ibm,879,1,9342-VNIMQ
ibm,880,1,9851-KIELU
ibm,887,1,1258-YMZNM
ibm,888,1,0048-LUMLS
ibm,890,1,5898-IGSLP
ibm,897,1,0678-RLHVP
ibm,901,1,9734-YWGEX
ibm,915,1,6513-EECDB
ibm,921,1,8942-DBMHZ
ibm,937,1,6400-BWQKW
ibm,938,1,2692-AQCPF
ibm,943,1,6115-ZTBFQ
ibm,947,1,9904-EHEVJ
ibm,955,1,9448-REEVD
ibm,977,1,5879-SESNB
ibm,989,1,3280-NMUVX
ibm,997,1,1374-DMZUI
ibm,1006,1,9524-EGPJC
ibm,1007,1,6993-OHLXR
ibm,1008,1,8818-XYFCQ
ibm,1011,1,6614-YOLAC
ibm,1012,1,7426-RHZGU
ibm,1013,1,4065-JJAVA
ibm,1024,1,7147-AYBAA
ibm,1029,1,4184-TJFAN
ibm,1048,1,2829-HYVZP
ibm,1052,1,7013-PSXHK
ibm,1061,1,4829-ZLJTK
ibm,1064,1,3800-LYTRK
ibm,1083,1,9878-TNQGW
ibm,1091,1,5832-TRLPB
ibm,1095,1,7439-DKZTW
ibm,1098,1,9742-XOKTS
ibm,1101,1,4712-UYOOI
ibm,1109,1,3391-JSQEW
ibm,1110,1,0343-QLUZP
ibm,1111,1,9763-PDTKK
ibm,1123,1,0074-HDKDG
ibm,1126,1,0927-LCSMG
ibm,1141,1,1641-BYBTK
ibm,1147,1,0411-EZJZE
ibm,1176,1,3992-YWPKO
ibm,1178,1,0125-LZQXK
ibm,1181,1,8399-YNDCH
ibm,1184,1,4660-IRIBM
ibm,1187,1,8089-UZWLX
ibm,1196,1,0455-ENTCR
ibm,1205,1,6358-LYNGM
ibm,1206,1,6077-BDPXA
ibm,1208,1,5494-HECPR
ibm,1209,1,8268-YDIXR
ibm,1211,1,1373-ORVIZ
ibm,1221,1,3055-MJDSB
ibm,1226,1,7115-IRDHS
ibm,1234,1,4525-VZCZG
ibm,1241,1,0096-FCPUF
ibm,1250,1,6766-HFKLA
ibm,1257,1,0723-VSOBE
ibm,1277,1,4821-WQOYN
ibm,1292,1,8390-FESFV
ibm,1303,1,0042-RLHYP
ibm,1304,1,8519-IMDHU
ibm,1313,1,6599-RCLCJ
ibm,1316,1,9788-YTFGE
ibm,1317,1,9277-JOOMO
ibm,1319,1,1725-MIMXW
ibm,1342,1,2017-CCBLH
ibm,1347,1,5469-NUJUR
ibm,1351,1,7266-GSSJX
ibm,1359,1,7943-RQCHR
ibm,1360,1,3793-MMFUH
ibm,1368,1,6250-CGGUN
ibm,1376,1,3164-AALRN
ibm,1380,1,1131-SUEKT
ibm,1399,1,3131-NWVFJ
ibm,1400,1,7521-YXVZY
ibm,1401,1,5419-CONWX
ibm,1406,1,9337-SRRNI
ibm,1407,1,0895-UADGO
ibm,1410,1,7024-OHCCK
ibm,1416,1,4859-ZSRDZ
ibm,1418,1,9350-VLHMB
ibm,1425,1,7077-XJMET
ibm,1426,1,8752-GHJFU
ibm,1432,1,9046-DQMTP
ibm,1434,1,1571-SAVHK
ibm,1435,1,9052-VKDUW
ibm,1437,1,1666-JZPZT
ibm,1439,1,0506-LVNGN
ibm,1443,1,7055-HNEOJ
ibm,1453,1,5899-OUVKV
ibm,1466,1,8205-MQUGY
ibm,1470,1,6979-TNDEU
ibm,1471,1,9777-WJJPR
ibm,1502,1,5724-BIDBU
ibm,1507,1,7427-AUFPY
ibm,1508,1,2811-POVEX
ibm,1516,1,6198-RTPMF
ibm,1518,1,1925-GMVBW
ibm,1526,1,2984-AFWNC
ibm,1527,1,0640-YJTPY
ibm,1533,1,8519-QJGJD
ibm,1545,1,5193-QLVZB
ibm,1549,1,4237-RLAQD
ibm,1554,1,9313-QOLTZ
ibm,1574,1,5312-TSZVC
ibm,1575,1,2003-CKLOR
ibm,1583,1,2720-FVBQP
ibm,1596,1,7321-VGNKU
ibm,1600,1,3068-OMWZA
ibm,1624,1,2929-QNSRW
ibm,1644,1,3331-HQDTW
ibm,1650,1,3049-NDXFL
ibm,1652,1,3307-TLCUD
ibm,1660,1,1171-TYKUR
ibm,1661,1,3761-FLYZI
ibm,1662,1,2058-DCJBE
ibm,1664,1,4829-AUOAX
ibm,1669,1,5405-ZMYXQ
ibm,1671,1,1442-OKRJE
ibm,1678,1,1060-ENTOF
ibm,1683,1,0354-VXMJC
ibm,1701,1,6097-EQISJ
ibm,1705,1,4918-FYJNT
ibm,1713,1,1702-CCFNJ
ibm,1717,1,0404-AHASP
ibm,1722,1,9060-HJJRW
ibm,1728,1,8345-MVDYC
ibm,1733,1,1015-OWJKI
ibm,1744,1,8952-WCVCD
ibm,1748,1,8540-ZQGEA
ibm,1755,1,1803-BGNBD
ibm,1759,1,2243-FNMMI
ibm,1772,1,7198-GLXTC
ibm,1783,1,8380-PEFPE
ibm,1797,1,0839-QNXME
ibm,1798,1,3506-OVLKD
ibm,1805,1,7860-KSUGX
ibm,1810,1,5149-QYTTU
ibm,1814,1,5442-PPTJY
ibm,1819,1,6701-DHKWQ
ibm,1823,1,8496-EJAUI
ibm,1826,1,6908-VVYHM
ibm,1827,1,2959-EEXWB
ibm,1834,1,8080-DDEMJ
ibm,1836,1,6365-MTGZX
ibm,1839,1,9350-ZXYJC
ibm,1840,1,6990-YNRIO
ibm,1845,1,4115-UMJFQ
ibm,1846,1,7369-TRPFD
ibm,1852,1,3669-OYSJI
ibm,1860,1,3279-DYZQM
ibm,1869,1,7010-BRBUU
ibm,1872,1,9938-PRCVK
ibm,1876,1,3946-JEWRQ
ibm,1881,1,4524-QCSSM
ibm,1885,1,7217-JYHOQ
ibm,1890,1,6770-XUAGN
ibm,1894,1,9281-PKKZE
ibm,1905,1,1022-RKXDR
ibm,1914,1,5356-CSVSQ
ibm,1917,1,3219-JQRSL
ibm,1922,1,8201-AAXCB
ibm,1926,1,6651-AZVTJ
ibm,1935,1,7297-DVYGA
ibm,1939,1,8267-KFGYD
ibm,1951,1,8735-IJJEG
ibm,1952,1,0564-MUUQK
ibm,1955,1,0701-RFGFI
ibm,1959,1,5882-CMAZQ
ibm,1966,1,3723-BFBGR
ibm,1972,1,7892-QVYKW
ibm,1980,1,1960-UYCNN
ibm,1987,1,5419-KLXBN
ibm,1993,1,9828-AOQLM
ibm,1994,1,8022-BECSI
ibm,1997,1,0266-CLZKZ
ibm,2002,1,0017-DINOC
ibm,2003,1,1447-PJGGA
ibm,2014,1,4418-LZMSV
ibm,2020,1,2546-KZAAT
ibm,2026,1,0308-GIQJT
ibm,2028,1,4452-ROHMO
ibm,2044,1,2550-QHZGP
ibm,2048,1,9961-JBNMK
ibm,2049,1,1170-SASML
ibm,2055,1,1216-BGTSP
ibm,2056,1,4138-NAXED
ibm,2057,1,2189-UXTKY
ibm,2066,1,1852-QSWCD
ibm,2070,1,8624-GIOUT
ibm,2079,1,5804-HYIEZ
ibm,2090,1,6661-EIPZC
ibm,2093,1,5555-RNPGT
ibm,2099,1,2190-BCXEC
ibm,2103,1,7206-PQBBZ
ibm,2106,1,4547-FZJWE
ibm,2110,1,3744-ZBHON
ibm,2117,1,4139-DETXS
ibm,2127,1,8035-BUYVG
ibm,2129,1,9787-XVQIU
ibm,2132,1,6082-OQFBA
ibm,2133,1,8051-HJRLT
ibm,2134,1,8974-OVACP
ibm,2143,1,4079-VTGLK
ibm,2144,1,1763-WQFUK
ibm,2150,1,5628-FCGYG
ibm,2152,1,0248-IPDFW
ibm,2159,1,8007-YYPWD
ibm,2163,1,4021-RQSNY
ibm,2176,1,2626-VEEWG
ibm,2194,1,2514-GINMM
ibm,2196,1,6131-IUNXN
ibm,2215,1,4312-GVYNH
ibm,2217,1,0839-JTCUD
ibm,2222,1,8378-LKJAF
ibm,2240,1,3398-GCPMU
ibm,2248,1,9554-DFKIC
ibm,2251,1,1399-UBQIU
ibm,2252,1,1813-JLKWR
ibm,2253,1,0336-PIKEI
ibm,2267,1,9239-GZHZE
ibm,2272,1,8064-RAVOH
ibm,2276,1,9168-INPSZ
ibm,2285,1,4307-KTUMW
ibm,2297,1,3870-MQAMG
ibm,2298,1,6670-MFRPK
ibm,2322,1,1306-RPWXZ
ibm,2324,1,2774-LVQUS
ibm,2335,1,3113-IWHLC
ibm,2337,1,4612-THJBS
ibm,2348,1,2683-JXWQQ
ibm,2351,1,9755-JHNMN
ibm,2358,1,6974-DAFLI
ibm,2392,1,3771-PZOBW
ibm,2401,1,1089-HDMKP
ibm,2408,1,6619-RPLQZ
ibm,2424,1,5236-PERKL
ibm,2426,1,1049-FYSYG
ibm,2427,1,7854-FOKSF
ibm,2436,1,6360-SVNWV
ibm,2442,1,2205-YMZZJ
ibm,2448,1,9221-OTIVJ
ibm,2449,1,1357-MVDOZ
ibm,2453,1,1197-BVMVG
ibm,2456,1,5968-HYJRZ
ibm,2465,1,1740-CSDJP
ibm,2467,1,6559-RAKOZ
ibm,2471,1,1323-OOEPC
ibm,2481,1,6614-YWYSC
ibm,2483,1,7641-EUYET
ibm,2486,1,1174-FGIFN
ibm,2493,1,8622-ZLFKO
ibm,2497,1,5702-SKUOB
ibm,2501,1,6585-WCEWR
ibm,2504,1,8433-WXGNA
ibm,2517,1,5186-SAMNZ
ibm,2518,1,0447-RXSGD
ibm,2519,1,4927-WWOOZ
ibm,2525,1,3133-PZNSR
ibm,2539,1,2050-ONYDQ
ibm,2553,1,9137-NOQKA
ibm,2554,1,5843-TTHGI
ibm,2557,1,4061-UKJWL
ibm,2564,1,3230-WYKIR
ibm,2565,1,7996-BPXHY
ibm,2581,1,0380-ZCSBI
ibm,2590,1,4526-ZJJTM
ibm,2598,1,8325-QRPZR
ibm,2603,1,0164-APGRB
ibm,2604,1,6481-ESCNL
ibm,2609,1,4446-BZKHU
ibm,2612,1,8198-RKSZG
ibm,2613,1,0137-OCGAB
ibm,2620,1,7799-DSEWS
ibm,2623,1,3130-ICDUP
ibm,2654,1,2725-KXXWT
ibm,2664,1,6242-SGYTS
ibm,2684,1,5440-VHLUL
ibm,2687,1,5213-TWWJU
ibm,2707,1,7938-OUHIO
ibm,2737,1,5074-FBGHB
ibm,2761,1,2408-WITXK
ibm,2763,1,2250-IVBWA
ibm,2764,1,1810-MVMAI
ibm,2765,1,9506-UXUSK
ibm,2767,1,3572-UOLYZ
ibm,2787,1,9838-BFCQT
ibm,2792,1,9163-GHAYE
ibm,2797,1,6023-YEBUP
ibm,2811,1,5804-JMYIO
ibm,2821,1,4102-OQUPX
ibm,2825,1,7610-TVOPG
ibm,2826,1,3638-DIMPH
ibm,2830,1,1699-UOTXU
ibm,2857,1,7771-CFQRQ
ibm,2862,1,5027-QPKTE
ibm,2869,1,2672-HUYVI
ibm,2872,1,8148-NLEGT
ibm,2879,1,4550-VBOFE
ibm,2883,1,7225-IILWY
ibm,2884,1,5248-RPYWW
ibm,2885,1,7923-IYJWY
ibm,2887,1,5696-QURRL
ibm,2889,1,9830-ECLEN
ibm,2898,1,6505-OZNPG
ibm,2899,1,6164-HAQTX
ibm,2910,1,5622-UEJFI
ibm,2912,1,0674-DGMAQ
ibm,2927,1,5542-TBBWB
ibm,2933,1,5220-AGAAX
ibm,2936,1,3352-ALMCK
ibm,2942,1,5310-NOOVA
ibm,2943,1,4526-EXKKN
ibm,2947,1,5131-PONJI
ibm,2954,1,7410-YTJIK
ibm,2956,1,5649-RXQTV
ibm,2959,1,7587-AOVVU
ibm,2968,1,0258-NOKBL
ibm,2969,1,1163-VIPRI
ibm,2986,1,1303-SRDOK
ibm,2990,1,2309-OSFEU
ibm,2992,1,4177-JPDFU
ibm,2996,1,6620-JDYNW
ibm,3009,1,8896-BQTTI
ibm,3020,1,5199-FPUSP
ibm,3027,1,1614-JBEBI
ibm,3028,1,8740-XLHDR
ibm,3043,1,3677-IYRBF
ibm,3050,1,0876-WDUUZ
ibm,3054,1,6465-GSRCL
ibm,3056,1,0263-FJTQO
ibm,3058,1,2858-MOFSQ
ibm,3062,1,8070-AAWZP
ibm,3066,1,5652-MSDEY
ibm,3075,1,5569-IDSEY
ibm,3081,1,6376-GAHQE
ibm,3085,1,5052-PNLOS
ibm,3091,1,8189-DUKMV
ibm,3092,1,6032-IGALN
ibm,3109,1,4521-WFJAI
ibm,3125,1,5222-JCXZT
ibm,3128,1,2739-CCZMB
ibm,3131,1,8336-TAVKX
ibm,3132,1,2468-SJFLM
ibm,3143,1,5924-IFQTT
ibm,3149,1,3629-WEAAM
ibm,3164,1,2603-HVKCG
ibm,3191,1,7636-OWBPG
ibm,3204,1,6772-WFQRD
ibm,3206,1,6972-SNKKW
ibm,3215,1,3481-JHUZH
ibm,3217,1,3594-IVHJZ
ibm,3218,1,6869-FGJJC
ibm,3225,1,4931-TRZWN
ibm,3232,1,2703-AMTUL
ibm,3233,1,0928-JMXNP
ibm,3236,1,5402-HTOTQ
ibm,3249,1,4324-BZCKL
ibm,3273,1,7112-OPOTK
ibm,3275,1,1245-HARPS
ibm,3278,1,4293-ETKAP
ibm,3294,1,1086-LXKFY
ibm,3297,1,9194-GFVOI
ibm,3298,1,1336-EZFZY
ibm,3301,1,2636-ALXXZ
ibm,3304,1,0136-IFMYD
ibm,3311,1,6137-MFAJN
ibm,3313,1,4232-JGKIY
ibm,3317,1,6685-GBWJZ
ibm,3327,1,9494-BDNNC
ibm,3333,1,4573-JKNAE
ibm,3336,1,8380-MQINP
ibm,3342,1,0384-LPITE
ibm,3346,1,2545-EBUPK
ibm,3349,1,0897-FEGMU
ibm,3353,1,4536-PLEQY
ibm,3356,1,2235-ZGKPT
ibm,3357,1,3891-PUQOD
ibm,3360,1,0689-NKYLF
ibm,3367,1,7109-CQYUZ
ibm,3368,1,1370-GGAWX
ibm,3373,1,2516-VQRRV
ibm,3390,1,0621-TSSMU
ibm,3394,1,9052-DHNKM
ibm,3395,1,6794-HKIAJ
ibm,3406,1,6447-EGDIV
ibm,3421,1,6719-FGEDO
ibm,3440,1,3508-VLHCZ
ibm,3448,1,5949-EBSQK
ibm,3462,1,3834-XUIFC
ibm,3471,1,1293-HHSHJ
ibm,3473,1,7599-FKVXZ
ibm,3474,1,3982-DQLUS
ibm,3483,1,4465-VDKIQ
ibm,3487,1,9257-AZMTZ
ibm,3491,1,4682-BLBUC
ibm,3500,1,5443-SCMKX
ibm,3507,1,4558-CGYCZ
ibm,3509,1,8710-YGLWG
ibm,3510,1,3199-XGZCY
ibm,3521,1,2550-AEVRU
ibm,3522,1,0969-RGKCU
ibm,3530,1,1703-MGIAB
ibm,3535,1,3612-YUNGG
ibm,3537,1,5062-CJJKH
ibm,3539,1,2219-MVUSO
ibm,3544,1,8914-RBTSB
ibm,3554,1,1077-HUUJM
ibm,3564,1,7820-ZYGNY
ibm,3573,1,6506-EYCNH
ibm,3585,1,5913-INRQV
ibm,3592,1,6128-CZOMY
ibm,3594,1,9026-LHEVG
ibm,3595,1,2260-USTRB
ibm,3600,1,8623-TMRBY
ibm,3610,1,2612-RANWT
ibm,3617,1,3346-BRMIS
ibm,3620,1,9373-WSLOY
ibm,3627,1,3243-ZHOHY
ibm,3644,1,8219-VYBVI
ibm,3652,1,0612-RTZZA
ibm,3655,1,6878-GGDWG
ibm,3658,1,3604-WLABM
ibm,3659,1,0795-GMVQO
ibm,3662,1,6410-LEFEN
ibm,3665,1,1545-JFUML
ibm,3667,1,7826-VVKWT
ibm,3670,1,5442-BXVND
ibm,3689,1,9488-HGMJH
ibm,3723,1,7010-ZMVBF
ibm,3729,1,3635-QQRQD
ibm,3732,1,3082-YVEKW
ibm,3749,1,4424-TKOPW
ibm,3755,1,8443-ZRDBZ
ibm,3765,1,1814-DKOLC
ibm,3768,1,3537-HPKQT
ibm,3771,1,5960-WPXQM
ibm,3777,1,4742-TXUEX
ibm,3780,1,1335-MXCSE
ibm,3788,1,1725-IQNIY
ibm,3794,1,4280-DLSHD
ibm,3817,1,9504-YAZWB
ibm,3821,1,1833-VGRUM
ibm,3829,1,8374-XGEJJ
ibm,3846,1,1767-TGTKO
ibm,3848,1,8805-JNRAZ
ibm,3851,1,0206-OYVOC
ibm,3852,1,7291-CDTMJ
ibm,3858,1,0840-DCNZE
ibm,3860,1,9862-KJTYK
ibm,3862,1,5854-KSRBJ
ibm,3864,1,4817-VYYWS
ibm,3867,1,4922-CVPDX
ibm,3885,1,4090-KPJIP
ibm,3887,1,4503-BDXBD
ibm,3894,1,5989-AXPUC
ibm,3913,1,8749-TZYEC
ibm,3914,1,1755-FZQEC
ibm,3916,1,5600-KTXFM
ibm,3920,1,6339-TBELP
ibm,3923,1,5275-SQEIZ
ibm,3929,1,9702-AIUJO
ibm,3932,1,1304-NECVQ
ibm,3943,1,8720-RQSBJ
ibm,3949,1,4495-LHSSK
ibm,3950,1,5655-JSMZM
ibm,3951,1,5915-ANOEI
ibm,3953,1,4505-EXZHB
ibm,3954,1,7225-CBZPL
ibm,3958,1,4652-NNHNY
ibm,3960,1,7404-JLKQG
ibm,3961,1,7421-ZLUPA
ibm,3968,1,7463-IFMQU
ibm,3970,1,2541-YGPKE
ibm,3987,1,7625-XCQRH
ibm,3988,1,6194-HBGQN
ibm,3993,1,9769-TSBZE
ibm,4005,1,2565-JSLRY
ibm,4012,1,6689-KXGBO
ibm,4025,1,2984-MIIZL
ibm,4028,1,5574-NXZIU
ibm,4035,1,1485-YDHMM
ibm,4040,1,9581-GVBXT
ibm,4045,1,3677-TNKIO
ibm,4048,1,6762-QVYJO
ibm,4057,1,7980-MHFLQ
ibm,4063,1,3045-XETSH
ibm,4068,1,3423-HHXAO
ibm,4069,1,9938-TKDGL
ibm,4074,1,0946-CLJTI
ibm,4080,1,6199-IPCAO
ibm,4093,1,2476-YGEFM
ibm,4094,1,8687-BAFGU
ibm,4124,1,3452-GWUIN
ibm,4126,1,3724-UCSHY
ibm,4134,1,3005-TYFRD
ibm,4135,1,8670-MEFCP
ibm,4140,1,2748-MYRVK
ibm,4142,1,2969-VAPYH
ibm,4151,1,7733-UDMTP
ibm,4152,1,2649-HWLYB
ibm,4157,1,1685-VAYJF
ibm,4164,1,7030-FZTFM
ibm,4166,1,5917-RYRMG
ibm,4168,1,1194-BHJYC
ibm,4173,1,7858-GTZSP
ibm,4178,1,1209-VFFOC
ibm,4181,1,4553-DVPZG
ibm,4185,1,8620-RJPZN
ibm,4186,1,7572-KPVKK
ibm,4189,1,7103-ZGVNT
ibm,4193,1,2428-ZMCTB
ibm,4194,1,2961-VNFKL
ibm,4196,1,6963-KQYQB
ibm,4204,1,4395-PZMSN
ibm,4207,1,8706-HRADD
ibm,4217,1,8107-KNCIM
ibm,4233,1,4664-NJCMS
ibm,4235,1,7629-WFGLW
ibm,4239,1,6481-LXPWL
ibm,4248,1,1020-JPQOW
ibm,4253,1,9054-FOWNV
ibm,4255,1,2157-MXBJS
ibm,4261,1,6195-MELTI
ibm,4266,1,5445-PZWGX
ibm,4272,1,1043-YCUTE
ibm,4273,1,3814-MLAXC
ibm,4278,1,6821-JPCDC
ibm,4281,1,8582-KRHPJ
ibm,4295,1,3740-RLMVT
ibm,4296,1,4489-SNOJF
ibm,4301,1,7729-XBTWX
ibm,4309,1,2582-FFFZR
ibm,4328,1,1101-SSWAG
ibm,4330,1,4013-TLDHQ
ibm,4333,1,5325-UWTWJ
ibm,4341,1,3754-DXMRT
ibm,4345,1,4302-ZYFEL
ibm,4346,1,9351-LZYGF
ibm,4347,1,4366-CTOUZ
ibm,4348,1,6121-VZNQB
ibm,4354,1,1955-IBMMB
ibm,4361,1,8680-CGLTP
ibm,4370,1,8200-KLNYW
ibm,4371,1,3372-CDXFJ
ibm,4372,1,4781-ZXYGU
ibm,4373,1,7632-YUTXB
ibm,4377,1,8212-CRQXP
ibm,4378,1,6980-CDGFC
ibm,4379,1,7691-XVTZH
ibm,4382,1,2277-VWCNI
ibm,4383,1,1088-CNNKB
ibm,4388,1,3525-DVKFN
ibm,4392,1,3373-YZZYM
ibm,4396,1,0023-HGHWL
ibm,4400,1,5215-LNLDJ
ibm,4403,1,0257-KXZGU
ibm,4412,1,8042-RNLKO
ibm,4419,1,1045-LTCYT
ibm,4431,1,8630-FJLIB
ibm,4432,1,3891-NLXJB
ibm,4433,1,4749-OJKQU
ibm,4440,1,3397-AVTKU
ibm,4444,1,0137-UDEUO
ibm,4446,1,6161-UUUTA
ibm,4451,1,1608-GMEWB
ibm,4456,1,1619-YWUBB
ibm,4460,1,0365-GXEZS
ibm,4464,1,3018-TFTSU
ibm,4465,1,3606-SBKRY
ibm,4466,1,4806-KEXQR
ibm,4467,1,0667-NSRGI
ibm,4471,1,2479-BRAMR
ibm,4474,1,1139-WUOAH
ibm,4475,1,4693-VWVBO
ibm,4483,1,3873-WOSBC
ibm,4485,1,7975-JMZNT
ibm,4494,1,0225-ZORZP
ibm,4497,1,0575-CUQOV
ibm,4500,1,2830-LEWOA
ibm,4502,1,1264-BYWMS
ibm,4504,1,8327-WKMIE
ibm,4507,1,7797-EJMDP
ibm,4508,1,3530-VWVGU
ibm,4511,1,3633-CDBUW
ibm,4520,1,3506-LCJDC
ibm,4530,1,1945-XISKS
ibm,4534,1,2607-FBDFF
ibm,4557,1,5944-UGLLK
ibm,4562,1,5322-TEUJK
ibm,4576,1,3181-MIZBN
ibm,4580,1,0825-CPPQH
ibm,4583,1,2400-XIWIO
ibm,4585,1,1069-XAIEM
ibm,4595,1,2211-RMNHO
ibm,4598,1,4929-ROART
ibm,4606,1,1734-ZMNTZ
ibm,4612,1,6723-CEGQI
ibm,4613,1,6987-XQSJT
ibm,4632,1,4760-XOHVN
ibm,4636,1,1269-FOYWN
ibm,4642,1,5458-CQJTA
ibm,4652,1,3178-CIFOT
ibm,4659,1,6616-AALSR
ibm,4668,1,1791-PQHBB
ibm,4676,1,3011-WQKSZ
ibm,4685,1,0345-XMMUG
ibm,4691,1,3791-LGQCY
ibm,4699,1,5855-EIBDE
ibm,4703,1,2956-GGUCQ
ibm,4722,1,7581-EBBOU
ibm,4728,1,6119-SPUDB
ibm,4744,1,6139-ZZRBQ
ibm,4745,1,6116-RFVHN
ibm,4746,1,0637-KVDLV
ibm,4751,1,8785-EPNCG
ibm,4761,1,8224-KDLKN
ibm,4767,1,1064-FBXNK
ibm,4785,1,8854-CCVSQ
ibm,4787,1,5542-DHSXL
ibm,4789,1,0511-JTEOY
ibm,4795,1,6532-YLWSI
ibm,4796,1,3807-BPOMJ
ibm,4808,1,8144-DGHXP
ibm,4810,1,1112-CUNAO
ibm,4815,1,9565-JSNFM
ibm,4826,1,3389-YGYAI
ibm,4833,1,8510-BBWMU
ibm,4845,1,0056-EPFBG
ibm,4847,1,8696-JKZNU
ibm,4860,1,7321-ZNSLA
ibm,4862,1,3721-CNEYS
ibm,4866,1,3688-FTHLT
ibm,4871,1,6848-YLDFR
ibm,4872,1,8125-QPFJD
ibm,4879,1,4501-UYKBC
ibm,4881,1,2305-MRGLV
ibm,4887,1,9184-GALIL
ibm,4888,1,4393-RYCRE
ibm,4911,1,8565-WUXZU
ibm,4916,1,3420-YJLQT
ibm,4920,1,0264-CNITK
ibm,4921,1,0089-IIQKO
ibm,4930,1,8180-AKMJV
ibm,4944,1,3682-YEUWS
ibm,4945,1,1223-UNPKS
ibm,4946,1,2612-RRIDN
ibm,4953,1,1627-AFWVJ
ibm,4961,1,6954-OOYZZ
ibm,4970,1,9795-VOWON
ibm,4973,1,7852-LECYP
ibm,4974,1,4430-UZIPO
ibm,4982,1,7124-UGSUR
ibm,4983,1,1862-SKORY
ibm,4989,1,0909-SDHNU
ibm,5001,1,8292-TYSPY
ibm,5004,1,2067-QYTCF
ibm,5005,1,2359-QWQUL
ibm,5007,1,7407-SUJIZ
ibm,5017,1,2073-QBVBI
ibm,5019,1,3320-VEOYC
ibm,5027,1,3247-ZVOUO
ibm,5051,1,0899-WZRSD
ibm,5053,1,4828-FAZPK
ibm,5073,1,8050-WYBND
ibm,5084,1,8966-OIQHG
ibm,5086,1,3705-PSNGL
ibm,5096,1,0363-SVHYR
ibm,5100,1,9940-RHLFB
ibm,5101,1,6591-QGOYB
ibm,5111,1,6686-YPGHK
ibm,5112,1,1383-EZRWL
ibm,5115,1,6374-AFWOX
ibm,5129,1,0620-DLSLK
ibm,5136,1,3295-YVUSR
ibm,5138,1,4119-ZYPZY
ibm,5140,1,7577-SWIFR
ibm,5142,1,6408-OTUBZ
ibm,5147,1,7622-NXQZR
ibm,5160,1,9840-EFJQB
ibm,5175,1,7813-TKCVO
ibm,5177,1,3672-YITQD
ibm,5186,1,3776-EKTKM
ibm,5189,1,6907-FLBER
ibm,5190,1,3001-UNBTL
ibm,5212,1,3511-BFTJW
ibm,5223,1,1241-EZFMJ
ibm,5227,1,4060-LDNLU
ibm,5231,1,1075-BGWOH
ibm,5232,1,1755-RMCXH
ibm,5243,1,7661-CPURM
ibm,5250,1,3338-CVVEH
ibm,5257,1,6029-WTIPC
ibm,5260,1,2495-KZNFB
ibm,5265,1,4274-DRSQT
ibm,5270,1,6682-QJDGB
ibm,5282,1,3049-SOLAY
ibm,5288,1,8058-INTPH
ibm,5290,1,0774-RMNUW
ibm,5291,1,1334-PDUKM
ibm,5303,1,9839-ETQOE
ibm,5321,1,7718-UPSKJ
ibm,5326,1,5688-KZTSN
ibm,5338,1,2580-ASVVY
ibm,5340,1,5032-USPKF
ibm,5352,1,6559-PDZLR
ibm,5363,1,3810-PJUHR
ibm,5374,1,8065-YKXKD
ibm,5379,1,6284-KMNUF
ibm,5381,1,9465-RWMXL
ibm,5384,1,3137-LUPIX
ibm,5385,1,0843-WTBXE
ibm,5388,1,5515-IDEJJ
ibm,5401,1,5124-EOGYE
ibm,5402,1,5057-RKGLH
ibm,5403,1,0292-WEGCH
ibm,5411,1,7932-WPTDS
ibm,5419,1,7173-TETGO
ibm,5421,1,2300-RQGOI
ibm,5434,1,9921-EZKBY
ibm,5435,1,7432-FFVAR
ibm,5436,1,7246-ZGQDF
ibm,5440,1,4456-RHSNB
ibm,5446,1,6141-OOXUQ
ibm,5452,1,3026-ATZYV
ibm,5455,1,9970-QBCDA
ibm,5470,1,6726-NNFWD
ibm,5474,1,4912-PIGUY
ibm,5479,1,8990-ZXLSU
ibm,5483,1,5536-SLHPM
ibm,5488,1,7856-GANIL
ibm,5493,1,0196-VULGZ
ibm,5499,1,4631-OACRM
ibm,5504,1,6345-ULYRW
ibm,5529,1,5919-VCZYM
ibm,5534,1,7964-VEXDG
ibm,5540,1,3803-KMQFW
ibm,5546,1,7880-XSOJX
ibm,5550,1,8746-BFOAJ
ibm,5553,1,6629-CZTTH
ibm,5561,1,5088-QZLRL
ibm,5566,1,2302-OUZXB
ibm,5567,1,8133-ANHHJ
ibm,5573,1,5550-VFRLC
ibm,5575,1,1492-KGETH
ibm,5583,1,2657-ALMWY
ibm,5586,1,1998-VHJHK
ibm,5587,1,1707-HABPF
ibm,5600,1,3799-ISUZQ
ibm,5606,1,6586-PSJOX
ibm,5626,1,2458-EOMRE
ibm,5628,1,6821-BUXUX
ibm,5631,1,6542-LWGXJ
ibm,5639,1,6490-FGZAT
ibm,5640,1,5393-RXQSZ
ibm,5647,1,7502-BNYGS
ibm,5654,1,1576-PFZIW
ibm,5656,1,7312-XSBAT
ibm,5658,1,2371-JQHZZ
ibm,5665,1,6345-HOVES
ibm,5669,1,1217-VASWC
ibm,5671,1,6370-ZVHDV
ibm,5676,1,9103-CXVOK
ibm,5680,1,6982-UQZLY
ibm,5682,1,3841-CONLJ
ibm,5695,1,1813-JYWTO
ibm,5697,1,1984-FCOWB
ibm,5706,1,5196-SGOAK
ibm,5707,1,4537-DKTAL
ibm,5716,1,8903-XEBGX
ibm,5729,1,4072-IPYLT
ibm,5732,1,1580-BMCMR
ibm,5742,1,5135-GRQJV
ibm,5748,1,4686-UXDML
ibm,5750,1,2398-YPMUR
ibm,5752,1,7480-SPLEF
ibm,5760,1,4583-PARNH
ibm,5761,1,1116-FRYVH
ibm,5767,1,1972-XMUWV
ibm,5771,1,1539-LNKHM
ibm,5773,1,0289-IVARM
ibm,5776,1,4291-TPNFG
ibm,5784,1,7401-RUBNK
ibm,5795,1,7048-GXDAY
ibm,5806,1,7854-EKTJL
ibm,5818,1,3197-NNYNB
ibm,5838,1,9822-BIIGN
ibm,5840,1,1534-OULXE
ibm,5858,1,8241-JUIQO
ibm,5862,1,9584-EXCDZ
ibm,5868,1,9214-EKVXR
ibm,5885,1,0269-XFESX
ibm,5886,1,1709-EJDOX
ibm,5887,1,4316-XCSLJ
ibm,5891,1,4905-JEFDW
ibm,5894,1,7881-INRLC
ibm,5908,1,4786-UKSNZ
ibm,5912,1,7248-VZQLC
ibm,5916,1,5183-KLYEM
ibm,5924,1,2236-HILPA
ibm,5935,1,2931-FSOHN
ibm,5945,1,8421-WZOOW
ibm,5950,1,2862-PFNIK
ibm,5951,1,5816-QVHRX
ibm,5955,1,7169-YWAMK
ibm,5960,1,2957-JIRMN
ibm,5965,1,5975-BAICR
ibm,5972,1,1324-NLTJE
ibm,5975,1,1522-VVDMG
ibm,5980,1,7049-GKVZY
ibm,5981,1,8577-QSOCG
ibm,5985,1,3585-YNADK
ibm,5995,1,2193-SFWQW
ibm,6000,1,9503-XJUME
ibm,6004,1,6736-DHUQI
ibm,6016,1,4250-ZBWLV
ibm,6019,1,0440-MOGPM
ibm,6025,1,2887-JPYLU
ibm,6030,1,2027-OAQQC
ibm,6042,1,4750-UKWJK
ibm,6048,1,9253-QXKBE
ibm,6051,1,4079-ULGFR
ibm,6056,1,8331-ZXFOE
ibm,6058,1,0356-ERHVT
ibm,6060,1,4884-ZTHVF
ibm,6062,1,3055-OYMSE
ibm,6066,1,5349-IECLD
ibm,6080,1,9526-BIHHD
ibm,6081,1,8757-TFHHJ
ibm,6082,1,4523-WXCEF
ibm,6097,1,9114-DPSIA
ibm,6101,1,4627-MIHJH
ibm,6106,1,5493-SDRDQ
ibm,6120,1,6218-KNUBD
ibm,6134,1,3258-SANFR
ibm,6135,1,3726-TBHQT
ibm,6168,1,2868-MZAGQ
ibm,6178,1,3719-TDVQB
ibm,6192,1,0439-IFYUN
ibm,6195,1,8111-RKSPX
ibm,6197,1,1585-MQSSU
ibm,6202,1,8559-CIZFV
ibm,6216,1,7162-WPHPM
ibm,6220,1,6434-TTGJP
ibm,6222,1,0130-SXOUN
ibm,6228,1,8597-CTXVJ
ibm,6234,1,5995-LFTLE
ibm,6241,1,8878-HMWBV
ibm,6245,1,4759-PXTAN
ibm,6248,1,6549-BTYPG
ibm,6252,1,9074-KGVOX
ibm,6254,1,9933-QRGTX
ibm,6256,1,3751-KTZEL
ibm,6259,1,2661-GKBTK
ibm,6271,1,6726-WEXXK
ibm,6287,1,3223-WZWJM
ibm,6294,1,6615-ZGEDR
ibm,6314,1,8873-GLDMH
ibm,6316,1,8946-BFWSG
ibm,6320,1,8845-LWKGE
ibm,6329,1,6603-QWSPR
ibm,6334,1,4129-LYCOI
ibm,6335,1,7798-JVXYM
ibm,6336,1,8647-SDTWQ
ibm,6346,1,9661-MHUMO
ibm,6349,1,3451-VAWLI
ibm,6352,1,2347-WKKAE
ibm,6358,1,1027-LKKQQ
ibm,6364,1,9717-IOAAF
ibm,6369,1,6734-FQAJX
ibm,6377,1,7851-FLGGQ
ibm,6382,1,8608-OZTLB
ibm,6384,1,1952-DVVSW
ibm,6390,1,6994-FGRHH
ibm,6409,1,3653-NCRDJ
ibm,6426,1,3926-YZVVX
ibm,6431,1,3266-FTKHB
ibm,6436,1,7560-QJAVJ
ibm,6445,1,5339-PXDVH
ibm,6458,1,9644-UMGQA
ibm,6476,1,1177-XZBJL
ibm,6477,1,3518-FSTWG
ibm,6486,1,2100-BDNSN
ibm,6497,1,4062-HBMOS
ibm,6505,1,7018-FPXHH
ibm,6512,1,1353-LJWEM
ibm,6513,1,1794-SWWKL
ibm,6525,1,2400-FEQME
ibm,6529,1,7235-NXZCP
ibm,6536,1,3439-GVUSX
ibm,6541,1,1635-HDGFT
ibm,6542,1,3315-TOTBP
ibm,6545,1,1518-VOWAV
ibm,6547,1,3908-MKIMJ
ibm,6558,1,4488-PSYCG
ibm,6573,1,1094-BKOSX
ibm,6575,1,2978-XXSOG
ibm,6587,1,7426-GSWPO
ibm,6589,1,3118-UHVVQ
ibm,6590,1,1031-IIDEO
ibm,6591,1,5832-XKAES
ibm,6594,1,8317-BVKSO
ibm,6596,1,0083-PIVIK
ibm,6597,1,9210-IAHGH
ibm,6615,1,8344-WFMFH
ibm,6618,1,8404-FYDIB
ibm,6625,1,3398-FSHON
ibm,6627,1,1074-WVEVG
ibm,6629,1,6437-UDQJM
ibm,6631,1,2108-GLPQB
ibm,6633,1,4415-IJZTP
ibm,6642,1,4747-LCAQL
ibm,6655,1,1705-GUHPV
ibm,6658,1,0818-OCPZO
ibm,6660,1,1447-GIQMR
ibm,6666,1,0822-QGCXA
ibm,6672,1,2346-CZYIL
ibm,6681,1,1389-CXMLU
ibm,6683,1,9388-ZEYVT
ibm,6694,1,4526-RMTLL
ibm,6699,1,3662-FXJFO
ibm,6700,1,8107-RZLNV
ibm,6706,1,7878-RTCZG
ibm,6712,1,1785-BPHTP
ibm,6713,1,4989-LIXVT
ibm,6716,1,9850-OWRHQ
ibm,6726,1,0685-MLYYM
ibm,6751,1,1241-FPMOF
ibm,6757,1,5294-CDGWY
ibm,6764,1,7660-HDPJV
ibm,6765,1,5115-SQAAU
ibm,6766,1,9845-QOMAD
ibm,6777,1,9572-WUKSB
ibm,6788,1,1760-CAZHT
ibm,6794,1,1047-RNXZV
ibm,6809,1,9274-CNFMO
ibm,6831,1,9451-LPGOO
ibm,6840,1,1724-IQWNM
ibm,6845,1,6127-IYJOZ
ibm,6858,1,2685-SREOM
ibm,6860,1,0402-CQAJN
ibm,6863,1,0657-DOGUM
ibm,6875,1,6848-HJTXY
ibm,6879,1,0682-USIXD
ibm,6882,1,8065-QBYTO
ibm,6883,1,2133-TSRRM
ibm,6893,1,5876-HZVZM
ibm,6895,1,5126-RCXYW
ibm,6899,1,3926-CUQZX
ibm,6902,1,5820-PTRYM
ibm,6914,1,7142-HVGBG
ibm,6923,1,7619-PLRLP
ibm,6929,1,0357-NVCRI
ibm,6931,1,2371-KFUOG
ibm,6938,1,5996-EBTKM
ibm,6946,1,9013-AQORL
ibm,6947,1,2898-MRKPI
ibm,6960,1,4690-PKDQG
ibm,6964,1,1264-FUHCX
ibm,6970,1,8083-YTZES
ibm,6971,1,7240-FQLHE
ibm,6988,1,1684-FLBGS
ibm,6989,1,1389-WNUIB
ibm,6996,1,4174-LPGTI
ibm,6997,1,2523-EWWZL
ibm,7003,1,4501-VCPFK
ibm,7009,1,7703-ZEKEF
ibm,7018,1,1122-JWTJW
ibm,7023,1,1035-IPQPU
ibm,7033,1,9767-FFLEM
ibm,7041,1,8361-LTMKD
ibm,0,2,7590-VHVEG
ibm,5,2,9305-CDSKC
ibm,13,2,0280-XJGEX
ibm,19,2,4183-MYFRB
ibm,23,2,3638-WEABW
ibm,27,2,8665-UTDHZ
ibm,28,2,5248-YGIJN
ibm,31,2,4929-XIHVW
ibm,32,2,6827-IEAUQ
ibm,33,2,7310-EGVHZ
ibm,34,2,3413-BMNZE
ibm,35,2,6234-RAAPL
ibm,37,2,6572-ADKRS
ibm,38,2,5380-WJKOV
ibm,39,2,8168-UQWWF
ibm,45,2,3714-NTNFO
ibm,54,2,4667-QONEA
ibm,58,2,3957-SQXML
ibm,72,2,1891-QRQSA
ibm,78,2,0191-ZHSKZ
ibm,86,2,4808-YNLEU
ibm,95,2,8637-XJIVR
ibm,96,2,9803-FTJCG
ibm,101,2,3679-XASPY
ibm,104,2,3192-NQECA
ibm,119,2,9445-ZUEQE
ibm,124,2,7219-TLZHO
ibm,128,2,3930-ZGWVE
ibm,132,2,8587-XYZSF
ibm,133,2,3091-FYHKI
ibm,145,2,5716-EZXZN
ibm,150,2,3780-YVMFA
ibm,168,2,3445-HXXGF
ibm,174,2,5918-VUKWP
ibm,182,2,9367-WXLCH
ibm,187,2,8167-GJLRN
ibm,188,2,0956-SYCWG
ibm,203,2,7018-WBJNK
ibm,221,2,4443-EMBNA
ibm,224,2,5961-VUSRV
ibm,227,2,2232-DMLXU
ibm,229,2,0945-TSONX
ibm,231,2,3316-UWXUY
ibm,235,2,1251-KRREG
ibm,251,2,4629-NRXKX
ibm,258,2,4959-JOSRX
ibm,277,2,3179-GBRWV
ibm,279,2,4130-MZLCC
ibm,280,2,0314-TKOSI
ibm,291,2,3727-OWVYD
ibm,302,2,8266-VBFQL
ibm,316,2,3973-SKMLN
ibm,319,2,6745-JEFZB
ibm,327,2,5804-LEPIM
ibm,329,2,2739-CACDQ
ibm,331,2,9498-FIMXL
ibm,334,2,2868-SNELZ
ibm,340,2,6035-BXTTY
ibm,362,2,0104-PPXDV
ibm,386,2,0533-BNWKF
ibm,390,2,3597-MVHJT
ibm,392,2,0224-RLWWD
ibm,395,2,2977-CEBSX
ibm,398,2,2519-ERQOJ
ibm,399,2,5876-QMYLD
ibm,407,2,0111-KLBQG
ibm,409,2,7989-CHGTL
ibm,414,2,1996-DBMUS
ibm,418,2,0578-SKVMF
ibm,419,2,5564-NEMQO
ibm,422,2,7663-ZTEGJ
ibm,430,2,9063-ZGTUY
ibm,432,2,2181-UAESM
ibm,440,2,0771-WLCLA
ibm,444,2,1910-FMXJM
ibm,456,2,5149-CUZUJ
ibm,458,2,4237-CLSMM
ibm,475,2,2359-KMGLI
ibm,480,2,0486-LGCCH
ibm,481,2,0447-BEMNG
ibm,482,2,4612-SSVHJ
ibm,489,2,8372-JUXUI
ibm,509,2,1135-LMECX
ibm,524,2,8397-MVTAZ
ibm,527,2,3571-DPYUH
ibm,532,2,4234-XTNEA
ibm,533,2,1297-VQDRP
ibm,534,2,9282-IZGQK
ibm,536,2,0621-HJWXJ
ibm,544,2,2817-NTQDO
ibm,550,2,3580-HYCSP
ibm,551,2,1352-HNSAW
ibm,553,2,1982-FEBTD
ibm,555,2,5791-KAJFD
ibm,571,2,7025-WCBNE
ibm,573,2,4710-FDUIZ
ibm,574,2,6030-REHUX
ibm,577,2,8270-RKSAP
ibm,579,2,2640-LYMOV
ibm,582,2,2865-TCHJW
ibm,587,2,8752-IMQOS
ibm,591,2,5512-IDZEI
ibm,592,2,0459-SPZHJ
ibm,595,2,0719-SYFRB
ibm,601,2,5173-ZXXXL
ibm,620,2,4881-JVQOD
ibm,642,2,0970-ETWGE
ibm,651,2,2024-BASKD
ibm,653,2,1140-UKVZG
ibm,655,2,5183-SNMJQ
ibm,657,2,7838-LAZFO
ibm,666,2,7538-GWHML
ibm,668,2,3859-CVCET
ibm,676,2,2324-AALNO
ibm,682,2,4957-TREIR
ibm,692,2,9620-QJREV
ibm,695,2,2480-JZOSN
ibm,696,2,0078-XZMHT
ibm,708,2,3014-WJKSM
ibm,717,2,9944-AEXBM
ibm,719,2,6952-OMNWB
ibm,720,2,4697-LUPSU
ibm,723,2,1589-AGTLK
ibm,733,2,7564-GHCVB
ibm,762,2,7379-POKDZ
ibm,763,2,1266-NZYUI
ibm,767,2,7817-OMJNA
ibm,768,2,8728-SKJLR
ibm,770,2,7706-DZNKK
ibm,778,2,3758-CKOQL
ibm,780,2,5676-CFLYY
ibm,783,2,4678-DVQEO
ibm,790,2,7131-ZQZNK
ibm,793,2,9871-ELEYA
ibm,794,2,4257-GAESD
ibm,808,2,4289-DTDKW
ibm,816,2,6275-YDUVO
ibm,818,2,0115-TFERT
ibm,821,2,5318-YKDPV
ibm,833,2,2672-TGEFF
ibm,837,2,6982-SSHFK
ibm,843,2,6549-NNDYT
ibm,852,2,8713-IGZSO
ibm,869,2,0323-XWWTN
ibm,877,2,7876-AEHIG
ibm,883,2,3199-NPKCN
ibm,885,2,4661-NJEUX
ibm,892,2,6259-WJQLC
ibm,905,2,0781-LKXBR
ibm,907,2,0297-RBCSG
ibm,911,2,7508-SMHXL
ibm,912,2,3865-YIOTT
ibm,922,2,4301-VVZKA
ibm,924,2,4824-GUCBY
ibm,940,2,0835-DUUIQ
ibm,941,2,0811-GSDTP
ibm,958,2,4002-BQWPQ
ibm,961,2,4378-BZYFP
ibm,974,2,0604-THJFP
ibm,984,2,8165-ZJRNM
ibm,987,2,3717-OFRTN
ibm,1000,2,8357-EQXFO
ibm,1010,2,0929-HYQEW
ibm,1014,2,4695-VADHF
ibm,1016,2,7649-SIJJF
ibm,1018,2,3748-FVMZZ
ibm,1020,2,1452-XRSJV
ibm,1023,2,7460-ITWWP
ibm,1026,2,4822-RVYBB
ibm,1033,2,2632-TACXW
ibm,1039,2,9948-YPTDG
ibm,1041,2,1915-OAKWD
ibm,1057,2,1624-WOIWJ
ibm,1060,2,6100-FJZDG
ibm,1065,2,0634-SZPQA
ibm,1067,2,7030-NJVDP
ibm,1075,2,4194-WHFCB
ibm,1077,2,4361-BKAXE
ibm,1080,2,0301-KOBTQ
ibm,1085,2,4441-NIHPT
ibm,1092,2,8590-YFFQO
ibm,1097,2,4607-CHPCA
ibm,1103,2,7722-CVFXN
ibm,1106,2,4159-NAAIX
ibm,1108,2,9397-TZSHA
ibm,1118,2,6891-JPYFF
ibm,1124,2,8791-GFXLZ
ibm,1129,2,3452-ABWRL
ibm,1137,2,0831-JNISG
ibm,1139,2,3082-WQRVY
ibm,1155,2,6870-ZWMNX
ibm,1164,2,4782-OSFXZ
ibm,1169,2,1282-IHQAC
ibm,1183,2,0887-WBJVH
ibm,1189,2,3916-NRPAP
ibm,1192,2,1579-KLYDT
ibm,1195,2,4468-KAZHE
ibm,1200,2,5370-IIVVL
ibm,1203,2,9087-EYCPR
ibm,1224,2,3165-HDOEW
ibm,1229,2,9068-VPWQQ
ibm,1242,2,0668-OGMHD
ibm,1245,2,6507-ZJSUR
ibm,1253,2,2026-TGDHM
ibm,1254,2,9220-ZNKJI
ibm,1264,2,6244-BESBM
ibm,1270,2,8780-IHCRN
ibm,1273,2,9681-KYGYB
ibm,1278,2,4730-AWNAU
ibm,1287,2,8800-ZKRFW
ibm,1290,2,3108-PCCGG
ibm,1296,2,6729-GDNGC
ibm,1320,2,8947-YRTDV
ibm,1321,2,3161-ONRWK
ibm,1322,2,0114-RSRRW
ibm,1328,2,6475-VHUIZ
ibm,1330,2,0661-WCQNQ
ibm,1331,2,7537-RBWEA
ibm,1335,2,4671-LXRDQ
ibm,1337,2,6265-FRMTQ
ibm,1341,2,9269-CQOOL
ibm,1344,2,0536-BGFMZ
ibm,1352,2,7722-VJRQD
ibm,1354,2,9415-DPEWS
ibm,1355,2,5624-RYAMH
ibm,1378,2,1697-BCSHV
ibm,1383,2,3334-CTHOL
ibm,1388,2,9089-UOWJG
ibm,1389,2,8621-MNIHH
ibm,1405,2,6960-HVYXR
ibm,1408,2,5678-VFNEQ
ibm,1409,2,5977-CKHON
ibm,1417,2,5651-WYIPH
ibm,1420,2,8785-CJSHH
ibm,1427,2,6896-SRVYQ
ibm,1429,2,4652-ODEVH
ibm,1433,2,6439-LAJXL
ibm,1438,2,5777-KJIRB
ibm,1445,2,3211-AAPKX
ibm,1446,2,8445-DNBAE
ibm,1464,2,4283-IVYCI
ibm,1475,2,6048-UWKAL
ibm,1477,2,5469-CTCWN
ibm,1479,2,6281-FKEWS
ibm,1482,2,9290-SHCMB
ibm,1490,2,8016-ZMGMO
ibm,1497,2,3128-YOVTD
ibm,1501,2,5014-GSOUQ
ibm,1505,2,5240-IJOQT
ibm,1509,2,1092-GANHU
ibm,1511,2,9972-EWRJS
ibm,1512,2,9314-IJWSQ
ibm,1513,2,0661-XEYAN
ibm,1519,2,7881-EVUAD
ibm,1520,2,6184-DYUOB
ibm,1529,2,9764-REAFF
ibm,1539,2,5071-FBJFS
ibm,1542,2,9798-OPFEM
ibm,1546,2,7114-AEOZE
ibm,1550,2,9957-YODKZ
ibm,1558,2,0637-YLETY
ibm,1563,2,3223-DWFIO
ibm,1569,2,0799-DDIHE
ibm,1576,2,0993-OSGPT
ibm,1577,2,9254-RBFON
ibm,1587,2,5939-SXWHM
ibm,1588,2,8152-UOBNY
ibm,1594,2,6485-QXWWE
ibm,1595,2,2761-OCIAX
ibm,1604,2,6265-SXWBU
ibm,1609,2,3584-WKTTW
ibm,1611,2,1971-DTCZB
ibm,1619,2,5930-GBIWP
ibm,1621,2,6352-TWCAU
ibm,1623,2,6035-RIIOM
ibm,1626,2,9504-DSHWM
ibm,1628,2,6267-DCFFZ
ibm,1631,2,4248-QPAVC
ibm,1634,2,9995-HOTOH
ibm,1637,2,4999-IEZLT
ibm,1638,2,8883-ANODQ
ibm,1642,2,1498-DQNRX
ibm,1649,2,2851-MMUTZ
ibm,1651,2,8580-AECUZ
ibm,1658,2,1228-FZFRV
ibm,1659,2,3500-NSDOA
ibm,1666,2,8388-DMKAE
ibm,1670,2,5047-LHVLY
ibm,1675,2,6311-UEUME
ibm,1677,2,3283-WCWXT
ibm,1679,2,0999-QXNSA
ibm,1699,2,6223-DHJGV
ibm,1707,2,4854-CIDCF
ibm,1712,2,6303-KFWSL
ibm,1731,2,8375-DKEBR
ibm,1732,2,9705-IOVQQ
ibm,1752,2,7801-CEDNV
ibm,1762,2,9470-XCCEM
ibm,1765,2,0409-WTMPL
ibm,1770,2,7279-BUYWN
ibm,1779,2,5091-HFAZW
ibm,1780,2,0516-VRYBW
ibm,1782,2,8623-ULFNQ
ibm,1790,2,3096-IZETN
ibm,1791,2,2348-KCJLT
ibm,1794,2,5377-NDTOU
ibm,1812,2,2085-BOJKI
ibm,1822,2,4911-BANWH
ibm,1824,2,0794-YVSGE
ibm,1829,2,3030-YDNRM
ibm,1832,2,3132-TVFDZ
ibm,1837,2,1349-WXNGG
ibm,1850,2,3537-RYBHH
ibm,1855,2,5296-BFCYD
ibm,1856,2,4510-PYUSH
ibm,1859,2,4143-HHPMK
ibm,1862,2,0523-VNGTF
ibm,1896,2,7459-IMVYU
ibm,1915,2,3221-CJMSG
ibm,1921,2,6732-VAILE
ibm,1936,2,2239-CGBUZ
ibm,1942,2,3764-MNMOI
ibm,1943,2,7442-YGZFK
ibm,1950,2,9614-RMGHA
ibm,1963,2,7967-HYCDE
ibm,1968,2,5447-WZAFP
ibm,1970,2,5445-UTODQ
ibm,1975,2,4703-MQYKT
ibm,1976,2,9497-QCMMS
ibm,1981,2,0348-SDKOL
ibm,1983,2,7336-RLLRH
ibm,1999,2,3858-VOBET
ibm,2001,2,3977-QCRSL
ibm,2008,2,9430-FRQOC
ibm,2010,2,3074-GQWYX
ibm,2013,2,7328-OWMOM
ibm,2018,2,7065-YUNRY
ibm,2032,2,3753-TSEMP
ibm,2040,2,7398-HPYZQ
ibm,2041,2,3546-GHEAE
ibm,2050,2,4872-JCVCA
ibm,2053,2,6173-ITPWD
ibm,2054,2,9734-UYXQI
ibm,2058,2,0744-BIKKF
ibm,2075,2,7901-TBKJX
ibm,2076,2,7228-PAQPD
ibm,2086,2,2955-BJZHG
ibm,2088,2,6784-XYJAE
ibm,2101,2,2153-MREFK
ibm,2104,2,3106-ULWFW
ibm,2107,2,7422-WNBTY
ibm,2109,2,3521-HTQTV
ibm,2118,2,9779-DPNEJ
ibm,2136,2,1379-FRVEB
ibm,2138,2,6288-CHQJB
ibm,2147,2,2023-VQFDL
ibm,2151,2,2560-WBWXF
ibm,2155,2,0524-IAVZO
ibm,2157,2,1784-EZDKJ
ibm,2160,2,7101-HRBLJ
ibm,2170,2,8220-OCUFY
ibm,2175,2,7927-AUXBZ
ibm,2179,2,7311-MQJCH
ibm,2181,2,1136-XGEQU
ibm,2182,2,2530-FMFXO
ibm,2193,2,6922-NCEDI
ibm,2206,2,3207-OYBWH
ibm,2212,2,8076-FEZKJ
ibm,2216,2,8495-LJDFO
ibm,2227,2,0788-DXBFY
ibm,2229,2,3496-LFSZU
ibm,2230,2,5242-UOWHD
ibm,2243,2,1013-QCWAM
ibm,2249,2,5527-ACHSO
ibm,2256,2,4957-TIALW
ibm,2257,2,2054-PJOCK
ibm,2260,2,6204-IEUXJ
ibm,2261,2,3126-WQMGH
ibm,2264,2,7176-WRTNX
ibm,2284,2,8963-JLGJT
ibm,2291,2,7488-MXJIV
ibm,2295,2,2672-DZUOY
ibm,2296,2,4706-DGAHW
ibm,2301,2,4813-HQMGZ
ibm,2302,2,7579-KKLOE
ibm,2309,2,5414-OFQCB
ibm,2310,2,4967-WPNCF
ibm,2316,2,9367-OIUXP
ibm,2323,2,8949-JTMAY
ibm,2327,2,0869-PAPRP
ibm,2328,2,4238-JSSWH
ibm,2331,2,2809-ILCYT
ibm,2342,2,1552-AAGRX
ibm,2345,2,7874-ECPQJ
ibm,2346,2,0020-INWCK
ibm,2355,2,5067-WJEUN
ibm,2359,2,2616-UUTFK
ibm,2369,2,9570-KYEUA
ibm,2381,2,7649-PHJVR
ibm,2382,2,6114-TCFID
ibm,2389,2,6161-ERDGD
ibm,2396,2,4083-BFNYK
ibm,2397,2,3722-WPXTK
ibm,2400,2,5141-ZUVBH
ibm,2406,2,7548-SEPYI
ibm,2412,2,1623-NLDOT
ibm,2414,2,9621-OUPYD
ibm,2419,2,2450-ZKEED
ibm,2420,2,3694-DELSO
ibm,2425,2,0142-GVYSN
ibm,2428,2,2519-FAKOD
ibm,2437,2,0567-GGCAC
ibm,2443,2,9802-CAQUT
ibm,2461,2,7706-YLMQA
ibm,2464,2,2609-IAICY
ibm,2489,2,1032-MAELW
ibm,2496,2,2333-KWEWW
ibm,2503,2,9067-SQTNS
ibm,2505,2,1776-SPBWV
ibm,2523,2,9081-WWXKP
ibm,2526,2,5766-ZJYBB
ibm,2527,2,8931-GJJIQ
ibm,2529,2,0022-TCJCI
ibm,2531,2,3612-YVGSJ
ibm,2542,2,4826-DXMUP
ibm,2547,2,7963-SHNDT
ibm,2548,2,9796-BPKIW
ibm,2549,2,0188-GWFLE
ibm,2551,2,2882-DDZPG
ibm,2552,2,3547-LQRIK
ibm,2579,2,4361-FEBGN
ibm,2594,2,3096-YXENJ
ibm,2602,2,1135-HIORI
ibm,2608,2,4323-SADQS
ibm,2611,2,5976-JCJRH
ibm,2630,2,0014-BMAQU
ibm,2632,2,9018-PCIOK
ibm,2633,2,4837-QUSFT
ibm,2634,2,6877-TJMBR
ibm,2647,2,4986-MXSFP
ibm,2663,2,5140-FOMCQ
ibm,2672,2,2150-OEGBV
ibm,2681,2,9674-EHPPG
ibm,2682,2,9462-MJUAW
ibm,2683,2,8128-YVJRG
ibm,2686,2,4283-FUTGF
ibm,2689,2,8628-MFKAX
ibm,2695,2,0254-KCJGT
ibm,2700,2,2346-DJQTB
ibm,2701,2,1697-LYYYX
ibm,2703,2,4749-VFKVB
ibm,2704,2,9640-ZSLDC
ibm,2710,2,3594-BDSOA
ibm,2713,2,5996-DAOQL
ibm,2715,2,0484-JPBRU
ibm,2727,2,3387-VATUS
ibm,2731,2,1110-KYLGQ
ibm,2734,2,2371-JUNGC
ibm,2735,2,7693-QPEFS
ibm,2739,2,4455-BFSPD
ibm,2745,2,4826-XTSOH
ibm,2756,2,5624-BQSSA
ibm,2769,2,5577-OTWWW
ibm,2777,2,4860-YZGZM
ibm,2782,2,7037-MTYVW
ibm,2785,2,4016-BJKTZ
ibm,2788,2,2790-XUYMV
ibm,2789,2,0581-MDMPW
ibm,2790,2,5013-SBUIH
ibm,2802,2,3001-CBHLQ
ibm,2807,2,1015-JPFYW
ibm,2813,2,6484-LATFU
ibm,2823,2,4884-LEVMQ
ibm,2828,2,8559-WNQZS
ibm,2831,2,2454-RPBRZ
ibm,2834,2,4518-FZBSX
ibm,2838,2,3097-FQTVJ
ibm,2839,2,5465-BUBFA
ibm,2845,2,9093-FPDLG
ibm,2846,2,0541-FITGH
ibm,2849,2,6838-HVLXG
ibm,2860,2,2452-KDRRH
ibm,2863,2,4146-SVFUD
ibm,2867,2,7244-KXYZN
ibm,2868,2,5226-NOZFC
ibm,2870,2,1400-WIVLL
ibm,2873,2,0148-DCDOS
ibm,2880,2,2187-PKZAY
ibm,2888,2,7409-KIUTL
ibm,2904,2,2115-BFTIW
ibm,2917,2,2181-TIDSV
ibm,2925,2,2931-XIQBR
ibm,2928,2,1930-QPBVZ
ibm,2930,2,5322-ZSMZY
ibm,2939,2,8802-UNOJF
ibm,2953,2,2249-YPRNG
ibm,2960,2,5590-BYNII
ibm,2976,2,4830-FAXFM
ibm,2978,2,2960-NKRSO
ibm,2983,2,4674-HGNUA
ibm,2989,2,3308-MHOOC
ibm,2995,2,2209-XADXF
ibm,2999,2,1038-RQOST
ibm,3000,2,7613-LLQFO
ibm,3003,2,2640-PMGFL
ibm,3010,2,3865-QBWSJ
ibm,3022,2,1796-JANOW
ibm,3023,2,0238-WHBIQ
ibm,3029,2,1208-DNHLN
ibm,3031,2,3923-CSIHK
ibm,3033,2,5795-KTGUD
ibm,3035,2,7924-GJZFI
ibm,3036,2,4702-HDRKD
ibm,3038,2,5897-ZYEKH
ibm,3045,2,9114-AAFQH
ibm,3068,2,1810-BOHSY
ibm,3079,2,2141-RRYGO
ibm,3086,2,3853-LYGAM
ibm,3089,2,5680-LQOGP
ibm,3093,2,9931-DCEZH
ibm,3102,2,0516-WJVXC
ibm,3104,2,6860-YRJZP
ibm,3105,2,4429-WYGFR
ibm,3120,2,3148-AOIQT
ibm,3122,2,8395-ETZKQ
ibm,3138,2,5077-DXTCG
ibm,3139,2,1142-WACZW
ibm,3146,2,4236-XPXAV
ibm,3150,2,6029-CSMJE
ibm,3153,2,9099-FTUHS
ibm,3154,2,0581-BXBUB
ibm,3156,2,9467-ROOLM
ibm,3175,2,7395-IGJOS
ibm,3177,2,1814-WFGVS
ibm,3182,2,6568-POCUI
ibm,3192,2,1231-YNDEK
ibm,3196,2,4393-OBCRR
ibm,3198,2,8564-LDKFL
ibm,3202,2,5501-TVMGM
ibm,3209,2,8149-RSOUN
ibm,3212,2,0585-EGDDA
ibm,3220,2,8205-VSLRB
ibm,3235,2,4825-XJGDM
ibm,3239,2,3890-RTCMS
ibm,3243,2,3665-JATSN
ibm,3253,2,8123-QBNAZ
ibm,3256,2,7711-YIJWC
ibm,3258,2,7365-BVCJH
ibm,3271,2,3902-FOIGH
ibm,3296,2,2229-VWQJH
ibm,3309,2,6061-PQHMK
ibm,3320,2,2195-VVRJF
ibm,3352,2,9124-LHCJQ
ibm,3355,2,8871-JLMHM
ibm,3362,2,3658-KIBGF
ibm,3382,2,6285-FTQBF
ibm,3388,2,8498-XXGWA
ibm,3437,2,2746-DIJLO
ibm,3442,2,0468-YRPXN
ibm,3449,2,5473-KHBPS
ibm,3458,2,0311-UNPFF
ibm,3465,2,2831-EBWRN
ibm,3470,2,6483-OATDN
ibm,3472,2,4840-ORQXB
ibm,3490,2,7743-EXURX
ibm,3492,2,0975-VOOVL
ibm,3494,2,5569-KGJHX
ibm,3496,2,5201-FRKKS
ibm,3501,2,8295-KMENE
ibm,3503,2,9821-BESNZ
ibm,3517,2,0748-RDGGM
ibm,3519,2,5019-GQVCR
ibm,3527,2,3746-EUBYR
ibm,3538,2,9028-LIHRP
ibm,3550,2,0963-ZBDRN
ibm,3552,2,6999-CHVCF
ibm,3562,2,1624-NALOJ
ibm,3565,2,4317-VTEOA
ibm,3570,2,6696-YDAYZ
ibm,3571,2,8980-WQFWL
ibm,3572,2,1730-ZMAME
ibm,3586,2,8722-NGNBH
ibm,3588,2,9643-YBLUR
ibm,3589,2,8734-FNWVH
ibm,3606,2,2623-DRYAM
ibm,3614,2,8039-EQPIM
ibm,3616,2,8707-RMEZH
ibm,3618,2,3209-ZPKFI
ibm,3619,2,6479-VDGRK
ibm,3628,2,5186-EJEGL
ibm,3641,2,0487-CRLZF
ibm,3647,2,1016-DJTSV
ibm,3666,2,3194-ORPIK
ibm,3671,2,8816-VXNZD
ibm,3673,2,1723-HKXJQ
ibm,3677,2,6656-JWRQX
ibm,3687,2,6849-OYAMU
ibm,3688,2,5312-UXESG
ibm,3692,2,7159-FVYPK
ibm,3693,2,7032-LMBHI
ibm,3698,2,7346-MEDWM
ibm,3706,2,4993-JCRGJ
ibm,3719,2,6823-SIDFQ
ibm,3720,2,1097-FSPVW
ibm,3724,2,5201-CBWYG
ibm,3726,2,1965-DDBWU
ibm,3730,2,6771-XWBDM
ibm,3733,2,0191-EQUUH
ibm,3736,2,2926-JEJJC
ibm,3737,2,8601-QACRS
ibm,3738,2,4950-BDEUX
ibm,3740,2,0508-OOLTO
ibm,3767,2,9351-HXDMR
ibm,3774,2,1309-XGFSN
ibm,3781,2,8873-TMKGR
ibm,3782,2,8800-JOOCF
ibm,3795,2,1508-DFXCU
ibm,3803,2,2533-QVMSK
ibm,3812,2,8573-JGCZW
ibm,3818,2,8819-ZBYNA
ibm,3823,2,9065-ZCPQX
ibm,3826,2,3213-VVOLG
ibm,3841,2,4039-HEUNW
ibm,3853,2,7128-GGCNO
ibm,3861,2,0479-HMSWA
ibm,3871,2,5299-SJCZT
ibm,3879,2,7359-PTSXY
ibm,3880,2,9470-RTWDV
ibm,3886,2,3786-WOVKF
ibm,3892,2,3824-RHKVR
ibm,3900,2,8008-OTEZX
ibm,3904,2,4803-LBYPN
ibm,3909,2,1093-YSWCA
ibm,3918,2,6319-IEJWJ
ibm,3930,2,8849-PRIQJ
ibm,3935,2,8285-ABVLB
ibm,3936,2,0701-TJSEF
ibm,3944,2,4537-CIBHB
ibm,3945,2,3815-SLMEF
ibm,3955,2,6704-UTUKK
ibm,3971,2,8515-OCTJS
ibm,3979,2,7008-LZVOZ
ibm,3984,2,5884-FBCTL
ibm,3986,2,6242-FEGFD
ibm,3996,2,1395-WSWXR
ibm,3998,2,6752-APNJL
ibm,4009,2,4006-HKYHO
ibm,4016,2,7754-IXRMC
ibm,4021,2,4255-DDUOU
ibm,4023,2,1686-STUHN
ibm,4039,2,8161-QYMTT
ibm,4041,2,5862-BRIXZ
ibm,4053,2,7446-YPODE
ibm,4062,2,1915-IOFGU
ibm,4064,2,0374-AACSZ
ibm,4067,2,9140-CZQZZ
ibm,4070,2,0531-ZZJWQ
ibm,4082,2,0112-QWPNC
ibm,4095,2,0641-EVBOJ
ibm,4100,2,0608-JDVEC
ibm,4110,2,5208-FVQKB
ibm,4111,2,7184-LRUUR
ibm,4117,2,6211-WWLTF
ibm,4121,2,0576-WNXXC
ibm,4130,2,4439-YRNVD
ibm,4144,2,7181-OQCUT
ibm,4148,2,9142-XMYJH
ibm,4169,2,3663-MITLP
ibm,4171,2,9025-ZRPVR
ibm,4174,2,3285-UCQVC
ibm,4179,2,8224-DWCKX
ibm,4182,2,4902-OHLSK
ibm,4184,2,0495-ZBNGW
ibm,4190,2,3737-GCSPV
ibm,4203,2,4291-YZODP
ibm,4206,2,0017-IUDMW
ibm,4218,2,9027-YFHQJ
ibm,4219,2,5176-LDKUH
ibm,4221,2,7926-IJOOU
ibm,4237,2,6715-OFDBP
ibm,4240,2,1567-DSCIC
ibm,4241,2,2150-UWTFY
ibm,4244,2,9975-GPKZU
ibm,4251,2,6867-ACCZI
ibm,4260,2,5269-NRGDP
ibm,4262,2,5485-WUYWF
ibm,4276,2,1226-UDFZR
ibm,4282,2,5811-IWXYM
ibm,4284,2,8189-XRIKE
ibm,4289,2,2228-BZDEE
ibm,4294,2,7596-LDUXP
ibm,4300,2,1131-ALZWV
ibm,4307,2,6899-PPEEA
ibm,4314,2,4597-NUCQV
ibm,4336,2,3244-CQPHU
ibm,4337,2,2674-MLXMN
ibm,4342,2,5792-JALQC
ibm,4353,2,6996-KNSML
ibm,4355,2,0096-BXERS
ibm,4356,2,3806-YAZOV
ibm,4362,2,8430-TWCBX
ibm,4365,2,4737-HOBAX
ibm,4366,2,0537-QYZZN
ibm,4374,2,2718-YSKCS
ibm,4375,2,9896-UYMIE
ibm,4395,2,5502-RLUYV
ibm,4398,2,4915-BFSXL
ibm,4401,2,7576-JMYWV
ibm,4408,2,2824-DXNKN
ibm,4409,2,5227-JSCFE
ibm,4413,2,1792-UXAFY
ibm,4420,2,1544-JJMYL
ibm,4424,2,4729-XKASR
ibm,4435,2,5453-AXEPF
ibm,4437,2,3716-LRGXK
ibm,4443,2,2672-OJQZP
ibm,4448,2,6543-XRMYR
ibm,4452,2,6695-AMZUF
ibm,4461,2,0082-OQIQY
ibm,4488,2,3714-JTVOV
ibm,4489,2,8259-DZLIZ
ibm,4491,2,7853-WNZSY
ibm,4503,2,9658-WYUFB
ibm,4509,2,2013-SGDXK
ibm,4526,2,4860-IJUDE
ibm,4536,2,3428-XZMAZ
ibm,4559,2,7787-BNTZM
ibm,4567,2,2697-NQBPF
ibm,4589,2,1494-EJZDW
ibm,4591,2,8003-EWNDZ
ibm,4594,2,4658-HCOHW
ibm,4614,2,4732-RRJZC
ibm,4622,2,8705-DWKTI
ibm,4628,2,1202-KKGFU
ibm,4640,2,1853-UDXBW
ibm,4643,2,1230-QAJDW
ibm,4644,2,5701-ZIKJE
ibm,4655,2,5985-TBABQ
ibm,4665,2,3884-UEBXB
ibm,4669,2,8701-DGLVH
ibm,4677,2,8443-WVPSS
ibm,4679,2,8218-FFJDS
ibm,4684,2,6305-YLBMM
ibm,4689,2,2832-SCUCO
ibm,4700,2,5365-LLFYV
ibm,4701,2,5956-YHHRX
ibm,4706,2,6595-COKXZ
ibm,4709,2,4007-NHVHI
ibm,4737,2,9298-WGMRW
ibm,4740,2,2778-OCLGR
ibm,4741,2,6583-KQJLK
ibm,4753,2,5729-KLZAR
ibm,4754,2,2072-ZVJJX
ibm,4758,2,3646-ITDGM
ibm,4766,2,1043-UXOVO
ibm,4772,2,5795-BKOYE
ibm,4777,2,7501-VTYLJ
ibm,4780,2,5895-QSXOD
ibm,4781,2,9814-AOUDH
ibm,4794,2,0366-NQSHS
ibm,4804,2,5734-EJKXG
ibm,4813,2,8631-WUXGY
ibm,4814,2,7270-BDIOA
ibm,4827,2,9560-ARGQJ
ibm,4832,2,6478-HRRCZ
ibm,4843,2,0902-XKXPN
ibm,4850,2,0931-MHTEM
ibm,4858,2,3950-VPYJB
ibm,4867,2,0899-LIIBW
ibm,4880,2,1215-EXRMO
ibm,4883,2,5233-GEEAX
ibm,4885,2,5304-EFJLP
ibm,4896,2,3521-MNKLV
ibm,4931,2,4298-OYIFC
ibm,4949,2,3669-LVWZB
ibm,4952,2,7379-FNIUJ
ibm,4959,2,7853-GVUDZ
ibm,4960,2,7480-QNVZJ
ibm,4966,2,3097-IDVPU
ibm,4976,2,8165-CBKXO
ibm,4977,2,6527-PZFPV
ibm,4978,2,4855-SNKMY
ibm,4981,2,8008-HAWED
ibm,4994,2,9692-TUSXH
ibm,5008,2,9150-KPBJQ
ibm,5021,2,6617-WLBQC
ibm,5022,2,2599-CIPQE
ibm,5029,2,1848-LBZHY
ibm,5032,2,5429-LWCMV
ibm,5035,2,3955-JBZZM
ibm,5036,2,1268-ASBGA
ibm,5041,2,4092-OFQZS
ibm,5042,2,1561-BWHIN
ibm,5052,2,3255-GRXMG
ibm,5060,2,6133-OZILE
ibm,5068,2,6892-BOGQE
ibm,5071,2,1746-TGTWV
ibm,5080,2,7159-NOKYQ
ibm,5081,2,5707-ZMDJP
ibm,5091,2,2606-RMDHZ
ibm,5104,2,1328-EUZHC
ibm,5105,2,2995-UPRYS
ibm,5108,2,7811-JIVPF
ibm,5116,2,4759-TRPLW
ibm,5118,2,7621-VPNET
ibm,5130,2,4625-EWPTF
ibm,5134,2,8010-EZLOU
ibm,5141,2,0303-WMMRN
ibm,5143,2,5204-HMGYF
ibm,5146,2,3797-FKOGQ
ibm,5152,2,8807-OPMBM
ibm,5153,2,5439-WIKXB
ibm,5155,2,8294-UIMBA
ibm,5167,2,4188-PCPIG
ibm,5173,2,2480-SQIOB
ibm,5179,2,9048-JVYVF
ibm,5185,2,3021-VLNRJ
ibm,5195,2,1676-MQAOA
ibm,5197,2,7566-DSRLQ
ibm,5199,2,7245-JMTTQ
ibm,5206,2,7349-ALMUX
ibm,5209,2,1841-YSJGV
ibm,5213,2,7668-XCFYV
ibm,5229,2,8327-LZKAS
ibm,5240,2,8777-MBMTS
ibm,5241,2,7753-USQYQ
ibm,5259,2,5419-JKZNQ
ibm,5271,2,6507-DTJZV
ibm,5278,2,1061-PNTHC
ibm,5279,2,0394-YONDK
ibm,5287,2,9708-KFDBY
ibm,5292,2,0756-MPZRL
ibm,5293,2,2242-MFOTG
ibm,5298,2,5647-FXOTP
ibm,5301,2,2082-OJVTK
ibm,5304,2,6078-VESFR
ibm,5306,2,5940-NFXKV
ibm,5310,2,6171-ZTVYB
ibm,5313,2,1935-IMVBB
ibm,5319,2,9866-OCCKE
ibm,5322,2,8731-WBBMB
ibm,5323,2,1448-CYWKC
ibm,5329,2,2894-QOJRX
ibm,5330,2,5747-PMBSQ
ibm,5332,2,4565-EVZMJ
ibm,5347,2,9788-HNGUT
ibm,5355,2,4724-WXVWF
ibm,5358,2,6082-GLJIX
ibm,5369,2,9860-LISIZ
ibm,5377,2,8313-KTIHG
ibm,5397,2,2379-ENZGV
ibm,5405,2,4097-YODCF
ibm,5410,2,4049-ZPALD
ibm,5414,2,2722-VOJQL
ibm,5416,2,8961-QDZZJ
ibm,5417,2,9715-SBVSU
ibm,5427,2,2455-USLMV
ibm,5431,2,5995-WWKKG
ibm,5437,2,7000-WCEVQ
ibm,5439,2,5959-BELXA
ibm,5449,2,5696-CEIQJ
ibm,5451,2,1696-HXOWK
ibm,5454,2,2506-TNFCO
ibm,5467,2,9770-KXGQU
ibm,5468,2,6437-UKHMV
ibm,5473,2,1208-NBVFH
ibm,5478,2,3374-TTZTK
ibm,5489,2,0804-XBFBV
ibm,5503,2,1757-TCATG
ibm,5512,2,3173-NVMPX
ibm,5516,2,6923-EFPNL
ibm,5517,2,7472-EQOAV
ibm,5520,2,8034-RYTVV
ibm,5523,2,5044-LRQAQ
ibm,5524,2,1716-LSAMB
ibm,5525,2,1333-PBMXB
ibm,5527,2,5985-BEHZK
ibm,5537,2,8029-XYPWT
ibm,5543,2,6646-JPPHA
ibm,5548,2,4589-IUAJB
ibm,5551,2,8457-XIGKN
ibm,5571,2,9107-UKCKY
ibm,5581,2,5271-YNWVR
ibm,5585,2,4667-OHGKG
ibm,5618,2,9932-WBWIK
ibm,5623,2,9115-YQHGA
ibm,5645,2,4942-VZZOM
ibm,5662,2,3244-DCJWY
ibm,5663,2,2824-MYYBN
ibm,5673,2,6260-XLACS
ibm,5677,2,2896-TBNBE
ibm,5683,2,5057-LCOUI
ibm,5685,2,4475-NVTLU
ibm,5686,2,4369-HTUIF
ibm,5688,2,9585-KKMFD
ibm,5689,2,5399-ZIMKF
ibm,5690,2,0336-KXKFK
ibm,5693,2,5327-XOKKY
ibm,5711,2,1891-UAWWU
ibm,5715,2,0363-QJVFX
ibm,5717,2,8169-SAEJD
ibm,5718,2,9840-DVNDC
ibm,5720,2,2325-WINES
ibm,5737,2,7989-VCQOH
ibm,5738,2,5049-GLYVG
ibm,5743,2,2384-OVPSA
ibm,5746,2,4817-QRJSX
ibm,5758,2,5847-MXBEO
ibm,5762,2,1421-HCERK
ibm,5763,2,9633-XQABV
ibm,5765,2,1265-XTECC
ibm,5774,2,9761-XUJWD
ibm,5781,2,1818-ESQMW
ibm,5783,2,1415-YFWLT
ibm,5786,2,8661-BOYNW
ibm,5789,2,2805-AUFQN
ibm,5796,2,8571-ZCMCX
ibm,5798,2,4548-SDBKE
ibm,5799,2,8066-POXGX
ibm,5804,2,1555-HAPSU
ibm,5812,2,3422-LYEPQ
ibm,5823,2,9867-NNXLC
ibm,5832,2,6017-PPLPX
ibm,5837,2,2969-QWUBZ
ibm,5839,2,2077-MPJQO
ibm,5848,2,9958-MEKUC
ibm,5859,2,2194-IIQOF
ibm,5860,2,4512-ZUIYL
ibm,5869,2,3410-MHHUM
ibm,5873,2,2122-YWVYA
ibm,5878,2,8909-BOLNL
ibm,5879,2,6603-YRDCJ
ibm,5890,2,0383-CLDDA
ibm,5892,2,2709-UQGNP
ibm,5906,2,1965-AKTSX
ibm,5915,2,9500-WBGRP
ibm,5920,2,9355-NPPFS
ibm,5926,2,1356-MKYSK
ibm,5928,2,1830-IPXVJ
ibm,5929,2,5828-DWPIL
ibm,5931,2,0011-IGKFF
ibm,5936,2,9418-RUKPH
ibm,5938,2,9971-ZWPBF
ibm,5941,2,2908-ZTPNF
ibm,5943,2,2202-CUYXZ
ibm,5948,2,1414-YADCW
ibm,5949,2,8756-RDDLT
ibm,5952,2,4430-YHXGG
ibm,5959,2,2729-VNVAP
ibm,5966,2,8019-ENHXU
ibm,5967,2,5167-GBFRE
ibm,5969,2,4673-KKSLS
ibm,5976,2,6907-CQGPN
ibm,5983,2,0212-ISBBF
ibm,5989,2,5567-WSELE
ibm,5992,2,0687-ZVTHB
ibm,5994,2,9661-ACXBS
ibm,5998,2,0442-TDYUO
ibm,6001,2,4367-NHWMM
ibm,6002,2,3727-RJMEO
ibm,6003,2,3779-OSWCF
ibm,6005,2,3915-ODIYG
ibm,6009,2,6646-VRFOL
ibm,6010,2,3460-TJBWI
ibm,6013,2,5671-UUNXD
ibm,6021,2,3752-CQSJI
ibm,6039,2,5649-TJHOV
ibm,6040,2,0519-XUZJU
ibm,6045,2,4487-ZYJZK
ibm,6049,2,7634-HLQJR
ibm,6054,2,9445-SZLCH
ibm,6063,2,0613-WUXUM
ibm,6090,2,9625-QNLUX
ibm,6092,2,4024-CSNBY
ibm,6103,2,8573-CGOCC
ibm,6107,2,6286-SUUWT
ibm,6111,2,9812-GHVRI
ibm,6117,2,3308-DGHKL
ibm,6132,2,3896-RCYYE
ibm,6142,2,3982-XWFZQ
ibm,6149,2,3069-SSVSN
ibm,6154,2,8901-UPRHR
ibm,6155,2,4903-UYAVB
ibm,6162,2,9000-PLFUZ
ibm,6174,2,8650-RHRKE
ibm,6180,2,0201-MIBOL
ibm,6183,2,6981-TDRFT
ibm,6184,2,3413-CSSTH
ibm,6187,2,0224-NIJLP
ibm,6193,2,5716-LIBJC
ibm,6196,2,2988-QRAJY
ibm,6198,2,0071-NDAFP
ibm,6199,2,2856-NNASM
ibm,6211,2,4439-JMPMT
ibm,6230,2,9962-BFPDU
ibm,6231,2,3296-SILRA
ibm,6232,2,9681-OXGVC
ibm,6238,2,5188-HGMLP
ibm,6240,2,6521-YYTYI
ibm,6242,2,8265-HKSOW
ibm,6249,2,7823-JSOAG
ibm,6251,2,9374-YOLBJ
ibm,6258,2,5066-GFJMM
ibm,6264,2,2578-JQPHZ
ibm,6265,2,3278-FSIXX
ibm,6266,2,5813-UECBU
ibm,6268,2,9746-UGFAC
ibm,6284,2,2985-FMWYF
ibm,6290,2,2530-ENDWQ
ibm,6291,2,2890-WFBHU
ibm,6292,2,0327-WFZSY
ibm,6296,2,4023-RTIQM
ibm,6301,2,7872-RDDLZ
ibm,6302,2,9250-WYPLL
ibm,6311,2,3162-KKZXO
ibm,6315,2,5696-JVVQY
ibm,6317,2,7493-TPUWZ
ibm,6319,2,8904-OPDCK
ibm,6324,2,5022-JNQEQ
ibm,6330,2,9921-QFQUL
ibm,6345,2,6048-QBXKL
ibm,6357,2,8079-XRJRS
ibm,6366,2,2845-KDHVX
ibm,6372,2,6368-TZZDT
ibm,6373,2,0943-ZQPXH
ibm,6376,2,1302-TPUBN
ibm,6379,2,0940-OUQEC
ibm,6380,2,2378-VTKDH
ibm,6393,2,3466-RITXD
ibm,6401,2,0807-ZABDG
ibm,6402,2,8510-TMWYB
ibm,6419,2,3865-ZYKAD
ibm,6420,2,1422-DGUBX
ibm,6422,2,8668-KNZTI
ibm,6423,2,0480-KYJVA
ibm,6432,2,8221-EQDGL
ibm,6446,2,2205-LPVGL
ibm,6449,2,7601-WFVZV
ibm,6462,2,8413-VONUO
ibm,6464,2,4726-DLWQN
ibm,6467,2,9494-MRNYX
ibm,6484,2,2911-IJORQ
ibm,6491,2,9728-FTTVZ
ibm,6494,2,4310-KEDTB
ibm,6502,2,6103-QCKFX
ibm,6511,2,5135-RDDQL
ibm,6518,2,1963-SVUCV
ibm,6519,2,4184-VODJZ
ibm,6526,2,3190-XFANI
ibm,6528,2,4957-SREEC
ibm,6534,2,5195-KPUNQ
ibm,6540,2,5203-XEHAX
ibm,6550,2,1309-BXVOQ
ibm,6554,2,2856-HYAPG
ibm,6556,2,0661-KQHNK
ibm,6557,2,8709-KRDVL
ibm,6566,2,3795-CAWEX
ibm,6568,2,5647-URDKA
ibm,6581,2,2453-SAFNS
ibm,6583,2,9617-UDPEU
ibm,6585,2,4955-VCWBI
ibm,6586,2,6813-GZQCG
ibm,6588,2,3389-KTRXV
ibm,6593,2,4701-AHWMW
ibm,6595,2,5702-KVQRD
ibm,6598,2,6169-PGNCD
ibm,6617,2,8822-KNBHV
ibm,6626,2,3319-DWOEP
ibm,6634,2,1465-VINDH
ibm,6639,2,4816-OKWNX
ibm,6644,2,0898-XCGTF
ibm,6652,2,0827-ITJPH
ibm,6680,2,9412-ARGBX
ibm,6693,2,7895-VONWT
ibm,6702,2,2027-CWDNU
ibm,6714,2,7315-WYOAW
ibm,6719,2,2509-TFPJU
ibm,6720,2,9530-GRMJG
ibm,6721,2,6898-RBTLU
ibm,6723,2,2068-WWXQZ
ibm,6725,2,2061-VVFST
ibm,6727,2,0749-IRGQE
ibm,6731,2,0164-XAIRP
ibm,6741,2,2180-DXNEG
ibm,6753,2,4114-QMKVN
ibm,6754,2,2775-SEFEE
ibm,6756,2,1754-GKYPY
ibm,6769,2,9916-AYHTC
ibm,6772,2,7931-PXHFC
ibm,6775,2,3259-KNMRR
ibm,6779,2,0076-LVEPS
ibm,6781,2,4919-MOAVT
ibm,6786,2,9820-RMCQV
ibm,6787,2,3174-RKMOW
ibm,6789,2,7839-QRKXN
ibm,6793,2,1320-GVNHT
ibm,6798,2,7562-UXTPG
ibm,6802,2,5626-MGTUK
ibm,6805,2,4323-OHFOW
ibm,6819,2,3005-NFMTA
ibm,6820,2,6300-BWMJX
ibm,6832,2,9173-IVZVP
ibm,6835,2,7964-ZRKKG
ibm,6844,2,6897-UUBNU
ibm,6859,2,3508-CFVZL
ibm,6904,2,6211-WHMYA
ibm,6908,2,1750-CSKKM
ibm,6917,2,2904-GGUAZ
ibm,6920,2,2595-KIWPV
ibm,6921,2,5243-SAOTC
ibm,6922,2,9398-MMQTO
ibm,6926,2,1450-SKCVI
ibm,6933,2,6502-MJQAE
ibm,6934,2,6257-DTAYD
ibm,6950,2,2075-RMJIK
ibm,6963,2,9547-ITEFG
ibm,6980,2,0786-VSSUD
ibm,6993,2,6583-QGCSI
ibm,6998,2,0928-XUTSN
ibm,7000,2,0052-YNYOT
ibm,7006,2,0093-XWZFY
ibm,7007,2,2274-XUATA
ibm,7010,2,0723-DRCLG
ibm,7011,2,5482-NUPNA
ibm,7022,2,7203-OYKCT
ibm,7025,2,2823-LKABH
ibm,7037,2,2569-WGERO
ibm,15,3,3655-SNQYZ
ibm,17,3,9959-WOFKT
ibm,29,3,8773-HHUOZ
ibm,57,3,5067-XJQFU
ibm,67,3,3410-YOQBQ
ibm,74,3,5630-AHZIL
ibm,77,3,5590-ZSKRV
ibm,90,3,4767-HZZHQ
ibm,91,3,2424-WVHPL
ibm,98,3,3212-KXOCR
ibm,100,3,6380-ARCEH
ibm,109,3,2848-YXSMW
ibm,115,3,3071-VBYPO
ibm,117,3,5299-RULOA
ibm,118,3,8402-OOOHJ
ibm,122,3,0404-SWRVG
ibm,123,3,6497-TILVL
ibm,139,3,0390-DCFDQ
ibm,151,3,3874-EQOEP
ibm,156,3,9167-APMXZ
ibm,157,3,2749-CTKAJ
ibm,163,3,4648-YPBTM
ibm,165,3,6345-FZOQH
ibm,169,3,1159-WFSGR
ibm,183,3,5524-KHNJP
ibm,185,3,1024-GUALD
ibm,190,3,7100-FQPRV
ibm,191,3,2472-OVKUP
ibm,192,3,2984-RGEYA
ibm,195,3,2604-IJPDU
ibm,198,3,7255-SSFBC
ibm,202,3,3363-DTIVD
ibm,210,3,7841-TZDMQ
ibm,213,3,4709-LKHYG
ibm,218,3,2040-LDIWQ
ibm,222,3,6469-MRVET
ibm,230,3,2651-ZCBXV
ibm,239,3,9227-UAQFT
ibm,242,3,7576-ASEJU
ibm,248,3,0322-YINQP
ibm,265,3,0123-CRBRT
ibm,269,3,7014-ZZXAW
ibm,273,3,4716-HHKQH
ibm,282,3,2080-SRCDE
ibm,284,3,9512-UIBFX
ibm,289,3,3580-REOAC
ibm,294,3,1563-IWQEX
ibm,295,3,8203-XJZRC
ibm,297,3,6851-WEFYX
ibm,298,3,2985-JUUBZ
ibm,301,3,8098-LLAZX
ibm,315,3,5027-YOCXN
ibm,321,3,9880-TDQAC
ibm,322,3,8705-WZCYL
ibm,323,3,7102-JJVTX
ibm,325,3,4983-CLMLV
ibm,330,3,9385-EHGDO
ibm,338,3,7982-VCELR
ibm,344,3,5924-SNGKP
ibm,356,3,3351-NGXYI
ibm,365,3,1010-DIAUQ
ibm,376,3,6158-HDPXZ
ibm,380,3,5651-CRHKQ
ibm,385,3,4895-TMWIR
ibm,387,3,1708-PBBOA
ibm,406,3,4742-DRORA
ibm,408,3,4800-VHZKI
ibm,416,3,4686-GEFRM
ibm,426,3,2806-MLNTI
ibm,428,3,4360-PNRQB
ibm,431,3,7781-HVGMK
ibm,436,3,4980-URKXC
ibm,437,3,4376-KFVRS
ibm,449,3,1090-ESELR
ibm,462,3,0880-TKATG
ibm,466,3,9076-AXYIK
ibm,470,3,4933-IKULF
ibm,483,3,5168-MQQCA
ibm,486,3,9094-AZPHK
ibm,495,3,8205-OTCHB
ibm,501,3,4513-CXYIX
ibm,507,3,7218-HKQFK
ibm,516,3,3482-ABPKK
ibm,522,3,0913-XWSCN
ibm,528,3,7601-GNDYK
ibm,531,3,1403-GYAFU
ibm,538,3,8905-IAZPF
ibm,560,3,6815-ABQFQ
ibm,568,3,0939-YAPAF
ibm,583,3,1423-BMPBQ
ibm,590,3,0619-OLYUR
ibm,593,3,0215-BQKGS
ibm,594,3,9244-ZVAPM
ibm,597,3,5172-MIGPM
ibm,607,3,8672-OAUPW
ibm,608,3,8207-DMRVL
ibm,610,3,6543-CPZMK
ibm,612,3,2804-ETQDK
ibm,615,3,9396-ZSFLL
ibm,619,3,4059-IIEBK
ibm,623,3,5148-HKFIR
ibm,625,3,3003-CMDUU
ibm,627,3,6797-UCJHZ
ibm,630,3,5099-BAILX
ibm,631,3,9931-KGHOA
ibm,633,3,7665-VIGUD
ibm,649,3,3509-GWQGF
ibm,665,3,2800-VEQXM
ibm,675,3,3729-OWRVL
ibm,677,3,0822-GAVAP
ibm,685,3,1536-HBSWP
ibm,689,3,5076-YVXCM
ibm,691,3,6663-JOCQO
ibm,693,3,2276-YDAVZ
ibm,694,3,2682-KEVRP
ibm,700,3,1525-LNLOJ
ibm,704,3,1456-TWCGB
ibm,705,3,7133-VBDCG
ibm,706,3,7596-ZYWBB
ibm,712,3,9661-JALZV
ibm,716,3,0114-IGABW
ibm,721,3,8434-VGEQQ
ibm,726,3,4950-HKQTE
ibm,727,3,6786-OBWQR
ibm,731,3,6621-YOBKI
ibm,738,3,1307-TVUFB
ibm,742,3,5138-WVKYJ
ibm,744,3,1635-FJFCC
ibm,754,3,0139-IVFJG
ibm,755,3,6683-VLCTZ
ibm,756,3,5730-DBDSI
ibm,761,3,1894-IGFSG
ibm,769,3,3137-NYQQI
ibm,771,3,0236-HFWSV
ibm,772,3,3900-AQPHZ
ibm,774,3,2037-XJFUP
ibm,803,3,3174-AKMAS
ibm,804,3,3138-BKYAV
ibm,806,3,7382-DFJTU
ibm,811,3,4853-RULSV
ibm,823,3,0295-QVKPB
ibm,825,3,2311-QYMUQ
ibm,839,3,4625-LAMOB
ibm,841,3,0392-BZIUW
ibm,844,3,3027-ZTDHO
ibm,849,3,7408-OFWXJ
ibm,853,3,7905-TVXTA
ibm,857,3,2207-NHRJK
ibm,871,3,1573-LGXBA
ibm,873,3,5073-WXOYN
ibm,882,3,3908-BLSYF
ibm,906,3,5543-QDCRY
ibm,909,3,0835-JKADZ
ibm,918,3,6103-BOCOU
ibm,926,3,7074-IEVOJ
ibm,931,3,0454-OKRCT
ibm,944,3,6353-BRMMA
ibm,945,3,6680-WKXRZ
ibm,946,3,6231-WFGFH
ibm,948,3,7028-DVOIQ
ibm,949,3,6169-PPETC
ibm,950,3,4208-UFFGW
ibm,963,3,4849-PYRLQ
ibm,966,3,4541-RMRLG
ibm,969,3,3158-MOERK
ibm,970,3,7294-TMAOP
ibm,972,3,0556-FJEGU
ibm,973,3,8919-FYFQZ
ibm,975,3,2834-JRTUA
ibm,991,3,8361-LBRDI
ibm,995,3,3842-IYKUE
ibm,1015,3,3863-IUBJR
ibm,1017,3,9361-YNQWJ
ibm,1019,3,9391-TTOYH
ibm,1021,3,3422-WJOYD
ibm,1027,3,6732-FZUGP
ibm,1028,3,8436-BJUMM
ibm,1044,3,3354-OADJP
ibm,1050,3,1271-SJBGZ
ibm,1053,3,5669-SRAIP
ibm,1055,3,3486-NPGST
ibm,1073,3,0655-RBDUG
ibm,1089,3,4546-FOKWR
ibm,1102,3,8824-RWFXJ
ibm,1105,3,7363-QTBIW
ibm,1114,3,3312-UUMZW
ibm,1121,3,3696-XRIEN
ibm,1143,3,2446-ZKVAF
ibm,1145,3,3522-CDKHF
ibm,1148,3,7851-WZEKY
ibm,1149,3,8844-TONUD
ibm,1150,3,8807-ARQET
ibm,1153,3,8777-PVYGU
ibm,1158,3,5334-JLAXU
ibm,1159,3,4086-YQSNZ
ibm,1161,3,5868-CZJDR
ibm,1171,3,6270-OMFIW
ibm,1173,3,0107-WESLM
ibm,1179,3,5461-QKNTN
ibm,1185,3,5673-FSSMF
ibm,1191,3,8221-HVAYI
ibm,1194,3,8967-SZQAS
ibm,1198,3,5542-NKVRU
ibm,1204,3,6791-YBNAK
ibm,1218,3,7979-CORPM
ibm,1219,3,2294-DMMUS
ibm,1220,3,0872-JCPIB
ibm,1222,3,9091-WTUUY
ibm,1223,3,1618-CFHME
ibm,1231,3,0384-RVBPI
ibm,1232,3,1689-MRZQR
ibm,1269,3,8480-PPONV
ibm,1272,3,1257-SXUXQ
ibm,1283,3,4389-UEFCZ
ibm,1285,3,9134-CEQMF
ibm,1288,3,2616-FLVQC
ibm,1289,3,9968-FFVVH
ibm,1297,3,6198-ZFIOJ
ibm,1307,3,1866-NXPSP
ibm,1310,3,6393-WRYZE
ibm,1312,3,1661-CZBAU
ibm,1324,3,0031-PVLZI
ibm,1325,3,7206-GZCDC
ibm,1329,3,3910-MRQOY
ibm,1346,3,2845-HSJCY
ibm,1369,3,5478-JJVZK
ibm,1372,3,9793-WECQC
ibm,1373,3,4291-HPAXL
ibm,1374,3,8999-YPYBV
ibm,1379,3,0562-KBDVM
ibm,1384,3,4704-ERYFC
ibm,1385,3,9432-RUVSL
ibm,1390,3,8039-ACLPL
ibm,1398,3,3569-EDBPQ
ibm,1411,3,2692-BUCFV
ibm,1436,3,9546-CQJSU
ibm,1440,3,7677-SJJJK
ibm,1442,3,3253-HKOKL
ibm,1448,3,2958-NHPPS
ibm,1450,3,1735-XMJVH
ibm,1451,3,6890-PFRQX
ibm,1452,3,0222-CNVPT
ibm,1458,3,7893-IXHRQ
ibm,1462,3,9824-QCJPK
ibm,1467,3,8970-ANWXO
ibm,1469,3,5394-SVGJV
ibm,1476,3,5067-DGXLL
ibm,1488,3,8695-WDYEA
ibm,1503,3,0481-SUMCB
ibm,1510,3,7898-PDWQE
ibm,1515,3,1921-KYSAY
ibm,1517,3,2924-KHUVI
ibm,1530,3,3703-VAVCL
ibm,1532,3,4881-GQJTW
ibm,1535,3,7905-NJMXS
ibm,1541,3,2429-AYKKO
ibm,1548,3,5522-NYKPB
ibm,1552,3,2245-ADZFJ
ibm,1556,3,3186-BAXNB
ibm,1568,3,3292-PBZEJ
ibm,1584,3,9906-NHHVC
ibm,1586,3,3766-EJLFL
ibm,1591,3,8246-SHFGA
ibm,1601,3,2927-QRRQV
ibm,1602,3,6032-KRXXO
ibm,1605,3,7941-RCJOW
ibm,1615,3,2812-REYAT
ibm,1616,3,6518-PPLMZ
ibm,1625,3,1262-OPMFY
ibm,1627,3,5035-BVCXS
ibm,1636,3,1371-OJCEK
ibm,1640,3,2351-RRBUE
ibm,1645,3,9490-DFPMD
ibm,1672,3,4737-AQCPU
ibm,1685,3,9365-SRSZE
ibm,1692,3,1696-MZVAU
ibm,1693,3,7359-WWYJV
ibm,1719,3,2081-VEYEH
ibm,1724,3,7398-SKNQZ
ibm,1727,3,5136-RGMZO
ibm,1730,3,3877-JRJIP
ibm,1736,3,7551-JOHTI
ibm,1738,3,8646-JCOMS
ibm,1749,3,1320-REHCS
ibm,1753,3,2057-BOYKM
ibm,1769,3,3144-KMTWZ
ibm,1776,3,5605-XNWEN
ibm,1781,3,2519-LBNQL
ibm,1785,3,1568-LJSZU
ibm,1788,3,7416-CKTEP
ibm,1796,3,2474-LCNUE
ibm,1803,3,2773-MADBQ
ibm,1811,3,2070-XYMFH
ibm,1815,3,1927-QEWMY
ibm,1817,3,5663-QBGIS
ibm,1825,3,5423-BHIXO
ibm,1835,3,8356-WUAOJ
ibm,1838,3,8058-DMYRU
ibm,1847,3,1098-KFQEC
ibm,1857,3,9359-JANWS
ibm,1861,3,7054-LGEQW
ibm,1866,3,7940-UQQUG
ibm,1871,3,3062-ICYZQ
ibm,1891,3,4193-ORFCL
ibm,1892,3,1636-NTNCO
ibm,1897,3,7776-QWNFX
ibm,1904,3,3143-ILDAL
ibm,1909,3,3750-YHRYO
ibm,1912,3,0129-QMPDR
ibm,1918,3,2801-NISEI
ibm,1924,3,1845-CSBRZ
ibm,1925,3,2123-VSCOT
ibm,1927,3,4566-GOLUK
ibm,1928,3,2484-DGXPZ
ibm,1929,3,2018-QKYGT
ibm,1933,3,1964-SVLEA
ibm,1938,3,7243-LCGGZ
ibm,1954,3,5834-ASPWA
ibm,1957,3,5619-PTMIK
ibm,1969,3,5110-CHOPY
ibm,1990,3,4514-GFCFI
ibm,1992,3,3365-SAIGS
ibm,1996,3,9993-LHIEB
ibm,2000,3,7020-OZKXZ
ibm,2019,3,7694-VLBWQ
ibm,2021,3,0181-RITDD
ibm,2023,3,4795-KTRTH
ibm,2029,3,6481-OGDOO
ibm,2037,3,8309-IEYJD
ibm,2038,3,9172-JITSM
ibm,2042,3,7361-YPXFS
ibm,2064,3,7061-OVMIM
ibm,2068,3,9079-LWTFD
ibm,2069,3,6356-ELRKD
ibm,2072,3,5986-WWXDV
ibm,2087,3,3806-DXQOM
ibm,2094,3,1057-FOGLZ
ibm,2096,3,0761-AETCS
ibm,2097,3,8087-LGYHQ
ibm,2100,3,6227-FBDXH
ibm,2102,3,2911-WDXMV
ibm,2111,3,3373-DIUUN
ibm,2113,3,7607-QKKTJ
ibm,2120,3,5793-YOLJN
ibm,2124,3,7802-EFKNY
ibm,2130,3,8945-MUQUF
ibm,2131,3,5656-MJEFC
ibm,2171,3,3995-WFCSM
ibm,2172,3,1895-QTKDO
ibm,2180,3,7375-WMVMT
ibm,2188,3,3689-MOZGR
ibm,2189,3,4195-PNGZS
ibm,2190,3,5003-XZWWO
ibm,2191,3,3988-RQIXO
ibm,2202,3,5931-FLJJF
ibm,2204,3,2659-VXMWZ
ibm,2224,3,2528-HFYZX
ibm,2238,3,1393-IMKZG
ibm,2247,3,0362-RAOQO
ibm,2259,3,9030-QGZNL
ibm,2271,3,0093-EXYQL
ibm,2278,3,0015-UOCOJ
ibm,2290,3,7470-MCQTK
ibm,2292,3,7401-JIXNM
ibm,2293,3,9339-FIIJL
ibm,2303,3,7377-DMMRI
ibm,2313,3,9154-QDGTH
ibm,2318,3,6463-HHXJR
ibm,2321,3,9776-OJUZI
ibm,2330,3,1104-FEJAM
ibm,2332,3,5499-ECUTN
ibm,2333,3,4981-FLTMF
ibm,2336,3,3211-ILJTT
ibm,2339,3,4094-NSEDU
ibm,2341,3,4304-TSPVK
ibm,2349,3,9548-ZMVTX
ibm,2356,3,3450-WXOAT
ibm,2357,3,9251-WNSOD
ibm,2363,3,4373-VVHQL
ibm,2364,3,4559-UWIHT
ibm,2365,3,7268-IGMFD
ibm,2372,3,0730-BGQGF
ibm,2375,3,0013-SMEOE
ibm,2391,3,7318-EIVKO
ibm,2421,3,3893-JRNFS
ibm,2422,3,9603-OAIHC
ibm,2431,3,8263-JQAIK
ibm,2432,3,0023-UYUPN
ibm,2438,3,7089-IVVAZ
ibm,2444,3,1254-IZEYF
ibm,2446,3,9492-TOKRI
ibm,2450,3,7602-MVRMB
ibm,2451,3,3325-FUYCG
ibm,2452,3,5908-QMGOE
ibm,2455,3,8481-YYXWG
ibm,2459,3,7140-ADSMJ
ibm,2466,3,7717-BICXI
ibm,2468,3,2636-OHFMN
ibm,2491,3,1552-TKMXS
ibm,2492,3,9206-GVPEQ
ibm,2494,3,1596-BBVTG
ibm,2512,3,5829-NVSQN
ibm,2513,3,9565-AXSMR
ibm,2521,3,5373-SFODM
ibm,2524,3,0784-ZQJZX
ibm,2537,3,8670-ERCJH
ibm,2543,3,0952-KMEEH
ibm,2545,3,0654-PQKDW
ibm,2570,3,9600-UDOPK
ibm,2571,3,8216-AZUUZ
ibm,2577,3,4910-GMJOT
ibm,2582,3,7145-FEJWU
ibm,2583,3,6463-MVYRY
ibm,2585,3,9624-EGDEQ
ibm,2586,3,1051-EQPZR
ibm,2587,3,5849-ASHZJ
ibm,2596,3,5837-LXSDN
ibm,2606,3,1550-EENBN
ibm,2610,3,5202-IVJNU
ibm,2621,3,8766-PAFNE
ibm,2622,3,5315-CKEQK
ibm,2627,3,4213-HKBJO
ibm,2638,3,6769-DCQLI
ibm,2640,3,4391-LNRXK
ibm,2641,3,8250-ZNGGW
ibm,2644,3,2011-TRQYE
ibm,2655,3,9565-DJPIB
ibm,2659,3,3166-PNEOF
ibm,2665,3,8166-ORCHU
ibm,2668,3,6849-WLEYG
ibm,2670,3,4531-AUZNK
ibm,2675,3,4878-BUNFV
ibm,2678,3,7026-YMSBE
ibm,2685,3,5781-BKHOP
ibm,2691,3,7629-WIXZF
ibm,2692,3,5445-GLVOT
ibm,2696,3,5472-CVMDX
ibm,2697,3,6461-SZMCV
ibm,2719,3,4295-YURET
ibm,2725,3,4236-UJPWO
ibm,2738,3,2351-BKRZW
ibm,2740,3,0415-MOSGF
ibm,2746,3,5480-XTFFL
ibm,2747,3,8295-FHIVV
ibm,2749,3,9086-YJYXS
ibm,2757,3,0197-PNKNK
ibm,2758,3,2439-QKJUL
ibm,2762,3,8929-KSWIH
ibm,2770,3,6100-QQHEB
ibm,2772,3,3470-OBUET
ibm,2774,3,9375-MHRRS
ibm,2781,3,5533-NHFRF
ibm,2793,3,3904-UKFRE
ibm,2798,3,7209-JCUDS
ibm,2799,3,7009-PCARS
ibm,2808,3,6645-MXQJT
ibm,2817,3,0936-NQLJU
ibm,2822,3,9170-GYZJC
ibm,2824,3,8857-CUPFQ
ibm,2832,3,0635-WKOLD
ibm,2842,3,1215-VFYVK
ibm,2844,3,2265-CYWIV
ibm,2853,3,0233-FTHAV
ibm,2854,3,4644-PIZRT
ibm,2855,3,8922-NPKBJ
ibm,2859,3,6963-EZQEE
ibm,2865,3,3617-XLSGQ
ibm,2882,3,6652-YFFJO
ibm,2905,3,4692-NNQRU
ibm,2913,3,6203-HBZPA
ibm,2914,3,0484-FFVBJ
ibm,2915,3,0301-FIDRB
ibm,2922,3,3348-CFRNX
ibm,2923,3,4402-FTBXC
ibm,2929,3,2606-PKWJB
ibm,2931,3,8059-UDZFY
ibm,2937,3,5312-IRCFR
ibm,2938,3,5294-IMHHT
ibm,2941,3,6176-YJWAS
ibm,2945,3,3987-KQDDU
ibm,2946,3,3404-JNXAX
ibm,2950,3,3345-JHUEO
ibm,2951,3,5815-HGGHV
ibm,2961,3,6898-MDLZW
ibm,2964,3,9357-UJRUN
ibm,2979,3,8996-ZROXE
ibm,2980,3,5598-IKHQQ
ibm,2993,3,2239-CFOUJ
ibm,2994,3,8046-DNVTL
ibm,2997,3,1891-FZYSA
ibm,3005,3,0516-QREYC
ibm,3006,3,9685-WKZGT
ibm,3015,3,1498-NHTLT
ibm,3019,3,6214-EDAKZ
ibm,3024,3,8735-NBLWT
ibm,3026,3,6127-ISGTU
ibm,3030,3,1761-AEZZR
ibm,3040,3,7317-GGVPB
ibm,3053,3,0960-HUWBM
ibm,3055,3,0617-FHSGK
ibm,3065,3,5133-POWUA
ibm,3072,3,9500-IWPXQ
ibm,3080,3,1777-JYQPJ
ibm,3096,3,3911-RSNHI
ibm,3112,3,8809-XKHMD
ibm,3117,3,9844-FELAJ
ibm,3121,3,8679-JOEVF
ibm,3141,3,5649-ANRML
ibm,3142,3,4892-VLANZ
ibm,3144,3,7968-QUXNS
ibm,3145,3,2919-HBCJO
ibm,3147,3,8903-WMRNW
ibm,3157,3,3030-YZADT
ibm,3160,3,2253-KPMNB
ibm,3161,3,1345-ZUKID
ibm,3167,3,5148-ORICT
ibm,3170,3,7272-QDCKA
ibm,3172,3,8393-DLHGA
ibm,3178,3,2834-SPCJV
ibm,3193,3,1407-DIGZV
ibm,3194,3,6397-JNZZG
ibm,3221,3,5960-MVTUK
ibm,3224,3,4013-UBXWQ
ibm,3231,3,9938-EKRGF
ibm,3240,3,8849-GYOKR
ibm,3250,3,6924-TDGMT
ibm,3252,3,1536-YHDOE
ibm,3255,3,4827-LTQRJ
ibm,3259,3,9620-ENEJV
ibm,3261,3,2378-YIZKA
ibm,3270,3,4132-KALRO
ibm,3272,3,6772-KSATR
ibm,3282,3,0330-BGYZE
ibm,3289,3,9626-VFRGG
ibm,3293,3,2041-JIJCI
ibm,3299,3,4282-MSACW
ibm,3338,3,1513-XNPPH
ibm,3339,3,8690-ZVLCL
ibm,3359,3,3623-FQBOX
ibm,3364,3,5519-YLDGW
ibm,3366,3,1855-AGAWH
ibm,3371,3,4946-EDSEW
ibm,3378,3,5766-FTRTS
ibm,3381,3,8879-ZKJOF
ibm,3383,3,8185-UPYBR
ibm,3393,3,4683-WYDOU
ibm,3404,3,6693-DJWTY
ibm,3411,3,7056-IMHCC
ibm,3414,3,4837-PZTIC
ibm,3415,3,1625-JAIIY
ibm,3419,3,1063-DHQJF
ibm,3426,3,4510-HIMLV
ibm,3439,3,0917-EZOLA
ibm,3441,3,4086-ATNFV
ibm,3454,3,6773-LQTVT
ibm,3460,3,2669-OIDSD
ibm,3463,3,9576-SYUHJ
ibm,3467,3,8414-MYSHR
ibm,3469,3,9402-ORRAH
ibm,3476,3,3756-VNWDH
ibm,3477,3,7801-KICAO
ibm,3482,3,2828-SLQPF
ibm,3485,3,6221-AVQYL
ibm,3486,3,2558-BUOZZ
ibm,3495,3,4988-IQIGL
ibm,3498,3,7730-IUTDZ
ibm,3514,3,6993-YCOBK
ibm,3518,3,8393-JMVMB
ibm,3533,3,4318-RAJVY
ibm,3542,3,1301-LOPVR
ibm,3546,3,8200-LGKSR
ibm,3549,3,6897-RWMUB
ibm,3553,3,6134-KWTBV
ibm,3556,3,0895-LNKRC
ibm,3559,3,5171-EPLKN
ibm,3560,3,4452-QIIEB
ibm,3563,3,6741-EGCBI
ibm,3568,3,2227-JRSJX
ibm,3574,3,4634-JLRJT
ibm,3577,3,7541-YLXCL
ibm,3587,3,6210-KBBPI
ibm,3596,3,3656-TKRVZ
ibm,3601,3,1552-CZCLL
ibm,3607,3,9987-LUTYD
ibm,3611,3,5693-PIPCS
ibm,3622,3,3569-JFODW
ibm,3626,3,0396-UKGAI
ibm,3632,3,2203-GHNWN
ibm,3634,3,3258-SYSWS
ibm,3637,3,4083-EUGRJ
ibm,3640,3,1771-OADNZ
ibm,3643,3,9451-WLYRI
ibm,3645,3,1991-VOPLL
ibm,3663,3,4633-MKHYU
ibm,3676,3,2364-UFROM
ibm,3684,3,2842-BCQGE
ibm,3690,3,6038-GCYEC
ibm,3691,3,2150-WLKUW
ibm,3694,3,1150-WFARN
ibm,3701,3,3812-LRZIR
ibm,3703,3,9483-GCPWE
ibm,3709,3,2103-ZRXFN
ibm,3717,3,0655-YDGFJ
ibm,3718,3,8468-EHYJA
ibm,3722,3,8328-SKJNO
ibm,3744,3,9040-KZVWO
ibm,3745,3,2645-QTLMB
ibm,3746,3,4806-HIPDW
ibm,3748,3,6339-RZCBJ
ibm,3753,3,1816-FLZDK
ibm,3759,3,7479-NITWS
ibm,3760,3,8617-ENBDS
ibm,3762,3,0430-IHCDJ
ibm,3773,3,8260-NGFNY
ibm,3778,3,9631-XEYKE
ibm,3779,3,8631-NBHFZ
ibm,3792,3,6712-OAWRH
ibm,3797,3,7868-BGSZA
ibm,3815,3,9306-CPCBC
ibm,3839,3,8387-UGUSU
ibm,3840,3,1080-BWSYE
ibm,3845,3,0004-TLHLJ
ibm,3847,3,8439-LTUGF
ibm,3849,3,5089-IFSDP
ibm,3850,3,6418-HNFED
ibm,3856,3,6710-HSJRD
ibm,3863,3,0365-BZUWY
ibm,3865,3,5701-SVCWR
ibm,3866,3,3129-AAQOU
ibm,3872,3,2018-PZKMU
ibm,3873,3,7340-KEFQE
ibm,3895,3,4979-HPRFL
ibm,3902,3,5999-LCXAO
ibm,3903,3,5206-XZZQI
ibm,3908,3,8261-GWDBQ
ibm,3911,3,0991-BRRFB
ibm,3919,3,9025-AOMKI
ibm,3921,3,7964-YESJC
ibm,3925,3,9938-ZREHM
ibm,3926,3,7950-XWOVN
ibm,3933,3,5396-IZEPB
ibm,3938,3,6629-LADHQ
ibm,3962,3,8972-HJWNV
ibm,3966,3,8915-NNTRC
ibm,3974,3,9592-ERDKV
ibm,3976,3,5261-QSHQM
ibm,3977,3,4778-IZARL
ibm,3982,3,9365-CSLBQ
ibm,3985,3,7130-CTCUS
ibm,3991,3,1731-TVIUK
ibm,3992,3,2987-BJXIK
ibm,3995,3,0618-XWMSS
ibm,4008,3,0743-HRVFF
ibm,4010,3,3727-JEZTU
ibm,4013,3,9667-TKTVZ
ibm,4014,3,3657-COGMW
ibm,4036,3,4054-CUMIA
ibm,4047,3,2434-EEVDB
ibm,4051,3,8152-VETUR
ibm,4052,3,9667-EQRXU
ibm,4054,3,9522-BNTHX
ibm,4059,3,3415-TAILE
ibm,4076,3,1325-USMEC
ibm,4079,3,5606-AMZBO
ibm,4097,3,9974-JFBHQ
ibm,4102,3,1919-RTPQD
ibm,4104,3,3345-PBBFH
ibm,4106,3,9189-JWSHV
ibm,4115,3,7247-XOZPB
ibm,4120,3,9138-EFSMO
ibm,4131,3,2876-VBBBL
ibm,4133,3,2208-UGTGR
ibm,4158,3,8874-EJNSR
ibm,4172,3,1905-OEILC
ibm,4177,3,3470-BTGQO
ibm,4180,3,5482-PLVPE
ibm,4192,3,7137-NAXML
ibm,4195,3,1768-HNVGJ
ibm,4197,3,5934-RMPOV
ibm,4208,3,9955-QOPOY
ibm,4209,3,4385-ZKVNW
ibm,4212,3,5797-APWZC
ibm,4213,3,3683-QKIUE
ibm,4228,3,6416-TVAIH
ibm,4230,3,5108-ADXWO
ibm,4231,3,7998-WNZEM
ibm,4232,3,3066-RRJIO
ibm,4234,3,0307-BCOPK
ibm,4245,3,9625-RZFUK
ibm,4269,3,9170-CCKOU
ibm,4299,3,2186-QZEYA
ibm,4302,3,9134-WYRVP
ibm,4305,3,0559-CKHUS
ibm,4308,3,7504-UWHNB
ibm,4320,3,5324-KTGCG
ibm,4322,3,7394-LWLYN
ibm,4331,3,5743-KHMNA
ibm,4335,3,9208-OLGAQ
ibm,4360,3,2675-OTVVJ
ibm,4364,3,6741-QRLUP
ibm,4367,3,3340-QBBFM
ibm,4368,3,1704-NRWYE
ibm,4369,3,2592-SEIFQ
ibm,4384,3,8642-GVWRF
ibm,4387,3,5868-YTYKS
ibm,4389,3,1482-OXZSY
ibm,4391,3,5778-BVOFB
ibm,4402,3,9039-RBEEE
ibm,4414,3,5372-FBKBN
ibm,4416,3,6217-TOWGS
ibm,4418,3,0378-XSZPU
ibm,4421,3,4636-JGAAI
ibm,4426,3,8652-YHIYU
ibm,4434,3,0577-WHMEV
ibm,4438,3,2263-SFSQZ
ibm,4453,3,1455-UGQVH
ibm,4457,3,7611-YKYTC
ibm,4462,3,6087-MVHJH
ibm,4468,3,7083-YNSKY
ibm,4470,3,8242-JSVBO
ibm,4477,3,6937-GCDGQ
ibm,4486,3,7251-XFOIL
ibm,4490,3,0442-ZXKVS
ibm,4493,3,8606-OEGQZ
ibm,4496,3,9489-JMTTN
ibm,4498,3,0967-BMLBD
ibm,4501,3,5006-MXVRN
ibm,4510,3,6368-NWMCE
ibm,4514,3,3956-MGXOG
ibm,4515,3,9274-UARKJ
ibm,4522,3,7305-ZWMAJ
ibm,4528,3,9688-YGXVR
ibm,4531,3,4910-AQFFX
ibm,4538,3,0378-TOVMS
ibm,4543,3,7216-KAOID
ibm,4546,3,5520-FVEWJ
ibm,4547,3,5339-TJFEK
ibm,4558,3,8063-GBATB
ibm,4561,3,9415-TPKRV
ibm,4563,3,4547-KQRTM
ibm,4584,3,7524-VRLPL
ibm,4586,3,7569-NMZYQ
ibm,4590,3,4884-TVUQF
ibm,4592,3,1897-RCFUM
ibm,4602,3,1240-HCBOH
ibm,4609,3,2519-TWKFS
ibm,4615,3,9499-XPZXM
ibm,4616,3,4338-EYCER
ibm,4621,3,0311-QYWSS
ibm,4625,3,4480-QQRHC
ibm,4627,3,3680-CTHUH
ibm,4641,3,9895-VFOXH
ibm,4649,3,5172-RKOCB
ibm,4650,3,6509-TSGWN
ibm,4653,3,2091-MJTFX
ibm,4664,3,7571-YXDAD
ibm,4692,3,0265-PSUAE
ibm,4702,3,6008-NAIXK
ibm,4708,3,5181-OABFK
ibm,4710,3,7816-VGHTO
ibm,4715,3,7508-DQAKK
ibm,4717,3,9356-AXGMP
ibm,4720,3,8979-CAMGB
ibm,4735,3,0723-FDLAY
ibm,4748,3,3125-RAHBV
ibm,4750,3,0373-AIVNJ
ibm,4752,3,1682-VCOIO
ibm,4762,3,7594-LZNWR
ibm,4768,3,3996-ZNWYK
ibm,4771,3,1678-FYZOW
ibm,4778,3,7608-RGIRO
ibm,4784,3,1622-HSHSF
ibm,4786,3,6749-UTDVX
ibm,4790,3,5216-WASFJ
ibm,4812,3,5174-RNGBH
ibm,4816,3,5906-DVAPM
ibm,4822,3,2664-XJZNO
ibm,4824,3,3339-EAQNV
ibm,4830,3,0536-ESJEP
ibm,4840,3,5730-RIITO
ibm,4844,3,5177-RVZNU
ibm,4854,3,1337-BOZWO
ibm,4869,3,1384-RCUXW
ibm,4874,3,1193-RTSLK
ibm,4878,3,7869-ZYDST
ibm,4886,3,2673-ZALNP
ibm,4889,3,9746-MDMBK
ibm,4891,3,8404-GFGCZ
ibm,4892,3,8875-AKBYH
ibm,4894,3,0533-UCAAU
ibm,4912,3,5281-BUZGT
ibm,4919,3,8242-PDSGJ
ibm,4923,3,6075-QMNRR
ibm,4928,3,2718-GAXQD
ibm,4935,3,4584-LBNMK
ibm,4943,3,4973-MGTON
ibm,4948,3,3446-QDSZF
ibm,4951,3,5117-IFGPS
ibm,4962,3,7088-FBAWU
ibm,4967,3,4398-HSCJH
ibm,4969,3,2303-PJYHN
ibm,4971,3,1237-WIYYZ
ibm,4984,3,5236-XMZJY
ibm,4988,3,1439-LCGVL
ibm,4990,3,4647-XXZAM
ibm,4995,3,7912-SYRQT
ibm,4998,3,8920-NAVAY
ibm,5002,3,0567-XRHCU
ibm,5003,3,1867-BDVFH
ibm,5013,3,1261-FWTTE
ibm,5018,3,6928-ONTRW
ibm,5031,3,8118-TJAFG
ibm,5034,3,9758-MFWGD
ibm,5037,3,8943-URTMR
ibm,5043,3,4325-NFSKC
ibm,5054,3,6094-ZIVKX
ibm,5057,3,7354-OIJLX
ibm,5064,3,5673-TIYIB
ibm,5072,3,5995-SNNEW
ibm,5075,3,4879-GZLFH
ibm,5078,3,9402-ROUMJ
ibm,5087,3,8739-QOTTN
ibm,5089,3,0277-BKSQP
ibm,5098,3,8258-GSTJK
ibm,5117,3,5317-FLPJF
ibm,5123,3,8020-BWHYL
ibm,5126,3,4188-FRABG
ibm,5137,3,8016-NCFVO
ibm,5162,3,4801-KFYKL
ibm,5176,3,0128-MKWSG
ibm,5180,3,0361-HJRDX
ibm,5182,3,3823-KYNQY
ibm,5192,3,3507-GASNP
ibm,5208,3,6502-KUGLL
ibm,5215,3,7845-URHJN
ibm,5216,3,3034-ZBEQN
ibm,5218,3,2923-ARZLG
ibm,5219,3,3976-NLDEZ
ibm,5238,3,7841-FCRQD
ibm,5242,3,5366-IJEQJ
ibm,5244,3,6233-HXJMX
ibm,5245,3,5902-WBLSE
ibm,5247,3,4971-PUYQO
ibm,5255,3,8486-AYEQH
ibm,5262,3,4560-WQAQW
ibm,5264,3,9309-BZGNT
ibm,5266,3,2027-DNKIV
ibm,5272,3,8780-IXSTS
ibm,5277,3,0345-HKJVM
ibm,5280,3,6574-MCOEH
ibm,5281,3,7399-QHBJS
ibm,5283,3,0997-YTLNY
ibm,5296,3,8745-PVESG
ibm,5300,3,8821-XNHVZ
ibm,5315,3,2082-CEFLT
ibm,5324,3,7901-IIDQV
ibm,5328,3,0334-ZFJSR
ibm,5336,3,9441-QHEVC
ibm,5348,3,9495-REDIY
ibm,5350,3,1172-VIYBP
ibm,5353,3,8992-OBVDG
ibm,5366,3,8232-CTLKO
ibm,5370,3,0112-QAWRZ
ibm,5373,3,4043-MKDTV
ibm,5375,3,9637-EIHEQ
ibm,5383,3,2362-IBOOY
ibm,5387,3,8676-OOQEJ
ibm,5391,3,8124-NZVGJ
ibm,5398,3,3936-QQFLL
ibm,5399,3,2589-AYCRP
ibm,5400,3,4067-HLYQI
ibm,5407,3,9786-YWNHU
ibm,5408,3,6407-GSJNL
ibm,5413,3,6833-JMZYP
ibm,5415,3,1310-QRITU
ibm,5425,3,4998-IKFSE
ibm,5429,3,9488-FVZCC
ibm,5430,3,6331-LWDTQ
ibm,5445,3,1832-PEUTS
ibm,5458,3,2207-OBZNX
ibm,5463,3,6142-VSJQO
ibm,5466,3,0221-NAUXK
ibm,5480,3,2275-RBYQS
ibm,5487,3,5519-TEEUH
ibm,5490,3,2676-OXPPQ
ibm,5494,3,8837-VVWLQ
ibm,5509,3,1809-DMJHQ
ibm,5531,3,2137-DQMEV
ibm,5542,3,2990-OGYTD
ibm,5544,3,9572-MTILT
ibm,5580,3,8859-YSTWS
ibm,5584,3,6330-JKLPC
ibm,5593,3,4508-OEBEY
ibm,5598,3,6051-PTVNS
ibm,5608,3,9705-ZJBCG
ibm,5613,3,3913-FCUUW
ibm,5615,3,1493-AMTIE
ibm,5620,3,5286-YHCVC
ibm,5621,3,6424-ELEYH
ibm,5630,3,9801-GDWGV
ibm,5634,3,2320-JRSDE
ibm,5643,3,0231-LXVAP
ibm,5646,3,5510-BOIUJ
ibm,5657,3,3096-GKWEB
ibm,5661,3,4396-KLSEH
ibm,5664,3,0875-CABNR
ibm,5674,3,3566-CAAYU
ibm,5684,3,0193-ESZXP
ibm,5687,3,9386-LDCZR
ibm,5691,3,5619-XZZKR
ibm,5696,3,0156-FVPTA
ibm,5703,3,0795-XCCTE
ibm,5705,3,3785-NRHYR
ibm,5709,3,5602-BVFMK
ibm,5710,3,6297-NOOPG
ibm,5713,3,8050-DVOJX
ibm,5719,3,1089-XZWHH
ibm,5721,3,6064-ZATLR
ibm,5722,3,3096-JRDSO
ibm,5736,3,8749-CLJXC
ibm,5739,3,4199-QHJNM
ibm,5745,3,3580-GICBM
ibm,5747,3,9730-DRTMJ
ibm,5754,3,1431-CYWMH
ibm,5764,3,0716-BQNDX
ibm,5777,3,6087-YPWHO
ibm,5780,3,1722-LDZJS
ibm,5787,3,6711-VTNRE
ibm,5797,3,1169-WCVAK
ibm,5802,3,3570-YUEKJ
ibm,5805,3,1697-NVVGY
ibm,5807,3,8464-EETCQ
ibm,5808,3,2419-FSORS
ibm,5811,3,6754-LZUKA
ibm,5815,3,2642-DTVCO
ibm,5816,3,0374-IOEGQ
ibm,5822,3,9112-WSNPU
ibm,5825,3,1363-TXLSL
ibm,5828,3,0402-OAMEN
ibm,5833,3,4976-LNFVV
ibm,5851,3,4118-CEVPF
ibm,5855,3,2338-BQEZT
ibm,5856,3,9873-MNDKV
ibm,5865,3,2621-UDNLU
ibm,5866,3,7526-IVLYU
ibm,5874,3,2968-SSGAA
ibm,5875,3,2296-DKZFP
ibm,5880,3,3538-WZPHD
ibm,5881,3,3229-USWAR
ibm,5900,3,0117-LFRMW
ibm,5904,3,9402-CXWPL
ibm,5910,3,0856-NAOES
ibm,5914,3,3099-OONVS
ibm,5922,3,5965-GGPRW
ibm,5923,3,8035-PWSEV
ibm,5925,3,1840-BIUOG
ibm,5932,3,4192-GORJT
ibm,5939,3,4712-AUQZO
ibm,5940,3,9711-FJTBX
ibm,5942,3,7240-ETPTR
ibm,5944,3,5995-OIGLP
ibm,5956,3,3640-PHQXK
ibm,5958,3,6859-RKMZJ
ibm,5968,3,9033-EOXWV
ibm,5978,3,0239-OXEXL
ibm,5979,3,2675-IJRGJ
ibm,5984,3,9185-TQCVP
ibm,5996,3,5656-JAMLX
ibm,5997,3,3462-BJQQA
ibm,6006,3,1360-RCYRT
ibm,6008,3,4451-RWASJ
ibm,6015,3,2325-NBPZG
ibm,6017,3,4482-FTFFX
ibm,6018,3,8859-DZTGQ
ibm,6022,3,5025-GOOKI
ibm,6026,3,4770-QAZXN
ibm,6027,3,4896-CPRPF
ibm,6031,3,0282-NVSJS
ibm,6034,3,7353-YOWFP
ibm,6041,3,3363-EWLGO
ibm,6046,3,2959-FENLU
ibm,6050,3,0487-RPVUM
ibm,6076,3,2580-ATZSQ
ibm,6078,3,9691-HKOVS
ibm,6083,3,1468-DEFNC
ibm,6085,3,8364-TRMMK
ibm,6098,3,4700-UBQMV
ibm,6110,3,5438-QMDDL
ibm,6116,3,7445-WMRBW
ibm,6124,3,7153-CHRBV
ibm,6127,3,6198-PNNSZ
ibm,6128,3,3317-VLGQT
ibm,6133,3,9638-JIQYA
ibm,6136,3,3190-ITQXP
ibm,6140,3,0178-CIIKR
ibm,6145,3,5010-IPEAQ
ibm,6148,3,8990-YOZLV
ibm,6167,3,3154-CFSZG
ibm,6170,3,2220-IAHLS
ibm,6173,3,2378-HTWFW
ibm,6176,3,0475-RIJEP
ibm,6177,3,1260-TTRXI
ibm,6185,3,8033-VCZGH
ibm,6190,3,2867-UIMSS
ibm,6212,3,6537-OTKMY
ibm,6217,3,1599-MMYRQ
ibm,6233,3,6394-HHHZM
ibm,6235,3,5180-UCIIQ
ibm,6246,3,7054-DMVAS
ibm,6250,3,3705-RHRFR
ibm,6255,3,4476-OSWTN
ibm,6260,3,0458-HEUZG
ibm,6280,3,0489-WMEMG
ibm,6286,3,2717-HVIZY
ibm,6299,3,9541-PWTWO
ibm,6308,3,5442-BHQNG
ibm,6333,3,8651-ENBZX
ibm,6356,3,3587-PMCOY
ibm,6362,3,6856-RAURS
ibm,6367,3,0848-SOMKO
ibm,6374,3,1293-BSEUN
ibm,6378,3,0637-UBJRP
ibm,6391,3,4000-VGMQP
ibm,6399,3,2101-RANCD
ibm,6412,3,6519-ZHPXP
ibm,6415,3,8224-UAXBZ
ibm,6416,3,9610-WCESF
ibm,6421,3,2999-AANRQ
ibm,6425,3,9746-YKGXB
ibm,6428,3,2079-FBMZK
ibm,6429,3,6332-FBZRI
ibm,6437,3,2995-YWTCD
ibm,6447,3,8782-NUUOL
ibm,6450,3,4609-KNNWG
ibm,6451,3,4868-AADLV
ibm,6457,3,2233-TXSIU
ibm,6469,3,7945-PRBVF
ibm,6470,3,4544-RXFMG
ibm,6474,3,7196-LIWRH
ibm,6478,3,9330-VOFSZ
ibm,6479,3,4351-QLCSU
ibm,6482,3,5419-JPRRN
ibm,6489,3,9318-NKNFC
ibm,6498,3,0742-NXBGR
ibm,6501,3,4753-PADAS
ibm,6521,3,1092-WPIVQ
ibm,6530,3,0230-UBYPQ
ibm,6531,3,4923-ADWXJ
ibm,6544,3,6661-HBGWL
ibm,6555,3,8969-PRHFK
ibm,6560,3,9801-NOSHQ
ibm,6563,3,6906-ANDWJ
ibm,6565,3,1548-FEHVL
ibm,6577,3,6953-PBDIN
ibm,6580,3,7696-AMHOD
ibm,6601,3,4909-JOUPP
ibm,6604,3,7729-JTEEC
ibm,6612,3,1062-LHZOD
ibm,6614,3,4086-WITJG
ibm,6619,3,2791-SFVEW
ibm,6622,3,4662-EKDPQ
ibm,6632,3,9259-PACGQ
ibm,6637,3,1122-YJBCS
ibm,6654,3,1925-TIBLE
ibm,6662,3,6810-VCAEX
ibm,6665,3,1395-OFUWC
ibm,6667,3,0872-NXJYS
ibm,6671,3,5090-EMGTC
ibm,6675,3,4186-ZBUEW
ibm,6686,3,4670-TABXH
ibm,6695,3,6253-GNHWH
ibm,6696,3,4566-NECEV
ibm,6703,3,2737-WFVYW
ibm,6704,3,9912-OMZDS
ibm,6705,3,3733-ZEECP
ibm,6718,3,8676-TRMJS
ibm,6724,3,7359-SSBJK
ibm,6730,3,1272-ILHFG
ibm,6744,3,6500-JVEGC
ibm,6746,3,8976-OQHGT
ibm,6749,3,8469-SNFFH
ibm,6758,3,7956-XQWGU
ibm,6770,3,3855-ONCAR
ibm,6778,3,5893-KCLGT
ibm,6782,3,1596-OQSPS
ibm,6795,3,3541-ZNUHK
ibm,6801,3,6668-CNMFP
ibm,6808,3,1116-DXXDF
ibm,6812,3,6563-VNPMN
ibm,6813,3,0617-AQNWT
ibm,6814,3,2267-WTPYD
ibm,6827,3,1036-GUDCL
ibm,6836,3,5868-YWPDW
ibm,6838,3,2025-JKFWI
ibm,6842,3,5546-QUERU
ibm,6856,3,4534-WGCIR
ibm,6866,3,0295-PPHDO
ibm,6867,3,5146-YYFRZ
ibm,6870,3,3452-SRFEG
ibm,6872,3,5297-MDOIR
ibm,6873,3,6369-MCAKO
ibm,6877,3,4501-EQDRN
ibm,6885,3,7603-USHJS
ibm,6889,3,7952-OBOYL
ibm,6891,3,7853-OETYL
ibm,6898,3,1956-YIFGE
ibm,6905,3,4459-BBGHE
ibm,6915,3,1304-SEGFY
ibm,6927,3,4710-NKCAW
ibm,6936,3,7693-LCKZL
ibm,6939,3,2758-RNWXS
ibm,6943,3,0032-PGELS
ibm,6965,3,7789-CRUVC
ibm,6967,3,8739-WWKDU
ibm,6969,3,4745-LSPLO
ibm,6972,3,6664-FPDAC
ibm,6982,3,8468-FZTOE
ibm,6983,3,6633-SYEUS
ibm,6986,3,3976-BWUCK
ibm,6992,3,0218-QNVAS
ibm,6994,3,0804-YGEQV
ibm,6999,3,2108-XWMPY
ibm,7001,3,6304-IJFSQ
ibm,7008,3,1980-KXVPM
ibm,7015,3,0666-UXTJO
ibm,7032,3,6894-LFHLY
ibm,7034,3,0639-TSIQW
ibm,6,4,1452-KIOVK
ibm,7,4,6713-OKOMC
ibm,10,4,9763-GRSKD
ibm,14,4,5129-JLPIS
ibm,16,4,8191-XWSZG
ibm,18,4,4190-MFLUW
ibm,22,4,1066-JKSGK
ibm,56,4,8769-KKTPH
ibm,59,4,5954-BDFSG
ibm,63,4,0557-ASKVU
ibm,73,4,8028-PNXHQ
ibm,80,4,5919-TMRGD
ibm,83,4,9919-YLNNG
ibm,87,4,1862-QRWPE
ibm,89,4,3016-KSVCP
ibm,92,4,7233-PAHHL
ibm,105,4,6180-YBIQI
ibm,125,4,4622-YNKIJ
ibm,134,4,2372-HWUHI
ibm,136,4,7850-VWJUU
ibm,143,4,2636-SJDOU
ibm,153,4,9073-ZZIAY
ibm,159,4,7554-NEWDD
ibm,160,4,8992-VONJD
ibm,161,4,0867-MKZVY
ibm,170,4,7654-YWJUF
ibm,172,4,6727-IOTLZ
ibm,180,4,6317-YPKDH
ibm,181,4,6582-OIVSP
ibm,189,4,8017-UVSZU
ibm,196,4,9178-JHUVJ
ibm,199,4,3645-DEYGF
ibm,204,4,9142-KZXOP
ibm,206,4,6348-SNFUS
ibm,208,4,7825-ECJRF
ibm,209,4,1347-KTTTA
ibm,215,4,0699-NDKJM
ibm,219,4,6496-JDSSB
ibm,220,4,9408-SSNVZ
ibm,226,4,6341-JVQGF
ibm,245,4,0221-WMXNQ
ibm,263,4,7605-BDWDC
ibm,266,4,6292-TOSSS
ibm,274,4,5940-AHUHD
ibm,288,4,3488-PGMQJ
ibm,290,4,7534-BFESC
ibm,299,4,6390-DSAZX
ibm,305,4,1248-DYXUB
ibm,318,4,2840-XANRC
ibm,332,4,2379-GYFLQ
ibm,346,4,2034-GDRCN
ibm,355,4,4572-DVCGN
ibm,357,4,8984-EYLLL
ibm,371,4,0259-GBZSH
ibm,375,4,7156-MXBJE
ibm,379,4,5686-CMAWK
ibm,383,4,5167-ZFFMM
ibm,389,4,5522-JBWMO
ibm,400,4,2277-AXSDC
ibm,402,4,0979-PHULV
ibm,411,4,4163-NCJAK
ibm,417,4,5249-QYHEX
ibm,424,4,8111-BKVDS
ibm,433,4,2957-LOLHO
ibm,439,4,3577-AMVUX
ibm,445,4,7752-XUSCI
ibm,451,4,5760-WRAHC
ibm,453,4,0256-LTHVJ
ibm,455,4,8313-NDOIA
ibm,459,4,1452-VOQCH
ibm,461,4,6614-VBEGU
ibm,474,4,9399-APLBT
ibm,476,4,3780-DDGSE
ibm,478,4,0306-JAELE
ibm,497,4,0505-SPOOW
ibm,498,4,6235-VDHOM
ibm,500,4,4374-YMUSQ
ibm,502,4,3957-HHLMR
ibm,512,4,5956-VKDTT
ibm,517,4,6705-LXORM
ibm,520,4,5174-ITUMV
ibm,521,4,4109-CYRBD
ibm,529,4,0356-OBMAC
ibm,537,4,5844-QVTAT
ibm,540,4,6859-QNXIQ
ibm,546,4,6986-IJDHX
ibm,547,4,2560-PPCHE
ibm,565,4,5846-NEQVZ
ibm,566,4,6967-QIQRV
ibm,567,4,5781-RFZRP
ibm,588,4,0742-LAFQK
ibm,604,4,2731-GJRDG
ibm,605,4,4723-BEGSG
ibm,606,4,6516-NKQBO
ibm,614,4,7138-GIRSH
ibm,616,4,6464-KEXXH
ibm,645,4,1626-ERCMM
ibm,647,4,2391-IPLOP
ibm,654,4,4160-AMJTL
ibm,664,4,8755-OGKNA
ibm,672,4,3276-HDUEG
ibm,673,4,9092-GDZKO
ibm,681,4,7501-IWUNG
ibm,702,4,1766-GKNMI
ibm,709,4,3347-YJZZE
ibm,710,4,1029-QFBEN
ibm,729,4,2753-JMMCV
ibm,736,4,6647-ZEDXT
ibm,745,4,2499-AJYUA
ibm,749,4,8405-IGQFX
ibm,759,4,5684-FJVYR
ibm,766,4,5175-WLYXL
ibm,777,4,7314-OXENN
ibm,781,4,7521-AFHAB
ibm,782,4,0285-INHLN
ibm,789,4,0229-LFJAF
ibm,795,4,5173-WXOQV
ibm,798,4,3807-XHCJH
ibm,807,4,2798-NYLMZ
ibm,815,4,3196-NVXLZ
ibm,819,4,4178-EGMON
ibm,826,4,3643-AHCFP
ibm,828,4,3104-OWCGK
ibm,830,4,9101-BWFSS
ibm,834,4,9231-ZJYAM
ibm,835,4,4250-WAROZ
ibm,850,4,6007-TCTST
ibm,859,4,5275-PMFUT
ibm,860,4,4795-UXVCJ
ibm,861,4,9777-IQHWP
ibm,865,4,3671-SHRSP
ibm,868,4,3313-QKNKB
ibm,870,4,1937-OTUKY
ibm,872,4,1764-VUUMT
ibm,878,4,7945-HLKEA
ibm,886,4,2123-AGEEN
ibm,895,4,0730-KOAVE
ibm,898,4,4315-MURBD
ibm,899,4,2267-FPIMA
ibm,913,4,5993-BQHEA
ibm,916,4,3956-CJUST
ibm,928,4,0862-PRCBS
ibm,930,4,5146-CBVOE
ibm,932,4,5787-KXGIY
ibm,935,4,6630-UJZMY
ibm,951,4,8584-KMVXD
ibm,953,4,0851-DFJKB
ibm,962,4,9489-UTFKA
ibm,964,4,9117-SHLZX
ibm,971,4,5002-GCQFH
ibm,988,4,9046-JBFWA
ibm,992,4,4883-KCPZJ
ibm,994,4,7277-KAMWT
ibm,998,4,2545-LXYVJ
ibm,1001,4,1989-PRJHP
ibm,1005,4,2858-EIMXH
ibm,1009,4,6419-ZTTLE
ibm,1035,4,1767-CJKBA
ibm,1037,4,4581-LNWUM
ibm,1040,4,1236-WFCDV
ibm,1046,4,0810-DHDBD
ibm,1049,4,8329-IBCTI
ibm,1059,4,0376-YMCJC
ibm,1079,4,0455-XFASS
ibm,1082,4,4367-NUYAO
ibm,1086,4,8999-BOHSE
ibm,1090,4,9036-CSKBW
ibm,1099,4,6921-OZMFH
ibm,1107,4,0971-QIFJK
ibm,1120,4,1047-NNCBF
ibm,1122,4,4081-DYXAV
ibm,1130,4,5859-HZYLF
ibm,1131,4,8257-RZAHR
ibm,1135,4,1779-PWPMG
ibm,1136,4,6621-NRZAK
ibm,1142,4,2460-NGXBJ
ibm,1152,4,4320-QMLLA
ibm,1154,4,8292-ITGYJ
ibm,1160,4,6242-MBHPK
ibm,1162,4,9359-UGBTK
ibm,1180,4,4835-YSJMR
ibm,1186,4,7670-ZBPOQ
ibm,1212,4,4291-SHSBH
ibm,1216,4,0040-HALCW
ibm,1217,4,0784-GTUUK
ibm,1225,4,6581-NQCBA
ibm,1227,4,8496-DMZUK
ibm,1238,4,5565-FILXA
ibm,1240,4,2120-SMPEX
ibm,1249,4,2833-SLKDQ
ibm,1252,4,7617-EYGLW
ibm,1255,4,4030-VPZBD
ibm,1261,4,4741-WWJQZ
ibm,1265,4,1004-NOZNR
ibm,1266,4,1251-STYSZ
ibm,1271,4,4598-ZADCK
ibm,1274,4,7182-OVLBJ
ibm,1275,4,5095-ETBRJ
ibm,1276,4,7005-CYUIL
ibm,1281,4,9531-NSBMR
ibm,1282,4,6260-ONULR
ibm,1286,4,8985-OOPOS
ibm,1291,4,7993-PYKOF
ibm,1293,4,3022-BEXHZ
ibm,1298,4,5989-OMNJE
ibm,1301,4,9795-SHUHB
ibm,1302,4,3230-IUALN
ibm,1311,4,3941-XTSKM
ibm,1314,4,9831-BPFRI
ibm,1323,4,4565-NLZBV
ibm,1340,4,1371-DWPAZ
ibm,1356,4,0196-JTUQI
ibm,1361,4,3249-ZPQRG
ibm,1365,4,7721-JXEAW
ibm,1366,4,7249-WBIYX
ibm,1367,4,4238-HFHSN
ibm,1377,4,3071-MVJCD
ibm,1382,4,4538-WNTMJ
ibm,1386,4,8060-HIWJJ
ibm,1392,4,1934-MKPXS
ibm,1394,4,2272-JKMSI
ibm,1396,4,9518-RWHZL
ibm,1413,4,1830-GGFNM
ibm,1414,4,5302-BDJNT
ibm,1421,4,5357-TZHPP
ibm,1428,4,7767-UXAGJ
ibm,1447,4,2951-QOQTK
ibm,1459,4,3070-BDOQC
ibm,1461,4,6234-PFPXL
ibm,1478,4,9851-QXEEQ
ibm,1483,4,0743-HNPFG
ibm,1489,4,6543-JXSOO
ibm,1493,4,6416-YJTTB
ibm,1495,4,4472-VESGY
ibm,1496,4,3195-TQDZX
ibm,1523,4,9327-QSDED
ibm,1524,4,1656-DRSMG
ibm,1525,4,3012-VFFMN
ibm,1528,4,8096-LOIST
ibm,1538,4,6326-MTTXK
ibm,1540,4,2796-UUZZO
ibm,1555,4,9651-GTSAQ
ibm,1562,4,8259-NFJTV
ibm,1570,4,3070-FNFZQ
ibm,1571,4,2812-SFXMJ
ibm,1581,4,2782-JEEBU
ibm,1585,4,4522-XRWWI
ibm,1592,4,8387-MOJJT
ibm,1606,4,6374-NTQLP
ibm,1607,4,4154-AQUGT
ibm,1618,4,8017-LXHFA
ibm,1622,4,2361-UPSND
ibm,1635,4,2988-PLAHS
ibm,1639,4,4690-LLKUA
ibm,1641,4,5980-BDHPY
ibm,1653,4,6625-FLENO
ibm,1654,4,2967-MXRAV
ibm,1680,4,5451-MHQOF
ibm,1686,4,6839-ITVZJ
ibm,1689,4,0274-JKUJR
ibm,1697,4,3795-GWTRD
ibm,1698,4,1298-PHBTI
ibm,1706,4,0727-BNRLG
ibm,1709,4,3280-MRDOF
ibm,1711,4,9964-WBQDJ
ibm,1720,4,6407-UTSLV
ibm,1729,4,8226-BXGES
ibm,1739,4,9804-ICWBG
ibm,1740,4,1222-KJNZD
ibm,1742,4,5318-IXUZF
ibm,1750,4,4137-JOPHL
ibm,1754,4,3658-QQJYD
ibm,1756,4,0134-XWXCE
ibm,1761,4,5356-KZCKT
ibm,1764,4,3902-MIVLE
ibm,1778,4,6181-AXXYF
ibm,1784,4,5687-DKDTV
ibm,1789,4,2586-CWXVV
ibm,1795,4,5922-ABDVO
ibm,1799,4,9172-ANCRX
ibm,1800,4,6650-VJONK
ibm,1801,4,2178-PMGCJ
ibm,1802,4,7492-TAFJD
ibm,1809,4,9606-PBKBQ
ibm,1818,4,4450-MDZFX
ibm,1830,4,7321-KKSDU
ibm,1841,4,8958-JPTRR
ibm,1848,4,7190-XHTWJ
ibm,1851,4,2485-ITVKB
ibm,1854,4,6702-OHFWR
ibm,1858,4,7517-SAWMO
ibm,1867,4,0923-PNFUB
ibm,1870,4,3566-HJGPK
ibm,1873,4,0973-KYVNF
ibm,1877,4,7873-CVMAW
ibm,1887,4,4547-LYTDD
ibm,1900,4,0754-EEBDC
ibm,1910,4,6637-KYRCV
ibm,1913,4,7188-CBBBA
ibm,1916,4,4720-VSTSI
ibm,1920,4,4623-ZKHLY
ibm,1944,4,0420-BWTPW
ibm,1947,4,5504-WSIUR
ibm,1956,4,0019-EFAEP
ibm,1958,4,3737-XBQDD
ibm,1961,4,4445-KWOKW
ibm,1962,4,3511-APPBJ
ibm,1974,4,1024-VRZHF
ibm,1977,4,5692-ICXLW
ibm,1978,4,0602-DDUML
ibm,1979,4,2208-MPXIO
ibm,1982,4,3190-FZATL
ibm,1986,4,7710-JSYOA
ibm,1989,4,9885-MFVSU
ibm,2004,4,8565-CLBZW
ibm,2012,4,6845-RGTYS
ibm,2015,4,5155-AZQPB
ibm,2030,4,3090-LETTY
ibm,2043,4,6557-BZXLQ
ibm,2046,4,2538-OIMXF
ibm,2047,4,8543-MSDMF
ibm,2061,4,4958-GZWIY
ibm,2065,4,5153-RTHKF
ibm,2074,4,6179-GJPSO
ibm,2077,4,3177-LASXD
ibm,2078,4,7746-QYVCO
ibm,2089,4,3933-DQPWX
ibm,2091,4,8957-THMOA
ibm,2105,4,0925-VYDLG
ibm,2108,4,0842-IWYCP
ibm,2115,4,8984-HPEMB
ibm,2125,4,8311-UEUAB
ibm,2139,4,8160-HOWOX
ibm,2140,4,3023-GFLBR
ibm,2141,4,6648-INWPS
ibm,2145,4,1391-UBDAR
ibm,2149,4,2014-MKGMH
ibm,2153,4,7978-DKUQH
ibm,2154,4,4335-UPJSI
ibm,2158,4,9297-FVVDH
ibm,2161,4,5159-YFPKQ
ibm,2164,4,5453-YBTWV
ibm,2166,4,2931-VUVJN
ibm,2167,4,9061-TIHDA
ibm,2177,4,2878-RMWXY
ibm,2185,4,7619-ODSGN
ibm,2201,4,7951-VRDVK
ibm,2213,4,5197-YPYBZ
ibm,2219,4,1302-UHBDD
ibm,2221,4,8619-IJNDK
ibm,2223,4,8182-BJDSI
ibm,2225,4,1153-GNOLC
ibm,2233,4,8097-VBQTZ
ibm,2235,4,9917-KWRBE
ibm,2245,4,6050-FFXES
ibm,2258,4,9150-HEPMB
ibm,2263,4,2506-CLAKW
ibm,2280,4,2754-SDJRD
ibm,2287,4,5440-FLBQG
ibm,2288,4,2135-DQWAQ
ibm,2294,4,2027-FECZV
ibm,2304,4,8402-EIVQS
ibm,2306,4,7245-NIIWQ
ibm,2311,4,8552-OBVRU
ibm,2312,4,8499-BRXTD
ibm,2317,4,6770-UAYGJ
ibm,2326,4,2266-SJNAT
ibm,2340,4,0234-TEVTT
ibm,2362,4,7989-AWGEH
ibm,2366,4,1846-XWOQN
ibm,2367,4,0235-KGSLC
ibm,2368,4,6650-BWFRT
ibm,2388,4,9822-OAOVB
ibm,2390,4,1226-JZNKR
ibm,2395,4,6486-LHTMA
ibm,2407,4,8835-VSDSE
ibm,2411,4,6901-GOGZG
ibm,2416,4,8982-NHAVY
ibm,2418,4,0141-YEAYS
ibm,2454,4,5406-KGRMX
ibm,2458,4,7516-GMHUV
ibm,2463,4,7994-UYIVZ
ibm,2478,4,7878-JGDKK
ibm,2480,4,0397-GZBBC
ibm,2484,4,6476-EPYZR
ibm,2499,4,6061-GWWAV
ibm,2500,4,0679-TDGAK
ibm,2508,4,9405-GPBBG
ibm,2516,4,8245-UMPYT
ibm,2528,4,4277-PVRAN
ibm,2530,4,0722-SVSFK
ibm,2540,4,7055-JCGNI
ibm,2541,4,0739-UUAJR
ibm,2544,4,7285-KLOTR
ibm,2546,4,7175-NTIXE
ibm,2555,4,1849-RJYIG
ibm,2558,4,5380-XPJNZ
ibm,2561,4,3230-JCNZS
ibm,2562,4,0277-ORXQS
ibm,2563,4,5130-IEKQT
ibm,2566,4,3227-WLKLI
ibm,2572,4,9153-BTBVV
ibm,2578,4,0354-WYROK
ibm,2580,4,7748-UMTRK
ibm,2589,4,7576-OYWBN
ibm,2592,4,3750-RNQKR
ibm,2593,4,0962-CQPWQ
ibm,2597,4,5945-AZYHT
ibm,2601,4,7730-CLDSV
ibm,2607,4,5539-TMZLF
ibm,2618,4,1069-QJOEE
ibm,2636,4,0907-HQNTS
ibm,2642,4,2195-ZRVAX
ibm,2645,4,8562-GHPPI
ibm,2646,4,5893-PYOLZ
ibm,2649,4,3027-YNWZU
ibm,2650,4,5609-IMCGG
ibm,2651,4,4873-ILOLJ
ibm,2652,4,4727-MCYZG
ibm,2658,4,7473-ZBDSN
ibm,2662,4,8348-HFYIV
ibm,2674,4,1855-CFULU
ibm,2679,4,7341-LXCAF
ibm,2693,4,3976-HXHCE
ibm,2698,4,8150-QUDFX
ibm,2699,4,9508-ILZDG
ibm,2702,4,1942-OQFRW
ibm,2716,4,7883-ROJOC
ibm,2717,4,0244-LGNFY
ibm,2720,4,3426-NIYYL
ibm,2722,4,4635-EJYPD
ibm,2726,4,9392-XBGTD
ibm,2729,4,1143-NMNQJ
ibm,2730,4,1169-SAOCL
ibm,2732,4,9929-PLVPA
ibm,2736,4,0924-BJCRC
ibm,2743,4,2323-ARSVR
ibm,2750,4,1179-INLAT
ibm,2760,4,9534-NSXEM
ibm,2766,4,1229-RCALF
ibm,2775,4,2634-HCZGT
ibm,2778,4,6599-GZWCM
ibm,2800,4,0519-DRGTI
ibm,2805,4,9372-TXXPS
ibm,2809,4,4360-QRAVE
ibm,2810,4,8433-WPJTV
ibm,2816,4,0536-ACXIP
ibm,2835,4,5387-ASZNZ
ibm,2837,4,2002-MZHWP
ibm,2840,4,7299-GNVPL
ibm,2852,4,5485-ITNPC
ibm,2856,4,2740-TVLFN
ibm,2861,4,2004-OCQXK
ibm,2866,4,7517-LDMPS
ibm,2871,4,7508-MYBOG
ibm,2875,4,9992-RRAMN
ibm,2893,4,7854-EDSSA
ibm,2895,4,7446-SFAOA
ibm,2897,4,8234-GSZYK
ibm,2908,4,7780-OTDSO
ibm,2916,4,4139-JPIAM
ibm,2919,4,1936-CZAKF
ibm,2957,4,2674-MIAHT
ibm,2963,4,4707-YNOQA
ibm,2977,4,5906-BFOZT
ibm,2981,4,0397-ZXWQF
ibm,2988,4,6295-OSINB
ibm,2998,4,4770-UEZOX
ibm,3011,4,3352-RICWQ
ibm,3012,4,2160-GPFXD
ibm,3032,4,5696-EXCYS
ibm,3042,4,1322-AGOQM
ibm,3047,4,1550-LOAHA
ibm,3048,4,1728-BQDMA
ibm,3064,4,7855-DIWPO
ibm,3078,4,5277-ZLOOR
ibm,3082,4,3401-URHDA
ibm,3083,4,1599-EAHXY
ibm,3084,4,8631-XVRZL
ibm,3088,4,5751-USDBL
ibm,3097,4,2410-CIYFZ
ibm,3100,4,7271-AJDTL
ibm,3103,4,9174-FKWZE
ibm,3113,4,0396-YCHWO
ibm,3118,4,2122-SZZZD
ibm,3119,4,5307-DZCVC
ibm,3123,4,6692-YQHXC
ibm,3127,4,1432-FPAXX
ibm,3130,4,0496-AHOOK
ibm,3140,4,7901-HXJVA
ibm,3151,4,7993-NQLJE
ibm,3158,4,7410-KTVFV
ibm,3159,4,5150-ITWWB
ibm,3162,4,6429-SHBCB
ibm,3165,4,1834-WULEG
ibm,3176,4,5044-XDPYX
ibm,3187,4,7682-AZNDK
ibm,3199,4,3696-DFHHB
ibm,3200,4,0895-DQHEW
ibm,3201,4,4717-GHADL
ibm,3207,4,3694-GLTJM
ibm,3213,4,4032-RMHCI
ibm,3216,4,7250-EQKIY
ibm,3223,4,3082-VQXNH
ibm,3226,4,0750-EKNGL
ibm,3228,4,3567-PQTSO
ibm,3229,4,5519-NPHVG
ibm,3230,4,8043-PNYSD
ibm,3234,4,8173-RXAYP
ibm,3251,4,9710-ZUSHQ
ibm,3257,4,5482-VXSXJ
ibm,3267,4,8902-ZEOVF
ibm,3276,4,4210-QFJMF
ibm,3285,4,7197-VOJMM
ibm,3290,4,7075-BNDVQ
ibm,3302,4,7774-OJSXI
ibm,3306,4,9643-AVVWI
ibm,3307,4,0253-ZTEOB
ibm,3322,4,8058-JMEQO
ibm,3324,4,5043-TRZWM
ibm,3325,4,0697-ZMSWS
ibm,3328,4,1640-PLFMP
ibm,3329,4,5366-OBVMR
ibm,3330,4,8276-MQBYC
ibm,3332,4,7593-XFKDI
ibm,3335,4,9817-APLHW
ibm,3340,4,6015-VVHHE
ibm,3345,4,1335-HQMKX
ibm,3350,4,7663-RGWBC
ibm,3361,4,8659-HDIYE
ibm,3370,4,5307-UVGNB
ibm,3375,4,3642-BYHDO
ibm,3387,4,3530-CRZSB
ibm,3391,4,7234-KMNRQ
ibm,3397,4,1642-HMARX
ibm,3402,4,4951-UKAAQ
ibm,3408,4,2108-YKQTY
ibm,3410,4,4918-QLLIW
ibm,3412,4,4854-SSLTN
ibm,3418,4,4176-FXYBO
ibm,3420,4,8663-UPDGF
ibm,3422,4,1837-YQUCE
ibm,3425,4,0369-ZGOVK
ibm,3427,4,9919-KNPOO
ibm,3429,4,7872-BAAZR
ibm,3431,4,2430-USGXP
ibm,3434,4,1877-HKBQX
ibm,3447,4,9762-YAQAA
ibm,3452,4,8950-MTZNV
ibm,3457,4,8566-YPRGL
ibm,3464,4,0410-IPFTY
ibm,3466,4,9430-NKQLY
ibm,3475,4,8610-ZIKJJ
ibm,3479,4,8229-TNIQA
ibm,3489,4,0975-UYDTX
ibm,3493,4,5968-VXZLG
ibm,3497,4,9799-CAYJJ
ibm,3499,4,0426-TIRNE
ibm,3508,4,2368-GAKKQ
ibm,3520,4,6036-TTFYU
ibm,3526,4,9026-RNUJS
ibm,3529,4,2880-FPNAE
ibm,3541,4,1530-ZTDOZ
ibm,3543,4,0853-TWRVK
ibm,3555,4,6331-EWIEB
ibm,3561,4,5998-VVEJY
ibm,3575,4,9501-UKKNL
ibm,3578,4,4795-WRNVT
ibm,3583,4,2292-XQWSV
ibm,3590,4,9447-YPTBX
ibm,3597,4,7011-CVEUC
ibm,3598,4,6185-TASNN
ibm,3603,4,1501-SGHBW
ibm,3623,4,9819-FBNSV
ibm,3624,4,9544-PYPSJ
ibm,3630,4,9986-BONCE
ibm,3633,4,3878-AVSOQ
ibm,3642,4,2107-FBPTK
ibm,3648,4,9419-IPPBE
ibm,3653,4,8106-GWQOK
ibm,3657,4,8450-LUGUK
ibm,3661,4,1142-IHLOO
ibm,3664,4,6257-RJOHI
ibm,3672,4,9378-FXTIZ
ibm,3674,4,7825-GKXMW
ibm,3675,4,9753-OYLBX
ibm,3680,4,0836-SEYLU
ibm,3683,4,7688-AWMDX
ibm,3695,4,6088-BXMRG
ibm,3708,4,6698-OXETB
ibm,3711,4,4877-TSOFF
ibm,3712,4,9209-NWPGU
ibm,3713,4,6961-VCPMC
ibm,3715,4,5288-AHOUP
ibm,3725,4,0968-GSIKN
ibm,3728,4,6352-GIGGQ
ibm,3734,4,7134-HBPBS
ibm,3735,4,3489-HHPFY
ibm,3739,4,5789-LDFXO
ibm,3743,4,2391-SOORI
ibm,3758,4,8885-QSQBX
ibm,3764,4,6674-KVJHG
ibm,3766,4,4201-JMNGR
ibm,3770,4,5821-MMEIL
ibm,3783,4,1469-LBJQJ
ibm,3786,4,0064-YIJGF
ibm,3789,4,0310-VQXAM
ibm,3791,4,3453-RTHJQ
ibm,3801,4,5914-DVBWJ
ibm,3802,4,7698-YFGEZ
ibm,3805,4,8644-XLFBW
ibm,3808,4,7785-RDVIG
ibm,3809,4,9602-WCXPI
ibm,3810,4,2903-YYTBW
ibm,3816,4,4304-XUMGI
ibm,3824,4,6402-EJMWF
ibm,3833,4,9169-BSVIN
ibm,3835,4,8194-PEEBY
ibm,3837,4,3932-CMDTD
ibm,3838,4,7714-YXSMB
ibm,3854,4,0237-YFUTL
ibm,3855,4,7691-KGKGP
ibm,3859,4,1732-FEKLD
ibm,3868,4,1396-QWFBJ
ibm,3870,4,1099-BTKWT
ibm,3881,4,2176-OSJUV
ibm,3884,4,4521-YEEHE
ibm,3888,4,6086-ESGRL
ibm,3889,4,2592-HODOV
ibm,3891,4,7995-ZHHNZ
ibm,3898,4,2332-TODQS
ibm,3912,4,3882-IYOIJ
ibm,3927,4,4390-KYULV
ibm,3931,4,8851-RAGOV
ibm,3934,4,1729-VLAZJ
ibm,3937,4,5712-VBOXD
ibm,3940,4,1559-DTODC
ibm,3942,4,6959-UWKHF
ibm,3948,4,4355-CVPVS
ibm,3957,4,2019-HDCZY
ibm,3964,4,2632-IVXVF
ibm,4001,4,7446-KQISO
ibm,4007,4,1073-XXCZD
ibm,4017,4,9473-CBZOP
ibm,4018,4,2969-WGHQO
ibm,4030,4,4256-ZWTZI
ibm,4031,4,8309-PPCED
ibm,4033,4,5196-WPYOW
ibm,4055,4,4676-WLUHT
ibm,4066,4,4872-VXRIL
ibm,4073,4,7683-CBDKJ
ibm,4077,4,0916-QOFDP
ibm,4078,4,0628-CNQRM
ibm,4085,4,5640-CAXOA
ibm,4086,4,2235-EZAIK
ibm,4092,4,0670-KDOMA
ibm,4101,4,9780-FKVVF
ibm,4103,4,5214-NLTIT
ibm,4105,4,5055-BRMNE
ibm,4107,4,2190-PHBHR
ibm,4108,4,2650-GYRYL
ibm,4123,4,8910-LEDAG
ibm,4129,4,3192-LNKRK
ibm,4136,4,3079-BCHLN
ibm,4145,4,8474-UMLNT
ibm,4149,4,6559-ILWKJ
ibm,4150,4,0187-QSXOE
ibm,4153,4,5214-CHIWJ
ibm,4154,4,4229-CZMLL
ibm,4161,4,4223-WOZCM
ibm,4175,4,6248-BSHKG
ibm,4191,4,2027-WKXMW
ibm,4210,4,5446-DKWYW
ibm,4220,4,4644-OBGFZ
ibm,4224,4,7602-DBTOU
ibm,4236,4,2542-HYGIQ
ibm,4243,4,9362-MWODR
ibm,4252,4,5939-XAIXZ
ibm,4254,4,2683-BPJSO
ibm,4268,4,5198-HQAEN
ibm,4271,4,2819-GWENI
ibm,4277,4,5955-EPOAZ
ibm,4279,4,8815-LMFLX
ibm,4283,4,7044-YAACC
ibm,4285,4,1506-YJTYT
ibm,4298,4,5651-CPDND
ibm,4303,4,3284-SVCRO
ibm,4306,4,2931-SVLTV
ibm,4321,4,5599-HVLTW
ibm,4323,4,3707-LRWZD
ibm,4324,4,6873-UDNLD
ibm,4326,4,1455-ESIQH
ibm,4332,4,4194-FJARJ
ibm,4343,4,7130-VTEWQ
ibm,4359,4,9133-AYJZG
ibm,4363,4,5018-GWURO
ibm,4385,4,1930-BZLHI
ibm,4393,4,2057-ZBLPD
ibm,4397,4,7663-YJHSN
ibm,4406,4,3714-XPXBW
ibm,4407,4,1850-AKQEP
ibm,4425,4,3059-NGMXB
ibm,4439,4,9950-MTGYX
ibm,4441,4,4825-FUREZ
ibm,4449,4,2001-EWBQU
ibm,4458,4,2037-SGXHH
ibm,4473,4,2665-NPTGL
ibm,4480,4,7908-QCBCA
ibm,4505,4,6917-FIJHC
ibm,4506,4,5329-KRDTM
ibm,4516,4,4077-HWUYD
ibm,4518,4,8808-ELEHO
ibm,4525,4,6578-KRMAW
ibm,4527,4,7666-WKRON
ibm,4535,4,9647-ERGBE
ibm,4539,4,4355-HBJHH
ibm,4542,4,9029-FEGVJ
ibm,4549,4,2074-GUHPQ
ibm,4550,4,4625-XMOYM
ibm,4554,4,4329-YPDDQ
ibm,4571,4,0599-XNYDO
ibm,4572,4,6377-WHAOX
ibm,4587,4,5201-USSQZ
ibm,4597,4,3440-JPSCL
ibm,4618,4,6350-XFYGW
ibm,4624,4,0325-XBFAC
ibm,4626,4,0929-PECLO
ibm,4629,4,6112-KTHFQ
ibm,4637,4,9470-YFUYI
ibm,4639,4,7402-EYFXX
ibm,4646,4,5032-MIYKT
ibm,4657,4,6743-HHQPF
ibm,4667,4,5537-UXXVS
ibm,4671,4,3393-FMZPV
ibm,4672,4,8082-GHXOP
ibm,4682,4,0504-HHAPI
ibm,4683,4,9360-OMDZZ
ibm,4693,4,0463-TXOAK
ibm,4697,4,0129-KPTWJ
ibm,4698,4,8166-ZZTFS
ibm,4704,4,1928-BXYIV
ibm,4705,4,5760-FXFVO
ibm,4712,4,7550-WIQVA
ibm,4714,4,0016-QLJIS
ibm,4724,4,5073-RZGBK
ibm,4725,4,1541-ETJZO
ibm,4732,4,1052-QJIBV
ibm,4733,4,1319-YLZJG
ibm,4736,4,3050-RLLXC
ibm,4742,4,8544-JNBOX
ibm,4747,4,8884-FEEWR
ibm,4749,4,6633-MPWBS
ibm,4755,4,8849-AYPTR
ibm,4757,4,1582-RAFML
ibm,4759,4,8740-CRYFY
ibm,4765,4,8727-XDPUD
ibm,4775,4,5480-TBGPH
ibm,4782,4,6175-IRFIT
ibm,4791,4,7808-DVWEP
ibm,4798,4,4948-WBBKL
ibm,4805,4,2207-RYYRL
ibm,4809,4,7814-LEEVE
ibm,4834,4,6857-TKDJV
ibm,4836,4,0584-BJQGZ
ibm,4838,4,1360-XFJMR
ibm,4839,4,3070-DVEYC
ibm,4841,4,9058-MJLZC
ibm,4842,4,5707-ORNDZ
ibm,4864,4,9475-NNDGC
ibm,4875,4,2302-ANTDP
ibm,4876,4,5923-GXUOC
ibm,4893,4,4432-ADRLB
ibm,4895,4,1394-SUIUH
ibm,4898,4,8993-PHFWD
ibm,4900,4,7137-RYLPP
ibm,4906,4,8639-NHQEI
ibm,4907,4,7161-DFHUF
ibm,4909,4,3720-DBRWL
ibm,4910,4,6635-MYYYZ
ibm,4914,4,0562-FGDCR
ibm,4927,4,4774-HHGGS
ibm,4933,4,9842-EFSYY
ibm,4936,4,3898-GUYTS
ibm,4939,4,9975-SKRNR
ibm,4941,4,1449-XQEMT
ibm,4947,4,4735-ASGMA
ibm,4950,4,6892-EZDTG
ibm,4955,4,5884-GCYMI
ibm,4979,4,9593-CVZKR
ibm,4985,4,4827-DPADN
ibm,4987,4,5846-ABOBJ
ibm,4992,4,7740-KKCXF
ibm,4993,4,5360-XGYAZ
ibm,4997,4,4816-JBHOV
ibm,4999,4,1699-TLDLZ
ibm,5012,4,9367-TCUYN
ibm,5015,4,0708-SJDIS
ibm,5020,4,5231-FIQPA
ibm,5030,4,6101-IMRMM
ibm,5038,4,4815-TUMEQ
ibm,5039,4,4713-LZDRV
ibm,5048,4,1360-JYXKQ
ibm,5049,4,2955-PSXOE
ibm,5055,4,6925-BAYGL
ibm,5056,4,3262-EIDHV
ibm,5059,4,6907-NZZIJ
ibm,5063,4,3744-ZRRDZ
ibm,5066,4,7191-ADRGF
ibm,5070,4,4628-WQCQQ
ibm,5077,4,8314-HTWVE
ibm,5079,4,2507-QZPQS
ibm,5083,4,7136-IHZJA
ibm,5085,4,7074-STDCN
ibm,5102,4,9070-BCKQP
ibm,5109,4,7113-HIPFI
ibm,5121,4,4903-CNOZC
ibm,5122,4,4353-HYOJD
ibm,5125,4,2982-VPSGI
ibm,5131,4,5980-NOPLP
ibm,5135,4,1156-ZFYDO
ibm,5149,4,3970-XGJDU
ibm,5151,4,5562-YJQGT
ibm,5154,4,9874-QLCLH
ibm,5161,4,0696-UKTOX
ibm,5163,4,3472-OAOOR
ibm,5165,4,8062-YBDOE
ibm,5184,4,7570-WELNY
ibm,5198,4,0643-OKLRP
ibm,5203,4,0734-OXWBT
ibm,5204,4,4282-ACRXS
ibm,5207,4,9381-NDKME
ibm,5211,4,8382-SHQEH
ibm,5217,4,5018-HEKFO
ibm,5221,4,5336-UFNZP
ibm,5225,4,5376-PCKNB
ibm,5228,4,3589-PPVKW
ibm,5234,4,3858-XHYJO
ibm,5251,4,8485-GJCDN
ibm,5252,4,2615-YVMYX
ibm,5258,4,8634-CILSZ
ibm,5261,4,1409-PHXTF
ibm,5267,4,8075-GXIUB
ibm,5269,4,5424-RLQLC
ibm,5276,4,2725-IWWBA
ibm,5285,4,9479-HYNYL
ibm,5294,4,2927-CVULT
ibm,5299,4,5569-OUICF
ibm,5307,4,1941-HOSAM
ibm,5309,4,0704-VCUMB
ibm,5314,4,2535-PBCGC
ibm,5316,4,1470-PSXNM
ibm,5317,4,1213-NGCUN
ibm,5333,4,3143-JQEGI
ibm,5339,4,3370-GQEAL
ibm,5341,4,2982-IHMFT
ibm,5346,4,0771-CHWSK
ibm,5351,4,5649-VUKMC
ibm,5354,4,4273-MBHYA
ibm,5357,4,1460-UZPRJ
ibm,5359,4,5143-EGQFK
ibm,5362,4,0485-ZBSLN
ibm,5368,4,6168-WFVVF
ibm,5376,4,9229-RQABD
ibm,5378,4,5320-BRKGK
ibm,5392,4,2162-FRZAA
ibm,5396,4,5627-TVBPP
ibm,5420,4,7929-SKFGK
ibm,5423,4,5228-EXCET
ibm,5424,4,6435-VWCCY
ibm,5426,4,8630-QSGXK
ibm,5443,4,7109-MFBYV
ibm,5456,4,8718-PTMEZ
ibm,5459,4,2657-VPXTA
ibm,5462,4,9289-LBQVU
ibm,5469,4,6538-POCHL
ibm,5472,4,4277-UDIEF
ibm,5477,4,2725-TTRIQ
ibm,5482,4,6289-CPNLD
ibm,5484,4,4419-UJMUS
ibm,5486,4,7609-YBPXG
ibm,5492,4,2799-TSLAG
ibm,5495,4,2696-NARTR
ibm,5506,4,8048-DSDFQ
ibm,5513,4,0248-PGHBZ
ibm,5526,4,6546-OPBBH
ibm,5530,4,9644-KVCNC
ibm,5539,4,4632-PAOYU
ibm,5547,4,9611-CTWIH
ibm,5556,4,5364-EVNIB
ibm,5559,4,6339-DKLMK
ibm,5563,4,4397-FRLTA
ibm,5565,4,5087-SUURX
ibm,5569,4,0013-EXCHZ
ibm,5574,4,5546-BYZSM
ibm,5579,4,2225-ZRGSG
ibm,5588,4,1660-HSOOQ
ibm,5589,4,7253-UVNDW
ibm,5590,4,0487-VVUVK
ibm,5595,4,2308-STERM
ibm,5596,4,5982-XMDEX
ibm,5597,4,6284-AHOOQ
ibm,5599,4,2344-JMOGN
ibm,5601,4,2877-VDUER
ibm,5605,4,8049-WJCLQ
ibm,5609,4,4818-DRBQT
ibm,5610,4,1320-HTRDR
ibm,5612,4,9670-BPNXF
ibm,5614,4,3301-VKTGC
ibm,5616,4,9555-SAHUZ
ibm,5619,4,4619-EVPHY
ibm,5622,4,4391-RESHN
ibm,5624,4,4462-CYWMH
ibm,5627,4,9334-GWGOW
ibm,5636,4,0601-WZHJF
ibm,5637,4,4423-JWZJN
ibm,5644,4,9444-JTXHZ
ibm,5651,4,4471-KXAUH
ibm,5659,4,0674-GCDXG
ibm,5660,4,1121-QSIVB
ibm,5667,4,6469-QJKZW
ibm,5678,4,4797-AXPXK
ibm,5679,4,5229-PRWKT
ibm,5704,4,0168-XZKBB
ibm,5714,4,6108-OQZDQ
ibm,5723,4,7824-PANSQ
ibm,5724,4,8042-JVNFH
ibm,5726,4,2888-ADFAO
ibm,5730,4,7167-PCEYD
ibm,5731,4,4936-YPJNK
ibm,5735,4,9251-AWQGT
ibm,5744,4,1371-WEPDS
ibm,5772,4,8645-KOMJQ
ibm,5778,4,3090-QFUVD
ibm,5790,4,0980-PVMRC
ibm,5792,4,3500-RMZLT
ibm,5794,4,1162-ECVII
ibm,5801,4,8695-ARGXZ
ibm,5810,4,9102-IAYHT
ibm,5813,4,8099-MZPUJ
ibm,5819,4,3396-DKDEL
ibm,5824,4,5321-NTRKC
ibm,5827,4,3161-GETRM
ibm,5831,4,9846-GKXAS
ibm,5864,4,5093-FEGLU
ibm,5876,4,4844-JJWUY
ibm,5888,4,8610-WFCJF
ibm,5896,4,1635-NZATJ
ibm,5898,4,8277-RVRSV
ibm,5901,4,6172-FECYY
ibm,5903,4,1455-HFBXA
ibm,5905,4,1628-BIZYP
ibm,5917,4,5144-PQCDZ
ibm,5918,4,8514-VZHEB
ibm,5930,4,8398-TBIYD
ibm,5937,4,5383-MMTWC
ibm,5954,4,7395-XWZOY
ibm,5957,4,6877-LGWXO
ibm,5977,4,0780-XNZFN
ibm,5986,4,5271-DBYSJ
ibm,5988,4,6828-HMKWP
ibm,5991,4,8063-RJYNF
ibm,6011,4,5917-HBSDW
ibm,6014,4,0956-ACVZC
ibm,6023,4,4698-KVLLG
ibm,6033,4,6595-YGXIT
ibm,6036,4,8008-ESFLK
ibm,6037,4,7537-CBQUZ
ibm,6038,4,1555-DJEQW
ibm,6061,4,3920-HIHMQ
ibm,6075,4,5081-NWSUP
ibm,6079,4,9881-VCZEP
ibm,6086,4,0916-KNFAJ
ibm,6104,4,7356-AYNJP
ibm,6119,4,0080-EMYVY
ibm,6122,4,7609-NRNCA
ibm,6126,4,9190-MFJLN
ibm,6130,4,5614-DNZCE
ibm,6137,4,0870-VEMYL
ibm,6139,4,3039-MJSLN
ibm,6147,4,6383-ZTSIW
ibm,6157,4,6776-TLWOI
ibm,6159,4,5857-XRECV
ibm,6164,4,7779-ORAEL
ibm,6166,4,4077-CROMM
ibm,6189,4,4718-WXBGI
ibm,6191,4,8495-PRWFH
ibm,6194,4,2868-LLSKM
ibm,6207,4,6769-DYBQN
ibm,6208,4,0909-SELIE
ibm,6213,4,8999-EXMNO
ibm,6215,4,2446-BEGGB
ibm,6218,4,8821-KVZKQ
ibm,6219,4,1496-GGSUK
ibm,6221,4,0042-JVWOJ
ibm,6223,4,2575-GFSOE
ibm,6224,4,2330-PQGDQ
ibm,6229,4,6631-HMANX
ibm,6239,4,0665-XHDJU
ibm,6247,4,3428-MMGUB
ibm,6257,4,1977-STDKI
ibm,6261,4,7268-WNTCP
ibm,6263,4,8409-WQJUX
ibm,6267,4,0328-GRPMV
ibm,6269,4,2946-KIQSP
ibm,6270,4,0625-AFOHS
ibm,6273,4,4342-HENTK
ibm,6279,4,4012-ZTHBR
ibm,6281,4,7435-ZNUYY
ibm,6293,4,7977-HXJKU
ibm,6295,4,7033-CLAMM
ibm,6298,4,7356-IWLFW
ibm,6306,4,0186-CAERR
ibm,6309,4,2169-RRLFW
ibm,6337,4,2696-ECXKC
ibm,6350,4,3407-QGWLG
ibm,6353,4,8735-DCXNF
ibm,6354,4,3214-IYUUQ
ibm,6360,4,8073-IJDCM
ibm,6375,4,9894-EZEWG
ibm,6383,4,2335-GSODA
ibm,6385,4,0702-PGIBZ
ibm,6386,4,6656-GULJQ
ibm,6388,4,1963-VAUKV
ibm,6392,4,3999-WRNGR
ibm,6394,4,2680-XKKNJ
ibm,6396,4,2974-GGUXS
ibm,6398,4,3259-FDWOY
ibm,6404,4,1428-IEDPR
ibm,6405,4,5298-GSTLM
ibm,6414,4,3472-QPRCH
ibm,6427,4,6000-UKLWI
ibm,6430,4,2096-XOTMO
ibm,6443,4,7727-SHVZV
ibm,6472,4,1150-FTQGN
ibm,6490,4,3985-HOYPM
ibm,6496,4,2474-BRUCM
ibm,6500,4,9236-NDUCW
ibm,6503,4,7781-EWARA
ibm,6504,4,6110-OHIHY
ibm,6516,4,6876-ADESB
ibm,6517,4,9332-GYWLO
ibm,6524,4,2754-VDLTR
ibm,6532,4,1763-KUAAW
ibm,6533,4,1104-TNLZA
ibm,6539,4,5949-HGVJL
ibm,6567,4,6215-NQCPY
ibm,6571,4,2188-SXWVT
ibm,6576,4,2342-CKIAO
ibm,6599,4,0023-XUOPT
ibm,6602,4,4657-FWVFY
ibm,6605,4,7632-MNYOY
ibm,6606,4,6518-LGAOV
ibm,6609,4,1000-AJSLD
ibm,6616,4,9600-NAXZN
ibm,6621,4,6762-NSODU
ibm,6624,4,9888-ZCUMM
ibm,6635,4,5474-LAMUQ
ibm,6638,4,4990-ALDGW
ibm,6640,4,3315-IKYZQ
ibm,6646,4,8249-THVEC
ibm,6647,4,8722-PRFDV
ibm,6656,4,4779-ZGICK
ibm,6664,4,4480-MBMLB
ibm,6668,4,2832-KJCRD
ibm,6669,4,3588-WSTTJ
ibm,6677,4,1442-BQPVU
ibm,6687,4,5561-NWEVX
ibm,6690,4,5161-XEUVX
ibm,6691,4,8292-FRFZQ
ibm,6697,4,8080-POTJR
ibm,6708,4,2272-QAGFO
ibm,6709,4,7103-IPXPJ
ibm,6710,4,4342-HFXWS
ibm,6722,4,5481-NTDOH
ibm,6732,4,5666-CYCYZ
ibm,6742,4,1960-UOTYM
ibm,6743,4,2740-JFBOK
ibm,6745,4,5515-AKOAJ
ibm,6748,4,6230-BSUXY
ibm,6759,4,1591-MQJTP
ibm,6761,4,2369-FEVNO
ibm,6763,4,7471-MQPOS
ibm,6768,4,9739-JLPQJ
ibm,6776,4,6120-RJKLU
ibm,6784,4,9546-KDTRB
ibm,6811,4,8992-JQYUN
ibm,6822,4,5389-FFVKB
ibm,6824,4,8444-WRIDW
ibm,6825,4,5022-KVDQT
ibm,6830,4,7815-PDTHL
ibm,6841,4,8217-QYOHV
ibm,6843,4,9940-HPQPG
ibm,6846,4,6618-RYATB
ibm,6847,4,8930-XOTDP
ibm,6850,4,0531-XBKMM
ibm,6853,4,9079-YEXQJ
ibm,6857,4,1930-WNXSB
ibm,6864,4,5480-HPRRX
ibm,6865,4,8792-AOROI
ibm,6887,4,2511-ALLCS
ibm,6890,4,7470-DYNOE
ibm,6894,4,1400-MMYXY
ibm,6903,4,9609-BENEA
ibm,6906,4,9945-PSVIP
ibm,6907,4,1041-RXHRA
ibm,6916,4,7242-EDTYC
ibm,6918,4,8267-ZNYVZ
ibm,6919,4,5136-GFPMB
ibm,6924,4,6457-GIRWB
ibm,6928,4,5306-BVTKJ
ibm,6945,4,6797-LNAQX
ibm,6953,4,1564-NTYXF
ibm,6954,4,9364-YKUVW
ibm,6955,4,5392-AKEMH
ibm,6956,4,2451-YMUXS
ibm,6959,4,1024-KPRBB
ibm,6973,4,9972-VAFJJ
ibm,6975,4,1904-WAJAA
ibm,6978,4,6439-PKTRR
ibm,6991,4,3585-ISXZP
ibm,6995,4,7164-BPTUT
ibm,7004,4,6075-SLNIL
ibm,7013,4,1685-BQULA
ibm,7029,4,2235-DWLJU
ibm,7030,4,0871-OPBXW
ibm,7036,4,7750-EYXWZ
ibm,7040,4,4801-JZAZL
ibm,11,5,7469-LKBCI
ibm,24,5,6322-HRPFA
ibm,42,5,9867-JCZSP
ibm,51,5,9420-LOJKX
ibm,52,5,6575-SUVOI
ibm,64,5,5698-BQJOH
ibm,65,5,5122-CYFXA
ibm,88,5,2796-NNUFI
ibm,93,5,6067-NGCEU
ibm,97,5,0278-YXOOG
ibm,103,5,5386-THSLQ
ibm,113,5,4846-WHAFZ
ibm,114,5,5256-SKJGO
ibm,116,5,9560-BBZXK
ibm,130,5,2876-GZYZC
ibm,135,5,7799-LGRDP
ibm,142,5,1095-WGNGG
ibm,152,5,1679-JRFBR
ibm,177,5,2070-FNEXE
ibm,178,5,5947-SGKCL
ibm,184,5,1918-ZBFQJ
ibm,186,5,4827-USJHP
ibm,193,5,9680-NIAUV
ibm,197,5,6168-YBYNP
ibm,200,5,9323-HGFWY
ibm,211,5,4195-NZGTA
ibm,216,5,9286-BHDQG
ibm,217,5,0230-WEQUW
ibm,228,5,4811-JBUVU
ibm,234,5,1984-GPTEH
ibm,236,5,0621-JFHOL
ibm,238,5,0094-OIFMO
ibm,244,5,4522-AKYLR
ibm,246,5,0303-UNCIP
ibm,250,5,4075-JFPGR
ibm,252,5,9514-JDSKI
ibm,254,5,3675-YDUPJ
ibm,262,5,7529-ZDFXI
ibm,268,5,6323-AYBRX
ibm,276,5,4484-GLZOU
ibm,283,5,9577-WJVCQ
ibm,292,5,2294-SALNE
ibm,293,5,4847-TAJYI
ibm,300,5,0895-LMRSF
ibm,306,5,0265-EDXBD
ibm,308,5,3167-SNQPL
ibm,314,5,7563-BIUPC
ibm,317,5,2321-OMBXY
ibm,324,5,8626-PTQGE
ibm,326,5,5701-YVSVF
ibm,341,5,6885-PKOAM
ibm,345,5,0021-IKXGC
ibm,347,5,8966-SNIZF
ibm,358,5,9057-MSWCO
ibm,363,5,5176-LMJXE
ibm,373,5,2805-EDJPQ
ibm,374,5,6862-CQUMB
ibm,381,5,6905-NIQIN
ibm,382,5,8204-YJCLA
ibm,388,5,8782-LKFPK
ibm,391,5,9774-NRNAU
ibm,393,5,9967-ATRFS
ibm,412,5,5233-AOZUF
ibm,415,5,7916-VCCPB
ibm,421,5,5605-IYGFG
ibm,447,5,0732-OCQOC
ibm,457,5,0942-KOWSM
ibm,465,5,2996-XAUVF
ibm,467,5,5968-XQIVE
ibm,468,5,8896-RAZCR
ibm,472,5,1304-BCCFO
ibm,479,5,6227-HWPWX
ibm,484,5,5949-XIKAE
ibm,485,5,7971-HLVXI
ibm,487,5,3649-JPUGY
ibm,490,5,3552-CTCYF
ibm,491,5,6778-YSNIH
ibm,493,5,5756-OZRIO
ibm,494,5,6579-JPICP
ibm,506,5,8981-FJGLA
ibm,508,5,4636-QRJKY
ibm,514,5,2475-MROZF
ibm,523,5,6825-UYPFK
ibm,539,5,5394-MEITZ
ibm,554,5,5301-GAUUY
ibm,562,5,3701-SFMUH
ibm,569,5,0308-IVGOK
ibm,572,5,5756-JYOJT
ibm,576,5,5150-LJNSR
ibm,585,5,5192-EBGOV
ibm,596,5,8208-EUMTE
ibm,600,5,5839-SUYVZ
ibm,603,5,2001-MCUUW
ibm,609,5,3419-SNJJD
ibm,611,5,4765-OXPPD
ibm,613,5,6689-VRRTK
ibm,617,5,7134-MJPDY
ibm,640,5,9574-BOSMD
ibm,641,5,4580-TMHJU
ibm,644,5,8404-VLQFB
ibm,646,5,0887-HJGAR
ibm,650,5,9576-ANLXO
ibm,652,5,5845-BZZIB
ibm,656,5,8100-PNJMH
ibm,662,5,3030-ZKIWL
ibm,678,5,5760-IFJOZ
ibm,680,5,1448-PWKYE
ibm,684,5,8040-MNRTF
ibm,686,5,5313-FPXWG
ibm,687,5,0067-DKWBL
ibm,688,5,0946-FKYTX
ibm,698,5,9978-HYCIN
ibm,701,5,9450-TRJUU
ibm,725,5,6549-YMFAW
ibm,735,5,7595-EHCDL
ibm,737,5,2521-NPUZR
ibm,739,5,7503-MIOGA
ibm,741,5,6923-JHPMP
ibm,748,5,6425-JWTDV
ibm,751,5,9477-LGWQI
ibm,757,5,0030-FNXPP
ibm,758,5,2189-WWOEW
ibm,760,5,4013-GUXND
ibm,765,5,4718-DHSMV
ibm,786,5,4992-LTJNE
ibm,799,5,3009-JWMPU
ibm,805,5,9926-PJHDQ
ibm,812,5,8098-TDCBU
ibm,817,5,0036-IHMOT
ibm,824,5,4335-BSMJS
ibm,829,5,5337-IIWKZ
ibm,831,5,9650-VBUOG
ibm,845,5,0422-OHQHQ
ibm,846,5,6916-HIJSE
ibm,847,5,2316-ESMLS
ibm,851,5,2252-NKNSI
ibm,855,5,2382-BCKQJ
ibm,867,5,2732-ISEZX
ibm,889,5,7549-MYGPK
ibm,893,5,9227-LUNBG
ibm,896,5,8975-SKGRX
ibm,900,5,1051-GEJLJ
ibm,902,5,2719-BDAQO
ibm,903,5,5285-MVEHD
ibm,908,5,4694-PHWFW
ibm,914,5,6024-RUGGH
ibm,917,5,4079-WWQQQ
ibm,920,5,7471-WNSUF
ibm,925,5,5393-HJZSM
ibm,942,5,7567-ECMCM
ibm,959,5,5651-YLPRD
ibm,968,5,3429-IFLEM
ibm,976,5,5875-YPQFJ
ibm,981,5,1106-HRLKZ
ibm,982,5,2483-XSSMZ
ibm,983,5,8603-IJWDN
ibm,990,5,1206-EHBDD
ibm,996,5,6641-XRPSU
ibm,999,5,3234-VKACU
ibm,1002,5,8120-JDCAM
ibm,1003,5,8917-FAEMR
ibm,1004,5,7047-YXDMZ
ibm,1022,5,8242-SOQUO
ibm,1030,5,8329-GWVPJ
ibm,1031,5,1352-VHKAJ
ibm,1036,5,6445-TNRXS
ibm,1038,5,4869-EPIUS
ibm,1045,5,3524-WQDSG
ibm,1047,5,4026-SKKHW
ibm,1051,5,3845-JHAMY
ibm,1054,5,5981-ITEMU
ibm,1056,5,6941-PMGEP
ibm,1062,5,1730-VFMWO
ibm,1068,5,5536-RTPWK
ibm,1070,5,6166-ILMNY
ibm,1071,5,3097-NNSPB
ibm,1072,5,7771-ZONAT
ibm,1074,5,2111-DWYHN
ibm,1078,5,9845-PEEKO
ibm,1087,5,7241-AJHFS
ibm,1088,5,7029-RPUAV
ibm,1096,5,4646-QZXTF
ibm,1100,5,9578-FOMUK
ibm,1115,5,1271-UODNO
ibm,1116,5,8461-EFQYM
ibm,1117,5,6900-RBKER
ibm,1119,5,1459-QNFQT
ibm,1127,5,9330-DHBFL
ibm,1134,5,2208-NQBCT
ibm,1140,5,9553-DLCLU
ibm,1144,5,0841-NULXI
ibm,1156,5,0621-CXBKL
ibm,1166,5,7129-ACFOG
ibm,1168,5,5562-BETPV
ibm,1172,5,1641-RQDAY
ibm,1175,5,1346-UFHAX
ibm,1197,5,8944-AILEF
ibm,1199,5,7126-RBHSD
ibm,1207,5,0013-MHZWF
ibm,1214,5,9866-QEVEE
ibm,1215,5,9897-KXHCM
ibm,1230,5,0178-SZBHO
ibm,1233,5,1299-AURJA
ibm,1236,5,5835-BEQEU
ibm,1246,5,9408-HRXRK
ibm,1248,5,7321-PKUYW
ibm,1258,5,5529-GIBVH
ibm,1259,5,4187-CINZD
ibm,1260,5,9992-UJOEL
ibm,1263,5,6818-WOBHJ
ibm,1267,5,2612-PHGOX
ibm,1268,5,2408-TZMJL
ibm,1279,5,3452-FLHYD
ibm,1299,5,4566-QVRRW
ibm,1309,5,7831-QGOXH
ibm,1318,5,1907-YLNYW
ibm,1326,5,6682-VCIXC
ibm,1327,5,4791-QRGMF
ibm,1333,5,0121-SNYRK
ibm,1334,5,1768-ZAIFU
ibm,1343,5,7690-KPNCU
ibm,1350,5,4102-HLENU
ibm,1358,5,9272-LSVYH
ibm,1362,5,2568-BRGYX
ibm,1364,5,1084-MNSMJ
ibm,1375,5,1839-FBNFR
ibm,1381,5,3717-OEAUQ
ibm,1387,5,7684-XSZIY
ibm,1391,5,9885-AIBVB
ibm,1393,5,2592-YKDIF
ibm,1395,5,0471-LVHGK
ibm,1402,5,6240-EURKS
ibm,1404,5,1970-KKFWL
ibm,1412,5,7861-UVUFT
ibm,1419,5,3498-LZGQZ
ibm,1423,5,0680-DFNNY
ibm,1424,5,7560-QRBXH
ibm,1431,5,6718-BDGHG
ibm,1444,5,5514-YQENT
ibm,1449,5,6806-YDEUL
ibm,1454,5,8681-ICONS
ibm,1456,5,3473-XIIIT
ibm,1463,5,4763-PGDPO
ibm,1473,5,7079-QRCBC
ibm,1480,5,8898-KASCD
ibm,1481,5,9242-TKFSV
ibm,1485,5,9809-IMGCQ
ibm,1486,5,5208-HFSBT
ibm,1487,5,5035-PGZXH
ibm,1491,5,8605-ITULD
ibm,1494,5,2667-WYLWJ
ibm,1498,5,0529-ONKER
ibm,1504,5,1769-GRUIK
ibm,1522,5,5766-XQXMQ
ibm,1531,5,7107-UBYKY
ibm,1536,5,2882-WDTBA
ibm,1537,5,2091-GPPIQ
ibm,1544,5,3794-NFNCH
ibm,1557,5,4672-FOTSD
ibm,1564,5,2660-EMUBI
ibm,1567,5,1436-ZMJAN
ibm,1572,5,7675-OZCZG
ibm,1573,5,5014-WUQMG
ibm,1579,5,9391-EOYLI
ibm,1580,5,7108-DGVUU
ibm,1593,5,0620-XEFWH
ibm,1597,5,5327-CNLUQ
ibm,1608,5,2387-KDZQY
ibm,1610,5,3399-BMLVW
ibm,1614,5,3813-DHBBB
ibm,1629,5,3533-UVMOM
ibm,1665,5,1219-NNDDO
ibm,1676,5,0793-TWELN
ibm,1687,5,8332-OSJDW
ibm,1688,5,4735-BJKOU
ibm,1694,5,0375-HVGXO
ibm,1695,5,4906-ZHGPK
ibm,1700,5,6961-MJKBO
ibm,1702,5,4423-YLHDV
ibm,1703,5,8158-WPEZG
ibm,1708,5,8640-SDGKB
ibm,1723,5,2587-YNLES
ibm,1726,5,1958-RNRKS
ibm,1735,5,2040-XBAVJ
ibm,1737,5,8887-IPQNC
ibm,1741,5,0106-GHRQR
ibm,1745,5,2418-TPEUN
ibm,1751,5,9436-ZBZCT
ibm,1760,5,2511-MORQY
ibm,1763,5,6519-CFDBX
ibm,1766,5,8763-KIAFH
ibm,1767,5,3669-WHAFY
ibm,1768,5,3055-VTCGS
ibm,1771,5,7156-MHUGY
ibm,1774,5,5207-PLSTK
ibm,1775,5,2307-FYNNL
ibm,1792,5,8401-EMUWF
ibm,1793,5,4193-IBKSW
ibm,1804,5,6016-LVTJQ
ibm,1807,5,6910-HADCM
ibm,1816,5,1663-MHLHE
ibm,1820,5,7554-AKDQF
ibm,1821,5,3536-IQCTX
ibm,1831,5,3402-XRIUO
ibm,1833,5,8286-AFUYI
ibm,1865,5,7064-FRRSW
ibm,1868,5,3961-SXAXY
ibm,1874,5,5129-HHMZC
ibm,1880,5,6474-FVJLC
ibm,1888,5,9894-QMIMJ
ibm,1893,5,3466-WAESX
ibm,1895,5,3638-VBZTA
ibm,1898,5,6689-TCZHQ
ibm,1899,5,8563-OYMQY
ibm,1907,5,2272-UOINI
ibm,1923,5,7696-CFTAT
ibm,1931,5,7409-JURKQ
ibm,1934,5,4587-NUKOX
ibm,1940,5,4890-VMUAV
ibm,1946,5,7449-HVPIV
ibm,1953,5,5054-IEXZT
ibm,1964,5,2430-RRYUW
ibm,1984,5,4373-MAVJG
ibm,1985,5,8901-HJXTF
ibm,1988,5,3424-NMNBO
ibm,1998,5,7615-ESMYF
ibm,2006,5,0224-HJAPT
ibm,2007,5,8086-OVPWV
ibm,2016,5,8861-HGGKB
ibm,2022,5,5989-PGKJB
ibm,2024,5,8272-ONJLV
ibm,2031,5,5349-AZPEW
ibm,2034,5,9720-JJJOR
ibm,2035,5,8100-HZZLJ
ibm,2036,5,8775-ERLNB
ibm,2039,5,6298-QDFNH
ibm,2045,5,7519-JTWQH
ibm,2051,5,5346-BZCHP
ibm,2059,5,7483-IQWIB
ibm,2063,5,7833-PKIHD
ibm,2073,5,3061-BCKYI
ibm,2081,5,5934-TSSAU
ibm,2082,5,3486-KHMLI
ibm,2085,5,8290-YWKHZ
ibm,2092,5,2251-PYLPB
ibm,2098,5,4137-BTIKL
ibm,2114,5,7707-PYBBH
ibm,2116,5,4349-GFQHK
ibm,2119,5,9805-FILKB
ibm,2121,5,0673-IGUQO
ibm,2137,5,8612-GXIDD
ibm,2142,5,4223-BKEOR
ibm,2165,5,5039-LZRQT
ibm,2168,5,8699-ASUFO
ibm,2174,5,1178-PZGAB
ibm,2183,5,6844-DZKRF
ibm,2184,5,4695-WJZUE
ibm,2187,5,8879-XUAHX
ibm,2192,5,7622-FWGEW
ibm,2197,5,8548-AWOFC
ibm,2200,5,6296-DDOOR
ibm,2203,5,4815-YOSUK
ibm,2205,5,0380-NEAVX
ibm,2207,5,4285-GYRQC
ibm,2208,5,7216-EWTRS
ibm,2209,5,4365-MSDYN
ibm,2232,5,6479-SZPLM
ibm,2236,5,3420-ZDBMA
ibm,2237,5,2212-LYASK
ibm,2246,5,7181-BQYBV
ibm,2250,5,0829-DDVLK
ibm,2255,5,9537-VHDTA
ibm,2265,5,1583-IHQZE
ibm,2268,5,7205-BAIAD
ibm,2273,5,0219-QAERP
ibm,2277,5,3571-RFHAR
ibm,2281,5,9578-VRMNM
ibm,2282,5,1587-FKLZB
ibm,2283,5,6140-QNRQQ
ibm,2300,5,4800-CZMPC
ibm,2308,5,3324-OIRTO
ibm,2320,5,1187-WILMM
ibm,2325,5,3097-PYWXL
ibm,2334,5,9121-PHQSR
ibm,2338,5,4277-BWBML
ibm,2343,5,2637-FKFSY
ibm,2347,5,7089-RKVSZ
ibm,2354,5,9424-CMPOG
ibm,2370,5,6993-YGFJV
ibm,2371,5,2712-SYWAY
ibm,2373,5,5498-IBWPI
ibm,2374,5,9101-NTIXF
ibm,2376,5,9314-QDMDW
ibm,2377,5,9308-ANMVE
ibm,2380,5,3413-DHLPB
ibm,2384,5,2573-GYRUU
ibm,2393,5,5136-KCKGI
ibm,2394,5,8231-BSWXX
ibm,2398,5,7389-KBFIT
ibm,2399,5,7176-WIONM
ibm,2402,5,7623-HKYRK
ibm,2409,5,3275-RHRNE
ibm,2410,5,3503-TYDAY
ibm,2417,5,4307-KWMXE
ibm,2423,5,1133-KXCGE
ibm,2430,5,1821-BUCWY
ibm,2435,5,9481-SFCQY
ibm,2440,5,2171-UDMFD
ibm,2441,5,9050-IKDZA
ibm,2447,5,1475-VWVDO
ibm,2462,5,2585-KTFRE
ibm,2470,5,2143-LJULT
ibm,2476,5,9135-MGVPY
ibm,2477,5,1212-GLHMD
ibm,2485,5,9921-ZVRHG
ibm,2487,5,6620-HVDUJ
ibm,2488,5,4701-MLJPN
ibm,2495,5,6188-UXBBR
ibm,2509,5,1926-QUZNN
ibm,2510,5,3707-GNWHM
ibm,2514,5,8922-LIEGH
ibm,2515,5,8869-LIHMK
ibm,2520,5,5788-YPOEG
ibm,2532,5,9825-YCXWZ
ibm,2533,5,5397-NSKQG
ibm,2538,5,7758-UJWYS
ibm,2550,5,8129-GMVGI
ibm,2556,5,8868-GAGIO
ibm,2588,5,5780-INQIK
ibm,2591,5,8384-FZBJK
ibm,2595,5,1265-BCFEO
ibm,2605,5,1790-NESIO
ibm,2614,5,3351-NQLDI
ibm,2615,5,9297-EONCV
ibm,2616,5,7593-JNWRU
ibm,2631,5,6861-XWTWQ
ibm,2635,5,9953-ZMKSM
ibm,2637,5,7665-NKLAV
ibm,2643,5,3550-SAHFP
ibm,2653,5,9481-WHGWY
ibm,2656,5,4328-VUFWD
ibm,2666,5,8414-OOEEL
ibm,2669,5,4659-NZRUF
ibm,2671,5,4191-XOVOM
ibm,2673,5,8429-XIBUM
ibm,2676,5,1872-EBWSC
ibm,2688,5,1569-TTNYJ
ibm,2690,5,2397-BRLOM
ibm,2706,5,7598-UAASY
ibm,2708,5,8510-AWCXC
ibm,2712,5,5133-VRSAB
ibm,2714,5,6838-YAUVY
ibm,2723,5,1866-ZSLJM
ibm,2741,5,1724-BQUHA
ibm,2759,5,1194-SPVSP
ibm,2771,5,6366-XIVKZ
ibm,2776,5,7503-QQRVF
ibm,2779,5,2691-NZETQ
ibm,2784,5,7295-JOMMD
ibm,2786,5,6584-VQMYT
ibm,2791,5,1023-BQXZE
ibm,2795,5,0709-TVGUR
ibm,2806,5,3259-QMXUN
ibm,2812,5,3763-GCZHZ
ibm,2818,5,4831-EOBFE
ibm,2820,5,3251-YMVWZ
ibm,2836,5,6988-CJEYV
ibm,2847,5,6985-HAYWX
ibm,2850,5,2277-DJJDL
ibm,2874,5,8347-GDTMP
ibm,2876,5,6746-WAUWT
ibm,2877,5,0310-MVLET
ibm,2878,5,0428-IKYCP
ibm,2881,5,4003-OCTMP
ibm,2896,5,9522-ZSINC
ibm,2900,5,0679-IDSTG
ibm,2901,5,7765-LWVVH
ibm,2918,5,2761-XECQW
ibm,2932,5,7740-BTPUX
ibm,2948,5,2845-AFFTX
ibm,2949,5,3489-VSFRD
ibm,2952,5,5260-UMPWX
ibm,2955,5,4626-GYCZP
ibm,2966,5,8648-PFRMP
ibm,2971,5,9348-ROUAI
ibm,2974,5,1481-ZUWZA
ibm,2975,5,3043-TYBNO
ibm,2984,5,6765-MBQNU
ibm,2985,5,9786-IJYDL
ibm,2991,5,2207-QPJED
ibm,3004,5,3801-HMYNL
ibm,3007,5,6022-UGGSO
ibm,3014,5,5857-TYBCJ
ibm,3021,5,6377-KSLXC
ibm,3034,5,7120-RFMVS
ibm,3041,5,1406-PUQVY
ibm,3044,5,5692-FPTAH
ibm,3057,5,7319-ZNRTR
ibm,3059,5,7503-EPSZW
ibm,3060,5,7089-XXAYG
ibm,3063,5,1666-JXLKU
ibm,3067,5,7005-CCBKV
ibm,3069,5,1784-BXEFA
ibm,3070,5,7351-MHQVU
ibm,3071,5,9224-VTYID
ibm,3073,5,5762-TJXGK
ibm,3076,5,4250-FDVOU
ibm,3098,5,4248-HCETZ
ibm,3106,5,2817-LVCPP
ibm,3107,5,5038-ETMLM
ibm,3108,5,5056-FIMPT
ibm,3110,5,6569-KTMDU
ibm,3111,5,8809-RIHDD
ibm,3115,5,4822-NGOCH
ibm,3124,5,3889-VWBID
ibm,3129,5,7080-TNUWP
ibm,3134,5,7168-HDQHG
ibm,3148,5,2452-SNHFZ
ibm,3152,5,9909-DFRJA
ibm,3168,5,4893-GYUJU
ibm,3169,5,4578-PHJYZ
ibm,3181,5,1265-ZFOSD
ibm,3186,5,3457-PQBYH
ibm,3190,5,3745-HRPHI
ibm,3195,5,0570-BFQHT
ibm,3203,5,5879-HMFFH
ibm,3205,5,3810-DVDQQ
ibm,3211,5,4359-INNWN
ibm,3219,5,3896-ZVNET
ibm,3222,5,6817-WTYHE
ibm,3238,5,7850-THJMU
ibm,3244,5,7966-YOTQW
ibm,3254,5,3629-ZNKXA
ibm,3263,5,0689-DSXGL
ibm,3265,5,9722-UJOJR
ibm,3280,5,6504-VBLFL
ibm,3281,5,6322-PJJDJ
ibm,3283,5,1085-LDWAM
ibm,3284,5,7586-ZATGZ
ibm,3287,5,5828-AVIPD
ibm,3288,5,1843-TLSGD
ibm,3291,5,9143-CANJF
ibm,3300,5,1403-LKLIK
ibm,3303,5,7786-WBJYI
ibm,3308,5,2706-QZIHY
ibm,3315,5,9659-ZTWSM
ibm,3316,5,9139-TWBAS
ibm,3326,5,7657-DYEPJ
ibm,3331,5,7644-OMVMY
ibm,3334,5,0337-CNPZE
ibm,3337,5,0840-DFEZH
ibm,3363,5,3474-BAFSJ
ibm,3369,5,4680-KUTAJ
ibm,3389,5,9617-INGJY
ibm,3399,5,8434-PNQZX
ibm,3400,5,5950-AAAGJ
ibm,3407,5,1167-OYZJF
ibm,3413,5,5294-DMSFH
ibm,3417,5,3272-VUHPV
ibm,3428,5,8749-JMNKX
ibm,3432,5,8174-TBVCF
ibm,3433,5,1698-XFZCI
ibm,3438,5,5955-ERIHD
ibm,3443,5,5996-NRVXR
ibm,3444,5,3739-YBWAB
ibm,3445,5,7047-FWEYA
ibm,3446,5,2000-MPKCA
ibm,3450,5,0100-DUVFC
ibm,3451,5,5397-TUPSH
ibm,3453,5,0326-VDYXE
ibm,3456,5,0436-TWFFZ
ibm,3459,5,6609-MXJHJ
ibm,3461,5,8400-WZICQ
ibm,3478,5,7673-LPRNY
ibm,3484,5,2921-XWDJH
ibm,3488,5,0003-MKNFE
ibm,3504,5,3678-MNGZX
ibm,3506,5,2916-BQZLN
ibm,3513,5,4063-EIKNQ
ibm,3515,5,5206-HPJKM
ibm,3516,5,7587-RZNME
ibm,3523,5,0378-CJKPV
ibm,3524,5,4706-AXVKM
ibm,3525,5,5889-JTMUL
ibm,3531,5,4311-QTTAI
ibm,3534,5,2165-VOEGB
ibm,3545,5,6212-ATMLK
ibm,3547,5,1568-BEKZM
ibm,3551,5,7594-RQHXR
ibm,3576,5,2560-QTSBS
ibm,3580,5,0260-ZDLGK
ibm,3584,5,9552-TGUZV
ibm,3591,5,0133-BMFZO
ibm,3593,5,9540-JYROE
ibm,3604,5,9313-CDOGY
ibm,3609,5,4488-KQFDT
ibm,3615,5,6900-PXRMS
ibm,3621,5,2933-FILNV
ibm,3629,5,7527-QNRUS
ibm,3631,5,2722-JMONI
ibm,3638,5,7579-OOPEC
ibm,3639,5,0512-FLFDW
ibm,3646,5,9738-QLWTP
ibm,3650,5,5699-BNCAS
ibm,3679,5,1240-KNSEZ
ibm,3681,5,4433-JCGCG
ibm,3682,5,3716-BDVDB
ibm,3696,5,3144-AUDBS
ibm,3700,5,5616-PRTNT
ibm,3702,5,4818-QIUFN
ibm,3704,5,4227-OJHAL
ibm,3705,5,9220-CXRSC
ibm,3721,5,2839-RFSQE
ibm,3727,5,9057-SIHCH
ibm,3741,5,2984-TBYKU
ibm,3742,5,9822-WMWVG
ibm,3752,5,0412-UCCNP
ibm,3756,5,9136-ALYBR
ibm,3757,5,4615-PIVVU
ibm,3761,5,9385-NXKDA
ibm,3763,5,2959-MJHIC
ibm,3775,5,1866-RZZQS
ibm,3785,5,8337-UPOAQ
ibm,3787,5,2386-OWURY
ibm,3793,5,6278-FEPBZ
ibm,3796,5,8614-VGMMV
ibm,3800,5,7973-DZRKH
ibm,3804,5,9773-PEQBZ
ibm,3806,5,0650-BWOZN
ibm,3807,5,8625-AZYZY
ibm,3811,5,3620-MWJNE
ibm,3814,5,6701-YVNQG
ibm,3822,5,6137-NICCO
ibm,3831,5,6946-LMSQS
ibm,3834,5,2325-ZUSFD
ibm,3857,5,3675-EQOZA
ibm,3869,5,1357-BIJKI
ibm,3875,5,2403-BCASL
ibm,3877,5,2898-LSJGD
ibm,3890,5,3886-CERTZ
ibm,3893,5,5816-SCGFC
ibm,3901,5,2773-OVBPK
ibm,3915,5,3115-JPJDD
ibm,3924,5,7716-YTYHG
ibm,3939,5,8945-GRKHX
ibm,3946,5,5154-VEKBL
ibm,3956,5,4587-VVTOX
ibm,3975,5,2860-RANUS
ibm,3978,5,0432-CAJZV
ibm,3983,5,1334-FJSVR
ibm,3989,5,7634-WSWDB
ibm,3990,5,6986-IXNDM
ibm,3994,5,0406-BPDVR
ibm,3997,5,6023-GSSXW
ibm,3999,5,5276-KQWHG
ibm,4003,5,0582-AVCLN
ibm,4006,5,2607-DHDAK
ibm,4015,5,8570-KLJYJ
ibm,4019,5,6615-NGGZJ
ibm,4032,5,4098-NAUKP
ibm,4034,5,4608-LCIMN
ibm,4037,5,0603-TPMIB
ibm,4038,5,2525-GVKQU
ibm,4042,5,5404-GGUKR
ibm,4043,5,3308-JSGML
ibm,4049,5,6199-IWKGC
ibm,4060,5,0757-WCUUZ
ibm,4071,5,6537-QLGEX
ibm,4075,5,3160-TYXLT
ibm,4083,5,0324-BRPCJ
ibm,4087,5,3847-BAERP
ibm,4090,5,1453-RZFON
ibm,4096,5,0829-XXPLX
ibm,4098,5,5356-RHIPP
ibm,4113,5,3982-JGSFD
ibm,4114,5,1574-DYCWE
ibm,4119,5,6016-NXBNJ
ibm,4122,5,4632-XJMEX
ibm,4127,5,8626-XHBIE
ibm,4138,5,5597-GLBUC
ibm,4141,5,8450-UYIBU
ibm,4143,5,4822-YCXMX
ibm,4146,5,9821-POOTN
ibm,4159,5,6917-YACBP
ibm,4160,5,5049-MUBWG
ibm,4163,5,9253-VIFJQ
ibm,4170,5,0906-QVPMS
ibm,4176,5,4685-TFLLS
ibm,4201,5,1166-PQLGG
ibm,4205,5,6427-FEFIG
ibm,4211,5,2034-CGRHZ
ibm,4216,5,2990-IAJSV
ibm,4225,5,5345-BMKWB
ibm,4226,5,3519-ZKXGG
ibm,4229,5,5451-YHYPW
ibm,4247,5,5161-UBZXI
ibm,4250,5,0565-JUPYD
ibm,4256,5,8207-VVMYB
ibm,4257,5,9732-EQMWY
ibm,4263,5,2121-JAFOM
ibm,4265,5,2632-UCGVD
ibm,4270,5,2167-FQSTQ
ibm,4275,5,2692-PFYTJ
ibm,4290,5,7734-DBOAI
ibm,4293,5,2114-MGINA
ibm,4297,5,2192-OZITF
ibm,4311,5,2187-LZGPL
ibm,4313,5,6288-LBEAR
ibm,4318,5,4369-NYSCF
ibm,4319,5,6333-YDVLT
ibm,4329,5,2979-SXESE
ibm,4338,5,9708-HPXWZ
ibm,4340,5,4468-YDOVK
ibm,4344,5,2200-DSAAL
ibm,4349,5,7903-CMPEY
ibm,4352,5,0595-ITUDF
ibm,4357,5,7998-ZLXWN
ibm,4380,5,2520-SGTTA
ibm,4390,5,0377-JBKKT
ibm,4394,5,0228-MAUWC
ibm,4399,5,3086-RUCRN
ibm,4404,5,1307-ATKGB
ibm,4410,5,0848-ZGQIJ
ibm,4411,5,3621-CHYVB
ibm,4427,5,5278-PNYOX
ibm,4442,5,9837-BMCLM
ibm,4447,5,7821-DPRQE
ibm,4455,5,8280-MQRQN
ibm,4469,5,6893-ODYYE
ibm,4476,5,7434-SHXLS
ibm,4484,5,7465-ZZRVX
ibm,4487,5,4116-IQRFR
ibm,4495,5,4702-IOQDC
ibm,4512,5,0707-HOVVN
ibm,4513,5,8580-QVLOC
ibm,4521,5,8671-KKKOS
ibm,4524,5,3934-HXCFZ
ibm,4533,5,5360-LJCNJ
ibm,4537,5,1100-DDVRV
ibm,4555,5,4804-NCPET
ibm,4556,5,3750-CKVKH
ibm,4560,5,2252-ISRNH
ibm,4565,5,1866-DIOQZ
ibm,4566,5,8375-KVTHK
ibm,4588,5,2105-PHWON
ibm,4593,5,9256-JTBNZ
ibm,4600,5,1741-WTPON
ibm,4603,5,3594-KADLU
ibm,4607,5,2853-CWQFQ
ibm,4610,5,2889-FPWRM
ibm,4611,5,0626-QXNGV
ibm,4620,5,8513-OLYGY
ibm,4623,5,8755-IWJHN
ibm,4631,5,2462-XIIJB
ibm,4633,5,1820-DJFPH
ibm,4635,5,9068-FHQHD
ibm,4648,5,9717-QEBGU
ibm,4661,5,9415-ZNBSX
ibm,4666,5,8780-RSYYU
ibm,4670,5,8741-LQOBK
ibm,4673,5,6402-ZFPPI
ibm,4674,5,0980-FEXWF
ibm,4678,5,3006-XIMLN
ibm,4680,5,1986-PHGZF
ibm,4681,5,9965-YOKZB
ibm,4688,5,2988-GBIVW
ibm,4694,5,0594-UFTUL
ibm,4696,5,9128-CPXKI
ibm,4707,5,0961-ZWLVI
ibm,4716,5,5176-OLSKT
ibm,4718,5,3556-BVQGL
ibm,4719,5,0362-ZBZWJ
ibm,4721,5,4211-MMAZN
ibm,4723,5,4274-OWWYO
ibm,4726,5,2192-CKRLV
ibm,4727,5,3154-HMWUU
ibm,4730,5,7813-ZGGAW
ibm,4731,5,8748-HFWBO
ibm,4734,5,4106-HADHQ
ibm,4738,5,2369-UAPKZ
ibm,4756,5,9518-IMLHK
ibm,4764,5,2962-XPMCQ
ibm,4773,5,8627-EHGIP
ibm,4776,5,0018-NYROU
ibm,4779,5,0480-BIXDE
ibm,4783,5,8760-ZRHKE
ibm,4793,5,2284-VFLKH
ibm,4799,5,4182-BGSIQ
ibm,4800,5,9300-AGZNL
ibm,4802,5,9972-NKTFD
ibm,4821,5,9200-NLNPD
ibm,4825,5,0921-OHLVP
ibm,4829,5,1600-DILPE
ibm,4846,5,8993-IZEUX
ibm,4848,5,5380-AFSSK
ibm,4851,5,2055-PDADH
ibm,4852,5,7515-LODFU
ibm,4853,5,0440-UEDAI
ibm,4856,5,8714-EUHJO
ibm,4857,5,6344-SFJVH
ibm,4863,5,8727-JQFHV
ibm,4877,5,4973-RLZVI
ibm,4882,5,8404-VIOMB
ibm,4884,5,2359-KLTEK
ibm,4897,5,2533-TIBIX
ibm,4901,5,3765-JXVKY
ibm,4902,5,5092-STPKP
ibm,4915,5,2436-QBZFP
ibm,4918,5,6582-PLFUU
ibm,4922,5,7839-NUIAA
ibm,4929,5,2055-BFOCC
ibm,4932,5,5566-SOEZD
ibm,4934,5,2272-WUSPA
ibm,4937,5,0930-EHUZA
ibm,4940,5,3703-KBKZP
ibm,4957,5,4486-EFAEB
ibm,4964,5,3943-KDREE
ibm,4965,5,9239-ZBZZV
ibm,4980,5,8595-SIZNC
ibm,5000,5,5600-PDUJF
ibm,5011,5,9699-UBQFS
ibm,5014,5,3528-HFRIQ
ibm,5016,5,4140-WJAWW
ibm,5024,5,8774-GSBUN
ibm,5026,5,1401-FTHFQ
ibm,5040,5,9909-IDLEK
ibm,5045,5,9500-LTVBP
ibm,5065,5,6551-ZCOTS
ibm,5067,5,5018-LXQQG
ibm,5074,5,2821-WARNZ
ibm,5082,5,8779-YIQQA
ibm,5088,5,1399-OUPJN
ibm,5090,5,6502-HCJTI
ibm,5095,5,7269-JISCY
ibm,5097,5,8547-NSBBO
ibm,5110,5,8541-QVFKM
ibm,5113,5,9258-CNWAC
ibm,5119,5,6034-YMTOB
ibm,5124,5,7267-FRMJW
ibm,5132,5,3850-OKINF
ibm,5133,5,6892-XPFPU
ibm,5148,5,6196-HBOBZ
ibm,5156,5,8109-YUOHE
ibm,5164,5,6135-OZQVA
ibm,5166,5,2252-JHJGE
ibm,5168,5,6000-APYLU
ibm,5170,5,7721-DVEKZ
ibm,5171,5,3566-VVORZ
ibm,5174,5,0947-IDHRQ
ibm,5187,5,2080-CAZNM
ibm,5194,5,1902-XBTFB
ibm,5196,5,0786-IVLAW
ibm,5202,5,8591-TKMZH
ibm,5210,5,2794-XIMMO
ibm,5214,5,2983-ZANRP
ibm,5220,5,2282-YGNOR
ibm,5239,5,2056-EVGZL
ibm,5246,5,1981-INRFU
ibm,5249,5,5115-GZDEL
ibm,5253,5,2851-STERV
ibm,5254,5,4393-GEADV
ibm,5274,5,6723-WSNTY
ibm,5289,5,3642-GKTCT
ibm,5305,5,9027-TMATR
ibm,5312,5,9564-KCLHR
ibm,5325,5,2690-DVRVK
ibm,5331,5,5583-EJXRD
ibm,5337,5,6705-LNMDD
ibm,5344,5,6283-GITPX
ibm,5349,5,5375-XLDOF
ibm,5361,5,2495-TTHBQ
ibm,5365,5,0847-HGRML
ibm,5371,5,0877-SDMBN
ibm,5382,5,6229-UOLQL
ibm,5395,5,9095-HFAFX
ibm,5404,5,8910-ICHIU
ibm,5412,5,3733-UOCWF
ibm,5418,5,8490-BXHEO
ibm,5422,5,3563-SVYLG
ibm,5447,5,8660-BUETV
ibm,5460,5,6551-VLJMV
ibm,5476,5,6060-DRTNL
ibm,5481,5,8473-VUVJN
ibm,5485,5,7794-JASDG
ibm,5496,5,2208-NKVVH
ibm,5497,5,7614-QVWQL
ibm,5500,5,7139-JZFVG
ibm,5507,5,5753-QQWPW
ibm,5510,5,6693-FRIRW
ibm,5511,5,6586-MYGKD
ibm,5514,5,0623-GDISB
ibm,5515,5,2892-GESUL
ibm,5518,5,9574-RKJIF
ibm,5519,5,2043-WVTQJ
ibm,5528,5,9127-QRZMH
ibm,5545,5,7658-UYUQS
ibm,5549,5,0329-GTIAJ
ibm,5552,5,6072-NUQCB
ibm,5554,5,8838-GPHZP
ibm,5557,5,6918-UMQCG
ibm,5560,5,1346-PJWTK
ibm,5568,5,2270-CHBFN
ibm,5570,5,5982-FPVQN
ibm,5572,5,4654-ULTTN
ibm,5592,5,5063-IUOKK
ibm,5594,5,0027-KWYKW
ibm,5607,5,2460-FPSYH
ibm,5611,5,6847-KJLTS
ibm,5632,5,5567-GZKQY
ibm,5649,5,6147-CBCRA
ibm,5655,5,5666-MBJPT
ibm,5666,5,8318-LCNBW
ibm,5668,5,0147-ESWWR
ibm,5672,5,5915-DGNVC
ibm,5681,5,2522-WLNSF
ibm,5698,5,0654-HMSHN
ibm,5699,5,6719-OXYBR
ibm,5701,5,6476-YHMGA
ibm,5708,5,7072-MBHEV
ibm,5728,5,3374-LXDEV
ibm,5734,5,6408-WHTEF
ibm,5740,5,8882-TLVRW
ibm,5741,5,5883-GTGVD
ibm,5751,5,0932-YIXYU
ibm,5766,5,1183-CANVH
ibm,5775,5,4057-FKCZK
ibm,5779,5,2237-ZFSMY
ibm,5782,5,4871-JTKJF
ibm,5793,5,3873-NFTGI
ibm,5814,5,0787-LHDYT
ibm,5817,5,4361-JEIVL
ibm,5820,5,1752-OZXFY
ibm,5829,5,6933-VLYFX
ibm,5830,5,6754-WKSHP
ibm,5834,5,5055-MGMGF
ibm,5835,5,4641-FROLU
ibm,5849,5,0281-CNTZX
ibm,5852,5,3398-ZOUAA
ibm,5857,5,0378-NHQXU
ibm,5863,5,7969-AULMZ
ibm,5867,5,2428-HYUNX
ibm,5871,5,0733-VUNUW
ibm,5883,5,6131-JLWZM
ibm,5884,5,4785-QRJHC
ibm,5889,5,9693-XMUOB
ibm,5895,5,8033-ATFAS
ibm,5897,5,0562-HKHML
ibm,5913,5,6156-UZDLF
ibm,5919,5,6625-IUTTT
ibm,5921,5,0068-FIGTF
ibm,5927,5,6080-LNESI
ibm,5947,5,7951-QKZPL
ibm,5961,5,2049-BAFNW
ibm,5962,5,3842-QTGDL
ibm,5964,5,9782-LGXMC
ibm,5973,5,2324-EFHVG
ibm,5987,5,1099-GODLO
ibm,5993,5,2080-GKCWQ
ibm,5999,5,6733-LRIZX
ibm,6007,5,2724-FJDYW
ibm,6012,5,5685-IIXLY
ibm,6020,5,0020-JDNXP
ibm,6024,5,5095-AESKG
ibm,6028,5,1871-MOWRM
ibm,6035,5,9835-ZIITK
ibm,6043,5,6338-AVWCY
ibm,6047,5,0708-LGSMF
ibm,6052,5,2516-XSJKX
ibm,6055,5,6599-SFQVE
ibm,6065,5,4458-KVRBJ
ibm,6074,5,3797-VTIDR
ibm,6077,5,8085-MSNLK
ibm,6084,5,5119-KEPFY
ibm,6093,5,7110-BDTWG
ibm,6094,5,7493-GVFIO
ibm,6095,5,0690-SRQID
ibm,6099,5,7711-GQBZC
ibm,6102,5,9795-NREXC
ibm,6108,5,4819-HJPIW
ibm,6109,5,8654-DHAOW
ibm,6113,5,1228-ZLNBX
ibm,6114,5,4226-KKDON
ibm,6118,5,9924-JPRMC
ibm,6121,5,7337-CINUD
ibm,6141,5,5385-SUIRI
ibm,6144,5,2322-VCZHZ
ibm,6158,5,3845-FXCYS
ibm,6161,5,4343-EJVQB
ibm,6172,5,6379-RXJRQ
ibm,6175,5,4377-VDHYI
ibm,6179,5,6328-ZPBGN
ibm,6181,5,4937-QPZPO
ibm,6186,5,4789-KWMXN
ibm,6203,5,1090-PYKCI
ibm,6205,5,7547-EKNFS
ibm,6209,5,3417-TSCIC
ibm,6210,5,1042-HFUCW
ibm,6226,5,2097-YVPKN
ibm,6236,5,1932-UEDCX
ibm,6243,5,3544-FBCAS
ibm,6244,5,5331-RGMTT
ibm,6253,5,6128-DAFVY
ibm,6272,5,4636-OLWOE
ibm,6274,5,4685-ERGHK
ibm,6276,5,5003-OKNNK
ibm,6278,5,7208-PSIHR
ibm,6288,5,3422-GALYP
ibm,6297,5,0864-FVJNJ
ibm,6300,5,3967-VQOGC
ibm,6305,5,1597-LHYNC
ibm,6321,5,1577-HKTFG
ibm,6327,5,3736-BLEPA
ibm,6343,5,0902-RFHOF
ibm,6348,5,1025-FALIX
ibm,6351,5,1842-EZJMK
ibm,6359,5,7148-XZPHA
ibm,6370,5,2869-ADAWR
ibm,6371,5,1535-VTJOQ
ibm,6389,5,3777-XROBG
ibm,6395,5,3058-HJCUY
ibm,6397,5,7994-XIRTR
ibm,6403,5,3258-ZKPAI
ibm,6407,5,6728-CZFEI
ibm,6408,5,5748-RNCJT
ibm,6418,5,2486-WYVVE
ibm,6434,5,6608-QQLVK
ibm,6435,5,0298-XACET
ibm,6438,5,3551-HUAZH
ibm,6439,5,9137-UIYPG
ibm,6440,5,2809-ZMYOQ
ibm,6452,5,9529-OFXHY
ibm,6453,5,8634-MPHTR
ibm,6455,5,2478-EEWWM
ibm,6456,5,9174-IHETN
ibm,6459,5,3256-EZDBI
ibm,6461,5,0419-YAAPX
ibm,6463,5,0872-CASZJ
ibm,6466,5,3094-JOJAI
ibm,6468,5,2599-CZABP
ibm,6473,5,9223-UCPVT
ibm,6483,5,3644-QXEHN
ibm,6485,5,5921-NGYRH
ibm,6495,5,7254-IQWOZ
ibm,6507,5,5708-EVONK
ibm,6508,5,8708-XPXHZ
ibm,6510,5,0572-ZJKLT
ibm,6520,5,0220-EBGCE
ibm,6522,5,7233-IOQNP
ibm,6523,5,2834-JKOOW
ibm,6537,5,1444-VVSGW
ibm,6543,5,8050-XGRVL
ibm,6546,5,9828-QHFBK
ibm,6548,5,5012-YSPJJ
ibm,6559,5,1427-VERSM
ibm,6561,5,6339-YPSAH
ibm,6569,5,2229-DPMBI
ibm,6570,5,9626-WEQRM
ibm,6572,5,6258-PVZWJ
ibm,6608,5,4576-CSAJH
ibm,6628,5,9979-RGMZT
ibm,6630,5,1226-IENZN
ibm,6636,5,3468-DRVQJ
ibm,6641,5,2810-FTLEM
ibm,6643,5,3411-WLRSQ
ibm,6648,5,2164-SOQXL
ibm,6649,5,4020-KIUDI
ibm,6650,5,5850-BDWCY
ibm,6651,5,2038-YSEZE
ibm,6653,5,8799-OXZMD
ibm,6673,5,3798-EPWRR
ibm,6678,5,3978-YNKDD
ibm,6679,5,4940-KHCWD
ibm,6684,5,0305-SQECB
ibm,6688,5,0064-SUDOG
ibm,6717,5,3768-NLUBH
ibm,6734,5,8182-PNAGI
ibm,6735,5,6365-HITVU
ibm,6737,5,9488-FYQAU
ibm,6740,5,7957-RYHQD
ibm,6747,5,5245-VDBUR
ibm,6750,5,2144-ESWKO
ibm,6760,5,5295-PCJOO
ibm,6767,5,7672-VFMXZ
ibm,6773,5,3990-QYKBE
ibm,6774,5,0970-QXPXW
ibm,6783,5,9867-XOBQA
ibm,6790,5,8441-SHIPE
ibm,6791,5,5204-QZXPU
ibm,6792,5,4597-ELFTS
ibm,6810,5,7758-XKCBS
ibm,6816,5,2446-PLQVO
ibm,6828,5,2005-DWQZJ
ibm,6834,5,3635-JBPSG
ibm,6837,5,6229-LSCKB
ibm,6849,5,5060-TQUQN
ibm,6869,5,5906-CVLHP
ibm,6871,5,4070-OKWVH
ibm,6876,5,6341-AEVKX
ibm,6881,5,7078-NVFAM
ibm,6884,5,7384-GHBPI
ibm,6896,5,3085-QUOZK
ibm,6900,5,7921-LMDFQ
ibm,6901,5,2925-MXLSX
ibm,6909,5,9108-EJFJP
ibm,6910,5,0530-IJVDB
ibm,6912,5,2215-ZAFGX
ibm,6913,5,8213-TAZPM
ibm,6925,5,6508-NJYRO
ibm,6932,5,0463-ZSDNT
ibm,6940,5,2314-TNDJQ
ibm,6951,5,9588-YRFHY
ibm,6961,5,8155-IBNHG
ibm,6962,5,0886-QGENL
ibm,6968,5,8685-WHQPW
ibm,6976,5,5130-YPIRV
ibm,6984,5,6447-GORXK
ibm,6987,5,5981-ZVXOT
ibm,7002,5,9586-JGQKH
ibm,7014,5,9053-EJUNL
ibm,7017,5,4807-IZYOZ
ibm,7019,5,9710-NJERN
ibm,7024,5,7398-LXGYX
ibm,7026,5,8775-CEBBJ
ibm,7027,5,0550-DCXLH
ibm,7031,5,3605-JISKB
ibm,7035,5,8456-QDAVC
iranian,8,1,1741945650743593569
iranian,9,1,11622736792058908869
iranian,13,1,14799252605509475126
iranian,14,1,4757395408620815925
iranian,18,1,5205107714038359186
iranian,19,1,16335064107924882942
iranian,23,1,9721704496859989505
iranian,25,1,4593776810347842238
iranian,47,1,7028467879224767917
iranian,61,1,12765630870356782979
iranian,66,1,855385832744626162
iranian,77,1,14450837186905053496
iranian,88,1,12909344697007235081
iranian,94,1,7129447873169437665
iranian,102,1,795608029793286479
iranian,105,1,3031069188652997009
iranian,114,1,11964205789823738210
iranian,116,1,8031953391622033839
iranian,124,1,17790337243481032143
iranian,125,1,10298992445328095274
iranian,133,1,7380852259058169644
iranian,144,1,12936249441738618552
iranian,152,1,16700414171974019497
iranian,160,1,10749135229926775269
iranian,165,1,195499705396583260
iranian,170,1,7725094744914925677
iranian,177,1,4925691601910444820
iranian,181,1,385789776858831357
iranian,187,1,10880481300342556725
iranian,197,1,15484442741701711774
iranian,219,1,6335983309771969372
iranian,222,1,7960928990322812728
iranian,225,1,6962689386470501211
iranian,226,1,105090625934443844
iranian,230,1,6714382748708740571
iranian,237,1,1876258603534239840
iranian,239,1,4929166655952357383
iranian,254,1,8417277216255175057
iranian,256,1,65728660117026343
iranian,257,1,13295417181380795780
iranian,258,1,2018465328179444484
iranian,277,1,7118731360788355786
iranian,288,1,13162231962798035261
iranian,289,1,3280638133605789687
iranian,292,1,8726687359086717895
iranian,300,1,16632452820929157415
iranian,312,1,4533094539262561787
iranian,314,1,12202669014153472534
iranian,320,1,9996788323109938044
iranian,322,1,655809215037469753
iranian,324,1,10241794805292345550
iranian,330,1,1995694709536245418
iranian,337,1,3069818779505107209
iranian,341,1,16211562536440680727
iranian,348,1,5510615182596801046
iranian,356,1,3257972873561573463
iranian,365,1,9900049829787212084
iranian,378,1,3860132318787007260
iranian,381,1,3543602983177984029
iranian,386,1,664377269148905703
iranian,392,1,4359915428834685881
iranian,396,1,10304542264643496405
iranian,400,1,17516141984694716384
iranian,403,1,13417844144570324078
iranian,410,1,421054112971355758
iranian,416,1,12761634761148467135
iranian,418,1,14370972750046589369
iranian,420,1,18113088293118201690
iranian,422,1,12136697974059657556
iranian,439,1,16155887137821139911
iranian,443,1,16987705151608024343
iranian,444,1,9750870575834860340
iranian,445,1,5620928421880556088
iranian,461,1,451555162161107757
iranian,473,1,7172148495834643084
iranian,477,1,16158073813764247052
iranian,478,1,13689241929996074128
iranian,479,1,5139502216005471207
iranian,480,1,5734804488035627170
iranian,490,1,7491457335177908270
iranian,496,1,6414487768323218353
iranian,510,1,4277300509918082303
iranian,513,1,9179537901452394451
iranian,516,1,1146812518561374103
iranian,518,1,5205107714038359186
iranian,527,1,312731332168194033
iranian,532,1,8840167124910923403
iranian,533,1,2926472249793118982
iranian,535,1,4178255888266264884
iranian,536,1,1015711655534319744
iranian,542,1,1505024293693647069
iranian,545,1,17080372723223784868
iranian,555,1,7204937600808713587
iranian,561,1,864345342451457829
iranian,562,1,15544055567714510840
iranian,566,1,12292597135585673634
iranian,574,1,2025787921712899999
iranian,581,1,14664305852295430871
iranian,584,1,12840738536928113833
iranian,587,1,9234309767048374343
iranian,603,1,2547462219350178189
iranian,604,1,5221866971095962995
iranian,606,1,17121926426072282139
iranian,607,1,7740139487120109089
iranian,610,1,16749485920240154601
iranian,621,1,4042745820968842509
iranian,626,1,14346580934351159272
iranian,627,1,4825978829121718148
iranian,633,1,10660539418890699097
iranian,638,1,360876896884655652
iranian,641,1,12241153038578258608
iranian,667,1,13949659406466867667
iranian,673,1,327638734760460605
iranian,676,1,10369398086332921658
iranian,683,1,5634463544147968600
iranian,687,1,6331785786663686017
iranian,697,1,15594820320496233254
iranian,712,1,2781725772952378826
iranian,718,1,5205107714038359186
iranian,733,1,12221861604952070313
iranian,735,1,8533681619249028387
iranian,745,1,4627679435658265202
iranian,748,1,1007242974486382076
iranian,752,1,17121302531608246943
iranian,769,1,18325892156316066741
iranian,775,1,11570526106398120219
iranian,784,1,1487434458227621643
iranian,791,1,2994714003361632621
iranian,800,1,17269937677444981846
iranian,802,1,8131721536631729352
iranian,804,1,12539233192372678710
iranian,805,1,5715231883685167541
iranian,814,1,7263436657337154276
iranian,824,1,14474649142220179592
iranian,825,1,8781144111098430410
iranian,830,1,4875585618683158221
iranian,833,1,15295787282654893243
iranian,837,1,8275823921486630460
iranian,840,1,11717785140352071406
iranian,842,1,18242711436321563652
iranian,844,1,17137726062364998449
iranian,848,1,682319464163532611
iranian,853,1,10884364821451411016
iranian,858,1,1178660344447654289
iranian,860,1,4759627554145361344
iranian,867,1,8474290804398760504
iranian,894,1,16462001591917465520
iranian,900,1,16961346698948289374
iranian,906,1,8144462788583877988
iranian,909,1,8859913784448807738
iranian,912,1,16554636834001237608
iranian,913,1,12785498957310652715
iranian,917,1,5205107714038359186
iranian,944,1,8647787262989912758
iranian,958,1,1741945650743593569
iranian,959,1,11622736792058908869
iranian,963,1,14799252605509475126
iranian,964,1,4757395408620815925
iranian,968,1,5205107714038359186
iranian,969,1,16335064107924882942
iranian,975,1,4593776810347842238
iranian,981,1,10034345334041351151
iranian,996,1,12163223367991406638
iranian,1008,1,1741945650743593569
iranian,1009,1,11622736792058908869
iranian,1013,1,14799252605509475126
iranian,1014,1,4757395408620815925
iranian,1018,1,5205107714038359186
iranian,1019,1,16335064107924882942
iranian,1025,1,4593776810347842238
iranian,1031,1,10034345334041351151
iranian,1046,1,12163223367991406638
iranian,1050,1,4012016966436907729
iranian,1051,1,5205107714038359186
iranian,1057,1,6075000553634088659
iranian,1067,1,14984102965341635117
iranian,1076,1,5078020766122056418
iranian,1086,1,18375122215875998075
iranian,1088,1,1700845719916802600
iranian,1090,1,4722593451504130613
iranian,1096,1,10879729289025605889
iranian,1105,1,9902746450740908156
iranian,1118,1,5205107714038359186
iranian,1124,1,5246583463354766875
iranian,1127,1,13537558701316107072
iranian,1132,1,4922448054195646333
iranian,1138,1,2243540409223666090
iranian,1147,1,7654221891445306774
iranian,1152,1,12923318515404516604
iranian,1169,1,8466907920142203489
iranian,1184,1,17362634424665772645
iranian,1190,1,1235107593113341814
iranian,1220,1,3014372213166738532
iranian,1225,1,6268509809410072940
iranian,1226,1,11281365623737334371
iranian,1229,1,16128687915334165088
iranian,1235,1,54764100361976330
iranian,1242,1,8777973099701035781
iranian,1245,1,12643808064977212007
iranian,1249,1,7626084617571029624
iranian,1270,1,1211945015839610935
iranian,1273,1,7203376889328265929
iranian,1274,1,4797770099840633034
iranian,1278,1,6700990235568651544
iranian,1291,1,12053161677946407023
iranian,1294,1,4195787367152009195
iranian,1295,1,12506069332192813468
iranian,1305,1,6676680211133612971
iranian,1311,1,17474307203289035200
iranian,1314,1,12759721272064848826
iranian,1316,1,12001435186012172769
iranian,1321,1,10756437539465918426
iranian,1322,1,17191341032684273
iranian,1340,1,4002248675513662028
iranian,1354,1,15207411736486239782
iranian,1359,1,15437881079452096725
iranian,1364,1,18443134886524954224
iranian,1367,1,6700990235568651544
iranian,1371,1,13277045490520615784
iranian,1373,1,11735553367504344220
iranian,1374,1,16858066276970662804
iranian,1380,1,12175816117320282840
iranian,1384,1,9584992230152500390
iranian,1391,1,3109412715928084322
iranian,1394,1,14108482204175482880
iranian,1396,1,13500018816683660890
iranian,1400,1,3907858408969119951
iranian,1401,1,13033566597780399877
iranian,1417,1,518630872723626596
iranian,1420,1,7654003926544393006
iranian,1428,1,13567877578137142290
iranian,1430,1,7363340118369913254
iranian,1443,1,5809279931677353306
iranian,1445,1,9314737205714287600
iranian,1457,1,6828298459914573649
iranian,1477,1,17717251730909230669
iranian,1482,1,17671782009017450710
iranian,1491,1,7188653233613248442
iranian,1493,1,9866356756417018996
iranian,1498,1,10495204845389316901
iranian,1503,1,14199236376265434929
iranian,1505,1,13917497648288471390
iranian,1512,1,16138812659741625038
iranian,1517,1,5092396760188276105
iranian,1521,1,14371845254028828427
iranian,1523,1,17160352546003004853
iranian,1524,1,7844590847762365346
iranian,1534,1,14184864309716009669
iranian,1539,1,10739883894870387301
iranian,1546,1,9305763805197569582
iranian,1551,1,5205107714038359186
iranian,1563,1,2464272913289061477
iranian,1576,1,4706934709079874886
iranian,1580,1,10054672904080106900
iranian,1606,1,8178437175161494988
iranian,1619,1,9471088088864788154
iranian,1628,1,12750760720968130608
iranian,1631,1,3277168945442998506
iranian,1638,1,3313164456778716977
iranian,1647,1,3269319961340121795
iranian,1648,1,5818669549122485650
iranian,1653,1,5530419231511109416
iranian,1654,1,18048515672142642424
iranian,1664,1,18344619403740495237
iranian,1666,1,14618075075999211136
iranian,1680,1,203279215829674741
iranian,1683,1,8283644719434867218
iranian,1706,1,2770194272558461983
iranian,1708,1,18442208729020409016
iranian,1712,1,9734811609336283585
iranian,1713,1,9042921449214654323
iranian,1717,1,1848101954381711169
iranian,1722,1,15827315048843132197
iranian,1725,1,4625168643802238649
iranian,1727,1,5954955738006522062
iranian,1740,1,4523032526750166937
iranian,1742,1,782790143954153151
iranian,1751,1,5205107714038359186
iranian,1762,1,18172647711978711579
iranian,1766,1,12355818907865381068
iranian,1767,1,12744450188105243452
iranian,1783,1,7319645441491412919
iranian,1787,1,2893609710091074209
iranian,1789,1,15237803591128589295
iranian,1795,1,15668440012307921081
iranian,1797,1,2933830758816033296
iranian,1812,1,6510291334758313681
iranian,1818,1,6700990235568651544
iranian,1819,1,6449542477098550090
iranian,1825,1,7925548276493892376
iranian,1826,1,9184858411265963933
iranian,1833,1,12693287826054850564
iranian,1837,1,2293528086367157156
iranian,1838,1,6393465997983114712
iranian,1844,1,12760536819546759005
iranian,1849,1,6960208055957646721
iranian,1854,1,6705417737555709081
iranian,1859,1,11567354280433218851
iranian,1863,1,2940614797143878799
iranian,1864,1,14450439011445531582
iranian,1865,1,5799493672242320926
iranian,1869,1,15244133930813316904
iranian,1870,1,9450794687218777889
iranian,1871,1,12390153411245845020
iranian,1878,1,8529120161331144088
iranian,1884,1,13681720253974543980
iranian,1890,1,3492029869882328685
iranian,1895,1,8408335921293108355
iranian,1898,1,17268834043534232664
iranian,1904,1,8313413506550946943
iranian,1907,1,3621319450099552963
iranian,1913,1,7274928403226348513
iranian,1927,1,4296585821477282445
iranian,1957,1,9618773394555245016
iranian,1976,1,9423728035519195587
iranian,1990,1,9550491632825226482
iranian,1995,1,16120403545599582477
iranian,2000,1,4012016966436907729
iranian,2001,1,5205107714038359186
iranian,2007,1,6075000553634088659
iranian,2017,1,14984102965341635117
iranian,2026,1,5078020766122056418
iranian,2036,1,18375122215875998075
iranian,2040,1,4722593451504130613
iranian,2050,1,4012016966436907729
iranian,2051,1,5205107714038359186
iranian,2057,1,6075000553634088659
iranian,2067,1,14984102965341635117
iranian,2076,1,15968109262923510153
iranian,2086,1,18375122215875998075
iranian,2090,1,4722593451504130613
iranian,2100,1,14269921916401648814
iranian,2104,1,374602801543439997
iranian,2107,1,15444601919149105634
iranian,2114,1,3433759897452146329
iranian,2115,1,15848180820433638705
iranian,2118,1,12656273735155145709
iranian,2140,1,12462123865316370161
iranian,2166,1,5203687104489816697
iranian,2169,1,129412542945631584
iranian,2173,1,14080973354872792443
iranian,2182,1,13236421655197965451
iranian,2183,1,16159826459682941162
iranian,2193,1,11961387820850549858
iranian,2228,1,2128205293943016242
iranian,2231,1,16989562079421204733
iranian,2233,1,11357892710679887268
iranian,2243,1,1958199350127780727
iranian,2246,1,1140350421675803122
iranian,2247,1,4437939270270795408
iranian,2251,1,12867490122381425802
iranian,2254,1,9579416051982547625
iranian,2265,1,14351766343265502657
iranian,2268,1,5481131775328264375
iranian,2269,1,1120253057007534882
iranian,2273,1,15899316396306182780
iranian,2280,1,14980328334409758023
iranian,2282,1,16248560668810304412
iranian,2283,1,2248732282921869795
iranian,2295,1,5958518485617391020
iranian,2299,1,16970746205450608723
iranian,2300,1,8522182112370018973
iranian,2301,1,7465024264218650432
iranian,2310,1,11760744374081874545
iranian,2328,1,63358994873550788
iranian,2329,1,13355920350521093220
iranian,2332,1,3127136217381527000
iranian,2340,1,16169072596256583393
iranian,2344,1,3827716907358763485
iranian,2350,1,4177706587403868168
iranian,2358,1,8753253036623536999
iranian,2359,1,1843015412759671536
iranian,2360,1,15835895282652611553
iranian,2367,1,3705374044736607662
iranian,2390,1,4327498910211060682
iranian,2395,1,16887087958096171743
iranian,2396,1,16123971038184926871
iranian,2398,1,1171050031238610178
iranian,2400,1,11081853180248358823
iranian,2408,1,14458781360762042038
iranian,2414,1,14437163582909574255
iranian,2415,1,14078693214281999316
iranian,2420,1,16913219394847733149
iranian,2432,1,2058353004308903675
iranian,2438,1,7433331859627330205
iranian,2440,1,2443889231142034614
iranian,2441,1,10870317830709233053
iranian,2448,1,2946721125959345662
iranian,2454,1,16629596816396071790
iranian,2460,1,16830381536862214743
iranian,2463,1,9803073891164002528
iranian,2471,1,18322703676715267090
iranian,2475,1,13094164405111016818
iranian,2476,1,6467529896451867061
iranian,2486,1,4576250038742988307
iranian,2495,1,6351907148834366249
iranian,2497,1,11513233565218348621
iranian,2518,1,8299851280134322174
iranian,2525,1,17063932646568846354
iranian,2535,1,15004280929590616948
iranian,2540,1,4693918807300283391
iranian,2548,1,10369912166839908910
iranian,2560,1,2571370335981097889
iranian,2563,1,12417824460525076298
iranian,2567,1,9926348762708927550
iranian,2570,1,2875911067398452694
iranian,2571,1,6518489940994114381
iranian,2581,1,5904127899530078185
iranian,2595,1,8122332949443855845
iranian,2598,1,9607699189377670271
iranian,2611,1,1396951653553843723
iranian,2615,1,11171065147292002798
iranian,2616,1,1950117918794281081
iranian,2618,1,12656273735155145709
iranian,2622,1,7023808554857549005
iranian,2623,1,12368087528209006219
iranian,2626,1,8727611572894635210
iranian,2629,1,8243252616850404071
iranian,2648,1,10151176693778120126
iranian,2654,1,11502991065376369731
iranian,2655,1,2580589805802427301
iranian,2661,1,647995379504898144
iranian,2665,1,15982977434542715308
iranian,2671,1,11714187078016332978
iranian,2676,1,4020546870562178354
iranian,2677,1,3297824798502339913
iranian,2678,1,6156672215970618458
iranian,2681,1,3157961756423561534
iranian,2684,1,5535278393085844800
iranian,2689,1,4367143821359124135
iranian,2691,1,4265261905997369945
iranian,2703,1,11374235385564413210
iranian,2704,1,15917667130685684558
iranian,2705,1,13256124756171270645
iranian,2709,1,2666720969280724135
iranian,2720,1,17102290091159621622
iranian,2731,1,10279299813961617465
iranian,2733,1,16345014833647304599
iranian,2737,1,10123828432068175818
iranian,2740,1,11518356094272164106
iranian,2743,1,14687621535811384830
iranian,2754,1,10188312529901294565
iranian,2759,1,7650778571504246251
iranian,2761,1,5815269517719803584
iranian,2764,1,13940957568269687346
iranian,2776,1,17019860314493318327
iranian,2778,1,16099270091740359207
iranian,2789,1,9352061985910700793
iranian,2808,1,1485799972341397810
iranian,2814,1,4736601112472899615
iranian,2816,1,11862832524958206921
iranian,2828,1,5092331371656601755
iranian,2833,1,80190723542073251
iranian,2834,1,3717220516645136626
iranian,2839,1,3616081632552606702
iranian,2842,1,1849044155190817432
iranian,2853,1,12960919517683240444
iranian,2854,1,11548614720368611290
iranian,2857,1,15786035725798528406
iranian,2873,1,239761464606659868
iranian,2879,1,16565604517344095198
iranian,2886,1,2089120800157242407
iranian,2895,1,1167530246225250355
iranian,2896,1,6032780687029623077
iranian,2899,1,1451390436764814635
iranian,2902,1,3831416855417465105
iranian,2909,1,266537175126841845
iranian,2924,1,4909228117563509069
iranian,2925,1,13197923539214865442
iranian,2928,1,15040127857023621589
iranian,2932,1,1156158226357724954
iranian,2934,1,10910524475535878110
iranian,2947,1,16031111211565993868
iranian,2964,1,14932691886770023120
iranian,2977,1,10642222369584141102
iranian,2981,1,2794875805902428668
iranian,2982,1,14344699145938351558
iranian,2983,1,14380527891937609588
iranian,2985,1,10855503173857769144
iranian,3000,1,3129017379663395119
iranian,3011,1,6998419212540609714
iranian,3012,1,15366640716814953471
iranian,3016,1,15810652095659410829
iranian,3017,1,10809564307710520504
iranian,3023,1,294917969263167128
iranian,3029,1,12357814860622203044
iranian,3033,1,8878125574398497307
iranian,3038,1,2914659895546697775
iranian,3040,1,11984627669265874643
iranian,3047,1,16243713082625534050
iranian,3050,1,14269921916401648814
iranian,3054,1,374602801543439997
iranian,3057,1,15444601919149105634
iranian,3064,1,3433759897452146329
iranian,3065,1,15848180820433638705
iranian,3068,1,12656273735155145709
iranian,3072,1,2648959249469525673
iranian,3090,1,12462123865316370161
iranian,3096,1,2284993606884058060
iranian,3097,1,663729221272135314
iranian,3100,1,14269921916401648814
iranian,3104,1,374602801543439997
iranian,3107,1,15444601919149105634
iranian,3114,1,3433759897452146329
iranian,3115,1,15848180820433638705
iranian,3118,1,12656273735155145709
iranian,3122,1,2648959249469525673
iranian,3140,1,12462123865316370161
iranian,3146,1,2284993606884058060
iranian,3147,1,663729221272135314
iranian,10,2,3246762093017017422
iranian,20,2,8699788253852615684
iranian,31,2,10723826080495050564
iranian,34,2,771462851694737302
iranian,37,2,2616360303789774285
iranian,39,2,5055126873269408677
iranian,50,2,14148539035983109496
iranian,54,2,5716409899026361461
iranian,57,2,11590201231178827698
iranian,58,2,15068559368580091269
iranian,63,2,6179018223337960278
iranian,67,2,13732673394129891742
iranian,72,2,6255444638916581927
iranian,73,2,5720694294465214557
iranian,81,2,9738174955227354263
iranian,82,2,17200897348430655414
iranian,84,2,5408828110680635287
iranian,89,2,11765379419453161068
iranian,90,2,7604085099101552194
iranian,99,2,16048421774895124515
iranian,107,2,14440362839614117774
iranian,108,2,1215548219579607604
iranian,110,2,2143842755814477707
iranian,123,2,16476416253107003655
iranian,135,2,6636697800509822616
iranian,137,2,4034757205186552101
iranian,138,2,5991315790871228406
iranian,148,2,13448620595656652103
iranian,154,2,1232272296891778976
iranian,156,2,7643579977340085209
iranian,157,2,8123385778389499648
iranian,164,2,14580540574761955514
iranian,167,2,14481624724119108596
iranian,174,2,13009196206939029608
iranian,176,2,14049280556276427540
iranian,180,2,2495452890875887397
iranian,190,2,15592240815959812587
iranian,196,2,3277171602652973901
iranian,209,2,15437700328536159428
iranian,213,2,2357995820152879555
iranian,217,2,10796138073850483618
iranian,220,2,9159012082494188884
iranian,221,2,11747033469245231248
iranian,223,2,8997542302447560829
iranian,224,2,8554284959403002625
iranian,228,2,6060535084195842238
iranian,229,2,17105045465863170331
iranian,234,2,1556696921532329679
iranian,238,2,12378214511729428353
iranian,243,2,17315156814722258044
iranian,245,2,4088125119618731629
iranian,250,2,7963151114706918735
iranian,253,2,2161983417257591093
iranian,272,2,4880118821187432392
iranian,275,2,6838397884751769091
iranian,276,2,2081575242565175864
iranian,283,2,13413868854950403287
iranian,297,2,17312883400021216443
iranian,298,2,5009530113908587505
iranian,313,2,12240196930774821399
iranian,316,2,6180419131337196041
iranian,325,2,11736089072702842085
iranian,328,2,1922130157764285108
iranian,329,2,1922130157764285108
iranian,332,2,13572012367540419228
iranian,344,2,2669776839298044198
iranian,351,2,6867966348259224783
iranian,353,2,851064132531428641
iranian,354,2,14030437959805976311
iranian,359,2,17458344291321165541
iranian,367,2,16742771571236460900
iranian,372,2,9681630417644841865
iranian,375,2,1707656474638866979
iranian,376,2,1561826196301045351
iranian,399,2,257461844951899895
iranian,405,2,14812166304048880876
iranian,407,2,16155937933141731308
iranian,415,2,1188935010973398153
iranian,423,2,9968153193699716628
iranian,425,2,312066659821360183
iranian,429,2,5029158871052661662
iranian,430,2,12897467158423838864
iranian,433,2,12880260328277252580
iranian,438,2,14342938205682174687
iranian,448,2,6788392043610499266
iranian,450,2,10658974046977026944
iranian,458,2,16870830188906610417
iranian,462,2,1471893451294554225
iranian,471,2,14230499327292981356
iranian,476,2,12787476359335718679
iranian,491,2,5311082018549365689
iranian,500,2,16226435670130638324
iranian,511,2,14096656817599227142
iranian,514,2,13205548048367964887
iranian,519,2,14264733570054709109
iranian,522,2,6062423667930268317
iranian,524,2,5097824090121094814
iranian,541,2,678886496722754768
iranian,547,2,15471578757250666070
iranian,550,2,13682597562260509628
iranian,556,2,1119096973848452216
iranian,564,2,5229343719770379179
iranian,570,2,16322339794979336022
iranian,571,2,2783872083240583418
iranian,572,2,12346936669296064549
iranian,573,2,8882887669679766273
iranian,575,2,8619855146387546734
iranian,579,2,2079105143691147579
iranian,591,2,7165802634818048341
iranian,593,2,7791554880038443646
iranian,597,2,3667818591391039996
iranian,600,2,11818200192554946004
iranian,617,2,6939166378613974422
iranian,625,2,13639493206651428481
iranian,630,2,8846187724112251286
iranian,631,2,16030717550266801269
iranian,634,2,1375268948722743717
iranian,636,2,13345649273790785576
iranian,640,2,3851338063113994090
iranian,647,2,11186303420718333944
iranian,652,2,8359299509955900303
iranian,653,2,16377159564151106193
iranian,655,2,4724385400136977194
iranian,659,2,631102360371469002
iranian,690,2,15411209371353542355
iranian,696,2,9898645049132600834
iranian,700,2,12606315730084489863
iranian,705,2,1468835862453283165
iranian,727,2,18161301839695557046
iranian,731,2,11191157331037670461
iranian,738,2,9541482506185541806
iranian,743,2,4278513763262814342
iranian,753,2,14694416189815606785
iranian,768,2,13486527014654354141
iranian,774,2,909153587727169194
iranian,776,2,7867642539744149987
iranian,777,2,12783951749270934643
iranian,786,2,5722427465050248101
iranian,788,2,2653114455422829569
iranian,789,2,12355960516352680257
iranian,792,2,14033229394837908624
iranian,795,2,2418298522810590341
iranian,796,2,805042085992046665
iranian,811,2,272522113276745513
iranian,821,2,13766410009546568534
iranian,823,2,2809225163275514957
iranian,834,2,40128382190528217
iranian,847,2,12662676783609235701
iranian,850,2,12631414716966011892
iranian,854,2,9565116843552630287
iranian,855,2,14797415694072995555
iranian,856,2,818725239599972632
iranian,863,2,13472240535790219927
iranian,870,2,13887877922172957905
iranian,871,2,6019032718010342535
iranian,882,2,15033193670431753402
iranian,884,2,9251213892559712457
iranian,887,2,13056178322703211311
iranian,893,2,6853015981173424141
iranian,904,2,841625819879252238
iranian,905,2,10534925612174579936
iranian,919,2,4780527053653254515
iranian,933,2,12184308508322970478
iranian,935,2,8524091395486723435
iranian,940,2,13448518324933054079
iranian,960,2,3246762093017017422
iranian,970,2,8699788253852615684
iranian,977,2,10240713261475378777
iranian,984,2,771462851694737302
iranian,987,2,2616360303789774285
iranian,989,2,5055126873269408677
iranian,999,2,4771711308903623740
iranian,1010,2,3246762093017017422
iranian,1020,2,8699788253852615684
iranian,1027,2,10240713261475378777
iranian,1034,2,771462851694737302
iranian,1037,2,2616360303789774285
iranian,1039,2,5055126873269408677
iranian,1059,2,12430977357757108240
iranian,1062,2,17305750227487847555
iranian,1066,2,3903164415266895442
iranian,1069,2,6639355469859223747
iranian,1071,2,18047128104277268758
iranian,1079,2,15605525366801686511
iranian,1081,2,6443716690044009185
iranian,1087,2,2470483805127279956
iranian,1091,2,16662846795948762922
iranian,1114,2,7218009290368386645
iranian,1117,2,4039428258439577518
iranian,1123,2,16748828034157483144
iranian,1129,2,15827031202327651546
iranian,1137,2,11625280614143819984
iranian,1150,2,2753230671551968527
iranian,1178,2,10309442605597488474
iranian,1186,2,16067540828743240528
iranian,1188,2,7764626676087237456
iranian,1192,2,17180163624825000171
iranian,1202,2,16422881258812696957
iranian,1203,2,11914314005464834798
iranian,1206,2,10990076497014652749
iranian,1219,2,8150923015105077351
iranian,1230,2,11212967338363295282
iranian,1243,2,5579861333270608374
iranian,1260,2,6786099808010133744
iranian,1262,2,200523372123261662
iranian,1275,2,5020966838245520938
iranian,1280,2,16234951077351472154
iranian,1285,2,12067749842378606508
iranian,1289,2,9649821074079557314
iranian,1290,2,14649026235114811570
iranian,1293,2,10881280009450902934
iranian,1303,2,14666862753663505710
iranian,1308,2,8382539122888037015
iranian,1310,2,10080676114207370628
iranian,1320,2,2080393083672748012
iranian,1323,2,13297025402965698555
iranian,1324,2,2106266272003818453
iranian,1338,2,17941236215505377415
iranian,1356,2,15359292862818999616
iranian,1358,2,10703781732139015147
iranian,1370,2,16775498556217687741
iranian,1383,2,17775534982575046351
iranian,1389,2,6263528550393782496
iranian,1397,2,6705977030665984766
iranian,1406,2,1514484540421787369
iranian,1410,2,17258334778217396559
iranian,1414,2,12769089676493183900
iranian,1421,2,6046482783203319582
iranian,1422,2,7572028487374329662
iranian,1423,2,16147233025028755413
iranian,1432,2,12828017089202761921
iranian,1437,2,17105482541368835252
iranian,1439,2,3051846255575049211
iranian,1441,2,7362662310057881827
iranian,1444,2,3538122415811825906
iranian,1447,2,5775473877158408041
iranian,1449,2,18442745550303481590
iranian,1466,2,13486527014654354141
iranian,1468,2,13486527014654354141
iranian,1471,2,12440379213988872446
iranian,1473,2,7975677362913996629
iranian,1474,2,18433806052065460665
iranian,1476,2,6705809089608749141
iranian,1480,2,3790774797814101524
iranian,1485,2,10277227585048274289
iranian,1496,2,3269752601840172498
iranian,1497,2,3496157212320405206
iranian,1499,2,9028044827924364732
iranian,1502,2,4667924138475862456
iranian,1511,2,5462966583962394086
iranian,1537,2,2178456057501517633
iranian,1553,2,3858101342868099283
iranian,1565,2,15641836027072132084
iranian,1571,2,16035877619215027235
iranian,1572,2,1658985627853963228
iranian,1579,2,2048070003022440610
iranian,1583,2,16482977517982723781
iranian,1585,2,239520535620889638
iranian,1587,2,7024198828875845729
iranian,1591,2,13226479562855865701
iranian,1592,2,17501417331816300029
iranian,1609,2,13182553809860474352
iranian,1617,2,5270430450429613143
iranian,1626,2,15256996488765145022
iranian,1630,2,3426786741968470257
iranian,1640,2,13252297535660212881
iranian,1652,2,10631970323864954268
iranian,1659,2,9883725855927497067
iranian,1663,2,7047581407179302201
iranian,1667,2,14855226956625605573
iranian,1670,2,14566967251367192694
iranian,1674,2,7658788559521551525
iranian,1675,2,10514931620815102611
iranian,1684,2,10590557789986492489
iranian,1690,2,7511501101765591605
iranian,1695,2,3671028948873606053
iranian,1703,2,17373979998708129689
iranian,1719,2,10239531313213887404
iranian,1724,2,5903905288799747348
iranian,1754,2,467459954439137769
iranian,1765,2,14631345684344424114
iranian,1778,2,2048070003022440610
iranian,1799,2,7671733856149814465
iranian,1801,2,13486527014654354141
iranian,1805,2,13819559283329526260
iranian,1807,2,3139753092548372318
iranian,1815,2,12238771537678071651
iranian,1817,2,16854506392714494502
iranian,1820,2,9183913114770023337
iranian,1827,2,5405162656116804524
iranian,1834,2,8754641678462299456
iranian,1841,2,1532669405477800165
iranian,1845,2,622837404444171500
iranian,1861,2,12213500570653020956
iranian,1867,2,4661987348916850716
iranian,1875,2,3459069409097769721
iranian,1877,2,9658065016241745272
iranian,1879,2,8607298355656328395
iranian,1881,2,6645886147163876768
iranian,1891,2,7520753276820629432
iranian,1894,2,8290753705347732614
iranian,1910,2,9637026426821196989
iranian,1911,2,6821247247159182678
iranian,1920,2,6271106907737067360
iranian,1925,2,8327444384334390618
iranian,1929,2,14567543470628985724
iranian,1935,2,8030983030819532092
iranian,1943,2,18220736535254229700
iranian,1948,2,4535337404282845987
iranian,1949,2,3495283865949967904
iranian,1953,2,1711685716139369356
iranian,1959,2,7231995265563531169
iranian,1972,2,14145331413042158323
iranian,1973,2,5418547348183450314
iranian,1975,2,3168779652216823045
iranian,1980,2,12722915688220067244
iranian,1992,2,1767313321618445381
iranian,1999,2,2719956514810286291
iranian,2009,2,12430977357757108240
iranian,2012,2,17305750227487847555
iranian,2016,2,3903164415266895442
iranian,2019,2,6639355469859223747
iranian,2021,2,18047128104277268758
iranian,2024,2,6643180134162382431
iranian,2027,2,468506041645666375
iranian,2028,2,2048070003022440610
iranian,2029,2,15605525366801686511
iranian,2031,2,14753449165575138746
iranian,2037,2,2470483805127279956
iranian,2041,2,16662846795948762922
iranian,2059,2,12430977357757108240
iranian,2062,2,17305750227487847555
iranian,2066,2,3903164415266895442
iranian,2069,2,6639355469859223747
iranian,2071,2,18047128104277268758
iranian,2074,2,6643180134162382431
iranian,2079,2,15605525366801686511
iranian,2081,2,6443716690044009185
iranian,2087,2,2470483805127279956
iranian,2091,2,16662846795948762922
iranian,2108,2,13376025530577399027
iranian,2112,2,8303082953917580002
iranian,2123,2,16321578165513324719
iranian,2124,2,5275957857078159739
iranian,2126,2,13629334834102697728
iranian,2127,2,6308385186254904809
iranian,2138,2,14575511798912602505
iranian,2142,2,13896237570071412333
iranian,2143,2,9112931281616651613
iranian,2159,2,8668074435999740058
iranian,2160,2,16687254832379382811
iranian,2174,2,6404962467060893729
iranian,2186,2,16413285677897371187
iranian,2197,2,118090316665520363
iranian,2199,2,79713546470144452
iranian,2209,2,4883018734548958797
iranian,2213,2,17274214160580734520
iranian,2222,2,11309256894552577150
iranian,2232,2,15421427589672361798
iranian,2239,2,13562665767191826289
iranian,2241,2,10755538863675501714
iranian,2248,2,7622512304070042586
iranian,2249,2,5243369257110972875
iranian,2250,2,10661008111153377173
iranian,2256,2,9352672384341991251
iranian,2257,2,10764390091548737051
iranian,2258,2,14706268436933800825
iranian,2259,2,11975155362915960599
iranian,2260,2,3459061299718374359
iranian,2261,2,17959093891517992906
iranian,2264,2,3681617119487303699
iranian,2271,2,10562263453961984340
iranian,2277,2,10297517922503129946
iranian,2278,2,16076907914219492841
iranian,2287,2,4717796300263608088
iranian,2293,2,10683373911279127545
iranian,2296,2,16130510870710249785
iranian,2304,2,14453115458958354771
iranian,2306,2,219920849739573118
iranian,2308,2,15559830548700094621
iranian,2314,2,8458750073330407291
iranian,2319,2,7608124622540943189
iranian,2320,2,15596529164318437540
iranian,2323,2,15577801767068764499
iranian,2325,2,15925388884035195656
iranian,2327,2,9740084399132256294
iranian,2335,2,5544630170355862687
iranian,2342,2,16905458836189959889
iranian,2347,2,13226105415520649166
iranian,2353,2,10814118516072777578
iranian,2364,2,14701112701652820688
iranian,2365,2,9867043908405479777
iranian,2370,2,8790950568305510659
iranian,2376,2,4461429187709386519
iranian,2383,2,9169062822464078107
iranian,2386,2,14989726935769091216
iranian,2388,2,15819995645506967863
iranian,2391,2,8387073449452143747
iranian,2394,2,7811546218687850507
iranian,2403,2,5566221004977659898
iranian,2417,2,1733170565849405615
iranian,2419,2,7432710139863063499
iranian,2443,2,8048276827151416775
iranian,2453,2,16807295500925181424
iranian,2470,2,18044019774877320516
iranian,2477,2,16943777460736206820
iranian,2481,2,9320472279660284062
iranian,2485,2,13508888343524493042
iranian,2490,2,2103653349300946619
iranian,2500,2,17219545514562344906
iranian,2501,2,2544110406939862542
iranian,2502,2,15230206650426217187
iranian,2512,2,13597182996529030942
iranian,2515,2,15121247012704552486
iranian,2542,2,11523364032788985335
iranian,2547,2,7362811354526609794
iranian,2556,2,1729288831783470027
iranian,2568,2,8460703505203899708
iranian,2579,2,11930634573876069458
iranian,2582,2,14390950083941907433
iranian,2589,2,16197564280461110578
iranian,2591,2,13918985319488383189
iranian,2593,2,13892471782271757504
iranian,2605,2,18182078567493207880
iranian,2607,2,7686238872446480655
iranian,2613,2,6012248614871801975
iranian,2617,2,11728894864228470894
iranian,2631,2,6062828124996388605
iranian,2633,2,14221637488209447216
iranian,2639,2,10797062027287458734
iranian,2643,2,5640528396494949660
iranian,2649,2,15608307848586927110
iranian,2651,2,3361300295992299169
iranian,2660,2,9850849233949395342
iranian,2664,2,9958719702063256109
iranian,2670,2,10354070034547546770
iranian,2688,2,7117568185700702372
iranian,2697,2,2845830858217050238
iranian,2708,2,4985775794945116655
iranian,2710,2,15721246677157971136
iranian,2713,2,4023783213327485158
iranian,2717,2,17286896529457175682
iranian,2729,2,2232267275013069619
iranian,2748,2,6510202949083454604
iranian,2753,2,3149331396850302626
iranian,2766,2,15144884817812849591
iranian,2771,2,7832688527029163432
iranian,2772,2,3563385128490037407
iranian,2773,2,6497081487693504811
iranian,2781,2,9902163719466511390
iranian,2791,2,6975435667123872450
iranian,2792,2,12355794118015329466
iranian,2796,2,13221840645796684963
iranian,2799,2,14047685338084910752
iranian,2800,2,3543143840309877016
iranian,2802,2,18324547382232690948
iranian,2804,2,5247321836700512163
iranian,2809,2,4352876251063879196
iranian,2817,2,15241523949466754645
iranian,2826,2,933443779918282102
iranian,2829,2,15610055960138022217
iranian,2852,2,14327650095970106622
iranian,2858,2,2925455642418184197
iranian,2866,2,15523775581086747042
iranian,2870,2,15679207362152386345
iranian,2872,2,8793191432849878414
iranian,2878,2,13936073030772441124
iranian,2888,2,12165921001284888056
iranian,2893,2,2432018511333142029
iranian,2905,2,12232553864416094454
iranian,2920,2,15657562602403143165
iranian,2935,2,6569258422759020045
iranian,2936,2,16405833696464078705
iranian,2937,2,13169087893012626549
iranian,2942,2,7901527209663193490
iranian,2944,2,9521054596041954791
iranian,2954,2,3744899775319607000
iranian,2984,2,15182863756502883435
iranian,2986,2,4653830333454949143
iranian,2994,2,12370479007082369631
iranian,2997,2,5547130158834300660
iranian,3005,2,1696513307864384807
iranian,3006,2,7107179104003386029
iranian,3009,2,3694431901676657185
iranian,3013,2,2452080988300466368
iranian,3019,2,13272321428486407707
iranian,3027,2,13973498258964186093
iranian,3039,2,6721326287932869918
iranian,3058,2,13376025530577399027
iranian,3073,2,16321578165513324719
iranian,3074,2,5275957857078159739
iranian,3076,2,13629334834102697728
iranian,3088,2,14575511798912602505
iranian,3092,2,13896237570071412333
iranian,3093,2,9112931281616651613
iranian,3108,2,13376025530577399027
iranian,3112,2,8303082953917580002
iranian,3123,2,15148431453876010170
iranian,3124,2,5275957857078159739
iranian,3126,2,13629334834102697728
iranian,3127,2,6308385186254904809
iranian,3138,2,14575511798912602505
iranian,3142,2,13896237570071412333
iranian,3143,2,9112931281616651613
iranian,2,3,4596408639997494269
iranian,3,3,9053912496676683716
iranian,5,3,652468208624723984
iranian,12,3,13016979544269857275
iranian,16,3,1655476596759787479
iranian,38,3,15474032396718577287
iranian,43,3,17679468593046323447
iranian,45,3,17827092110179547713
iranian,46,3,13685388781160845568
iranian,48,3,15970012427245440627
iranian,49,3,11955884411945949853
iranian,51,3,6411803712969665030
iranian,62,3,5468375013467822817
iranian,70,3,7595447608892879448
iranian,75,3,12354185066257143565
iranian,85,3,17218706744945665806
iranian,92,3,5918552274583422345
iranian,97,3,1533680980760947635
iranian,106,3,15332098642942719727
iranian,118,3,5896913121594420988
iranian,121,3,15412276654707617339
iranian,128,3,16535379602415859857
iranian,140,3,3425692788228380348
iranian,141,3,10671097751894991926
iranian,161,3,8507770232344052856
iranian,166,3,9575680817790066900
iranian,168,3,9271362394713635135
iranian,182,3,11206401330386813658
iranian,186,3,7607212257517694659
iranian,194,3,10737652478655156228
iranian,198,3,3988953627475842454
iranian,199,3,12686897163994354369
iranian,201,3,5896913121594420988
iranian,204,3,648431256398581208
iranian,207,3,8032374266570514409
iranian,211,3,3563163238714341281
iranian,212,3,11522737747906087010
iranian,232,3,101178863161836854
iranian,242,3,1844386277827014007
iranian,251,3,3239900342221206454
iranian,252,3,8190146925801754400
iranian,259,3,4769297392143199981
iranian,261,3,7455222023921880335
iranian,263,3,5789035144907401354
iranian,265,3,8191831768776285456
iranian,266,3,6982670414231774087
iranian,269,3,11106530261126611486
iranian,271,3,2073806912814671894
iranian,278,3,7495419269379116805
iranian,284,3,2385113647661313543
iranian,295,3,16667544179949696480
iranian,304,3,4038771746167233467
iranian,306,3,11858921602147533374
iranian,308,3,6729283581807619003
iranian,318,3,13890123503382688701
iranian,323,3,16075149150640927973
iranian,326,3,5245897022538954622
iranian,336,3,13988257865720110715
iranian,339,3,8703780950103021932
iranian,342,3,9012683506625902315
iranian,360,3,4265821033907384671
iranian,377,3,8113261367037728410
iranian,379,3,6706273609033159628
iranian,380,3,5010451763569900917
iranian,385,3,7687630045591519564
iranian,395,3,14024339224306201388
iranian,401,3,11218525530882470120
iranian,413,3,8511522112083651642
iranian,427,3,1847102557376276083
iranian,434,3,17005129235254298087
iranian,435,3,7444806316123143543
iranian,446,3,12131748727925597776
iranian,452,3,9406348211122888895
iranian,456,3,16808166181300298536
iranian,457,3,15287024958271241134
iranian,465,3,14787178501986536423
iranian,468,3,9127321121028252056
iranian,474,3,8771530405719749623
iranian,475,3,18328851771674664501
iranian,498,3,8590292623490993754
iranian,499,3,17501415954191104351
iranian,501,3,6808309061058177495
iranian,505,3,6671515432543896083
iranian,508,3,9177678103029514641
iranian,515,3,10385464964470131812
iranian,520,3,14537912011505527599
iranian,529,3,5970734303327468922
iranian,537,3,3747172073825970364
iranian,539,3,11736385990013787291
iranian,546,3,13180783028784530632
iranian,548,3,3660203775308954432
iranian,551,3,7185877037505882381
iranian,552,3,5416626452545030495
iranian,563,3,13708756316905624522
iranian,569,3,15250199774165328025
iranian,582,3,11277965223986529991
iranian,586,3,16030772613970982100
iranian,596,3,3739736914211947449
iranian,598,3,18144006526566226305
iranian,601,3,6523122245384035148
iranian,609,3,15750283789462145266
iranian,612,3,4056796177055980618
iranian,618,3,8276690969457019683
iranian,622,3,7886742027275315844
iranian,628,3,5896913121594420988
iranian,639,3,11713177391917644544
iranian,645,3,5620465723285798400
iranian,661,3,1613682381019414832
iranian,662,3,1249140757772405833
iranian,668,3,7940542487716334430
iranian,671,3,5550894161988984674
iranian,674,3,8759293127019196664
iranian,677,3,6759476158402244812
iranian,679,3,15829295130869185004
iranian,680,3,18152238996133298478
iranian,682,3,5016517488062456059
iranian,686,3,16726178313716493139
iranian,698,3,5016971748971394046
iranian,706,3,15231270941085656294
iranian,708,3,16020426591828626562
iranian,710,3,3338850301297056133
iranian,717,3,2188981115209551776
iranian,720,3,17384110272366767212
iranian,723,3,14903391583185119959
iranian,724,3,4340675403463941071
iranian,749,3,9671801911220430333
iranian,750,3,4934846185248666825
iranian,756,3,15045560121788673592
iranian,770,3,848247311296813484
iranian,779,3,15427222818533283109
iranian,780,3,11171768363618625065
iranian,782,3,11386441818118976995
iranian,797,3,17844830244756938663
iranian,803,3,2753943824459219117
iranian,809,3,7317464437661114430
iranian,820,3,6012001007273859333
iranian,839,3,2637467800963405591
iranian,851,3,14964950806960966762
iranian,872,3,15100118142399031184
iranian,878,3,5836206739188124948
iranian,885,3,18054084338933693721
iranian,888,3,906289488398565701
iranian,895,3,10500259265345322298
iranian,896,3,5167518800101857610
iranian,897,3,7048787650340280372
iranian,901,3,6523122245384035148
iranian,903,3,5382680447217715750
iranian,910,3,17883295952804931870
iranian,918,3,11218525530882470120
iranian,924,3,17014972734304568949
iranian,928,3,2248346278047872792
iranian,929,3,8548589954983016009
iranian,938,3,12534457160677221764
iranian,946,3,5052682308186511145
iranian,952,3,4596408639997494269
iranian,953,3,9053912496676683716
iranian,955,3,652468208624723984
iranian,962,3,13016979544269857275
iranian,966,3,1655476596759787479
iranian,974,3,3759137254135514554
iranian,976,3,2713984381384752547
iranian,993,3,17679468593046323447
iranian,998,3,15970012427245440627
iranian,1002,3,4596408639997494269
iranian,1003,3,9053912496676683716
iranian,1005,3,652468208624723984
iranian,1012,3,13016979544269857275
iranian,1016,3,1655476596759787479
iranian,1033,3,3609467684260070474
iranian,1038,3,15474032396718577287
iranian,1043,3,17679468593046323447
iranian,1048,3,15970012427245440627
iranian,1049,3,11806747240788968215
iranian,1052,3,8686102402312699118
iranian,1058,3,5285467100900720047
iranian,1063,3,8849587526847701783
iranian,1068,3,5896913121594420988
iranian,1078,3,16535379602415859857
iranian,1097,3,4928838645972058203
iranian,1099,3,11679209350239739058
iranian,1100,3,14193685572550921880
iranian,1101,3,10212961260352059305
iranian,1104,3,13826132395332586313
iranian,1120,3,6989071336122850800
iranian,1121,3,10787270825438477688
iranian,1133,3,5907644644606288770
iranian,1134,3,14671701440633057194
iranian,1139,3,17182103735482754603
iranian,1141,3,7461854261138872782
iranian,1148,3,12207709211026734064
iranian,1151,3,5896913121594420988
iranian,1155,3,11084450749780202354
iranian,1158,3,9922318057824873908
iranian,1160,3,15109398525078909158
iranian,1162,3,16452850348592026566
iranian,1177,3,7717320219530570770
iranian,1185,3,7925200293208287922
iranian,1193,3,13695216320154322996
iranian,1196,3,7154729984597282157
iranian,1212,3,13996523466302713351
iranian,1216,3,9292143342739865315
iranian,1224,3,8830330442928766379
iranian,1232,3,4615387139810915440
iranian,1236,3,5138073894362901159
iranian,1252,3,4481536493462613002
iranian,1253,3,7951427222026507465
iranian,1256,3,12188102411591191001
iranian,1258,3,8665846588210099346
iranian,1268,3,13890123503382688701
iranian,1271,3,16037044949672875718
iranian,1272,3,415707593734522973
iranian,1277,3,13154077300303036971
iranian,1288,3,5284060387383526185
iranian,1302,3,8409617420590029428
iranian,1306,3,5402962962580822053
iranian,1313,3,18284566963942208815
iranian,1327,3,16107658025266413684
iranian,1337,3,13071709961885058996
iranian,1342,3,2012541587164933206
iranian,1350,3,4091965606698505161
iranian,1351,3,13890123503382688701
iranian,1352,3,9047722341959298383
iranian,1365,3,9554810421004497106
iranian,1378,3,8199401073672555688
iranian,1386,3,16612049772416268091
iranian,1388,3,17538784003455378951
iranian,1390,3,4416379914413321155
iranian,1395,3,6190699134012357286
iranian,1404,3,1521395748149842602
iranian,1409,3,14830324783387934669
iranian,1418,3,9577439890051136208
iranian,1425,3,7146964428655228297
iranian,1427,3,15115167144485243313
iranian,1434,3,11730473582100177004
iranian,1436,3,7274341800108778977
iranian,1440,3,6734945143409870526
iranian,1442,3,16560129620686385647
iranian,1446,3,14999042689799913714
iranian,1456,3,11132523095695076307
iranian,1463,3,6723698192353432076
iranian,1465,3,10767111609345943285
iranian,1487,3,6011145478226876406
iranian,1504,3,8931196950162036777
iranian,1509,3,1590719271818038090
iranian,1522,3,14565641712001579536
iranian,1533,3,749730978943955052
iranian,1540,3,3333923477939754774
iranian,1544,3,11132936899298855048
iranian,1548,3,18333088383929836204
iranian,1552,3,7313182831145124322
iranian,1557,3,18054408219324596859
iranian,1558,3,505382069067335331
iranian,1561,3,10969282293535238259
iranian,1566,3,5896913121594420988
iranian,1567,3,11218525530882470120
iranian,1568,3,5896913121594420988
iranian,1569,3,8546984438803574240
iranian,1573,3,17144905369214204362
iranian,1582,3,17642243205092555753
iranian,1595,3,7847385436984438140
iranian,1596,3,12972001928565333577
iranian,1597,3,8954278493945454297
iranian,1599,3,12098343723136041366
iranian,1601,3,15322155537629577633
iranian,1607,3,10110195357421725416
iranian,1608,3,6930178763700935732
iranian,1611,3,8964313931503776
iranian,1616,3,10153367957018184255
iranian,1634,3,2562066158834591025
iranian,1635,3,12861780102543531992
iranian,1644,3,11880953575677548074
iranian,1649,3,4023789345494568596
iranian,1651,3,11218525530882470120
iranian,1658,3,10832261461151344873
iranian,1673,3,549872597549826220
iranian,1679,3,16658469233132427001
iranian,1686,3,16778389307407103476
iranian,1693,3,4741669613430276126
iranian,1701,3,6190137370536323891
iranian,1702,3,11798166945145371160
iranian,1720,3,2678654875531990658
iranian,1730,3,11233714977780198378
iranian,1734,3,14717564538716860004
iranian,1736,3,16993633871053618029
iranian,1746,3,7918884578720210556
iranian,1749,3,15981107678842757967
iranian,1750,3,12901833387234909337
iranian,1753,3,9542311512112398643
iranian,1756,3,8845016390531168955
iranian,1763,3,9200613027970680682
iranian,1768,3,5896913121594420988
iranian,1770,3,15473090306755821812
iranian,1773,3,2548249750697355722
iranian,1777,3,4107542984755407550
iranian,1781,3,17642243205092555753
iranian,1788,3,3000151368649889427
iranian,1791,3,17461854940033256065
iranian,1804,3,18067047540320356937
iranian,1806,3,16006008235470328723
iranian,1808,3,17145212594385659160
iranian,1809,3,4505269914678792422
iranian,1816,3,829358393295986713
iranian,1832,3,18272159646638494955
iranian,1843,3,11974121827852941823
iranian,1846,3,15910877976291886357
iranian,1848,3,4858833634185522221
iranian,1850,3,6233621310564901722
iranian,1868,3,4600851156678096722
iranian,1880,3,16514313952633882385
iranian,1882,3,6108986059907376823
iranian,1888,3,13326956682719662099
iranian,1893,3,13599632173888422384
iranian,1909,3,10149283507664068576
iranian,1915,3,11327434349698220655
iranian,1919,3,9447445794848864115
iranian,1933,3,3161703933421318033
iranian,1934,3,11307996095446682583
iranian,1938,3,485583922056510824
iranian,1951,3,11218525530882470120
iranian,1954,3,1186713210320283727
iranian,1956,3,11441768001951545734
iranian,1961,3,17281994004957658841
iranian,1967,3,5896913121594420988
iranian,1971,3,15655670564060910248
iranian,1979,3,17932600323903750960
iranian,1986,3,10817287581587093818
iranian,1998,3,13083355668553947635
iranian,2002,3,8686102402312699118
iranian,2008,3,5285467100900720047
iranian,2013,3,8849587526847701783
iranian,2038,3,2737922175797738963
iranian,2052,3,8686102402312699118
iranian,2058,3,5285467100900720047
iranian,2063,3,8849587526847701783
iranian,2068,3,5896913121594420988
iranian,2078,3,16535379602415859857
iranian,2088,3,2737922175797738963
iranian,2101,3,1597089286942392092
iranian,2110,3,1485952871454795073
iranian,2119,3,5734619204002134125
iranian,2120,3,5717552567114159897
iranian,2125,3,17882447966734660625
iranian,2132,3,9031773554777837758
iranian,2133,3,9200758094866056572
iranian,2156,3,11192791608346500348
iranian,2162,3,13763819667986398250
iranian,2165,3,10682592466642922097
iranian,2176,3,7117006321516193126
iranian,2179,3,4943044237404605798
iranian,2181,3,5363148258183476428
iranian,2185,3,17022780678174821341
iranian,2194,3,3470797854184939248
iranian,2208,3,3259225672372962431
iranian,2210,3,15957435046538665047
iranian,2221,3,14327652523097847787
iranian,2225,3,4178621395135243260
iranian,2229,3,15710265783506785574
iranian,2230,3,15396522603586740734
iranian,2235,3,1841242485188749314
iranian,2236,3,10955815944947900062
iranian,2244,3,9689247416078642388
iranian,2255,3,6236197704236263786
iranian,2270,3,2072105957020727591
iranian,2272,3,8949812609523599479
iranian,2274,3,10820407150281861525
iranian,2275,3,296805218580249372
iranian,2279,3,1170522533149111600
iranian,2281,3,16841531908498197150
iranian,2285,3,10911881753540947110
iranian,2288,3,16289344761652885951
iranian,2305,3,10913660767337665134
iranian,2313,3,4058481970851442534
iranian,2315,3,4347002430091207615
iranian,2330,3,12270949166357024190
iranian,2333,3,15973574070138949473
iranian,2348,3,5274009965895922573
iranian,2356,3,2147085504915024827
iranian,2357,3,14974868851614994900
iranian,2361,3,5736097722962972322
iranian,2371,3,2209579530035519507
iranian,2373,3,7465210415888715885
iranian,2374,3,830657269955005113
iranian,2380,3,7405223318617677604
iranian,2402,3,12363839757390937573
iranian,2416,3,5671529023625102160
iranian,2418,3,11046926356159989921
iranian,2421,3,8201002586721485328
iranian,2422,3,3090785563040040343
iranian,2430,3,430789059298874266
iranian,2449,3,13318578282898745307
iranian,2452,3,15845184446731432457
iranian,2456,3,7012866361025226014
iranian,2468,3,1811939472355825170
iranian,2469,3,17054079581228068003
iranian,2484,3,15113160752742838508
iranian,2487,3,17051762768489480581
iranian,2491,3,5530308973097351993
iranian,2498,3,10186423584764136978
iranian,2507,3,11589205028471732232
iranian,2508,3,1703772638796692574
iranian,2509,3,13892983800506838119
iranian,2513,3,13414927949422966001
iranian,2514,3,3996877703426854021
iranian,2516,3,10497508668573589331
iranian,2520,3,6833188443359761812
iranian,2526,3,16693819156009464841
iranian,2530,3,14356820739200791464
iranian,2532,3,11505895286984890354
iranian,2533,3,13754664673787482564
iranian,2541,3,8678399581605224953
iranian,2544,3,16493622385834730807
iranian,2546,3,4381391625522205971
iranian,2564,3,11525960679499829471
iranian,2565,3,1099451195209470649
iranian,2575,3,7857764280096210190
iranian,2583,3,15518763106055393508
iranian,2586,3,6988832715475586348
iranian,2597,3,17727035022180052690
iranian,2600,3,6326754546645302317
iranian,2601,3,14941571252426199855
iranian,2609,3,2369517955048997298
iranian,2610,3,10169826347528273869
iranian,2625,3,15186368840441188237
iranian,2627,3,10142291377290949082
iranian,2628,3,5169865450356721581
iranian,2632,3,7004260666276102397
iranian,2672,3,13024177290047349212
iranian,2700,3,3080562841217496754
iranian,2702,3,17380083178408289584
iranian,2706,3,1791568906348675817
iranian,2707,3,14710896059188574957
iranian,2716,3,6585549355715199664
iranian,2722,3,12274847366622300011
iranian,2728,3,12602573186515543191
iranian,2730,3,16362713397165039080
iranian,2741,3,4720221911359749754
iranian,2747,3,3658949420376542955
iranian,2749,3,5701861768458203837
iranian,2750,3,17793751994750318653
iranian,2765,3,6678267732557884277
iranian,2775,3,2310855302430645398
iranian,2777,3,2896279147605341856
iranian,2783,3,11795169091059780717
iranian,2786,3,7081439586793693729
iranian,2787,3,4841562053716180210
iranian,2788,3,8431468176857131377
iranian,2797,3,7963989452945963673
iranian,2805,3,8950871404499603095
iranian,2806,3,3380745929516244287
iranian,2810,3,558300672516997765
iranian,2818,3,6808309061058177495
iranian,2819,3,8172605971380873064
iranian,2831,3,7645879982954287725
iranian,2837,3,14247595291362431984
iranian,2838,3,4139041029612304478
iranian,2849,3,12606844169698182710
iranian,2855,3,1104201383058212554
iranian,2859,3,8053597691529015370
iranian,2860,3,3839962880117500221
iranian,2865,3,12306207681917486996
iranian,2874,3,9854106686098242234
iranian,2883,3,5655217381844967926
iranian,2884,3,13885192361938562693
iranian,2894,3,1795514514487018433
iranian,2904,3,483700961855979489
iranian,2906,3,463204522171708464
iranian,2908,3,9411762086139396090
iranian,2919,3,8167532429930764317
iranian,2921,3,14847495386289478994
iranian,2926,3,9591677061624742303
iranian,2927,3,14332954677335132194
iranian,2939,3,2009908713835199993
iranian,2945,3,9831756115738625475
iranian,2960,3,11531698744611219854
iranian,2971,3,15128269243703210867
iranian,2987,3,4062091888663516293
iranian,2989,3,4891470092451887759
iranian,2990,3,623969322486464252
iranian,2996,3,10843735996812930562
iranian,2998,3,7928756053417606799
iranian,2999,3,17583506792574343699
iranian,3004,3,15733871305671231440
iranian,3007,3,12116752791477034415
iranian,3010,3,9227044606527680617
iranian,3014,3,7251972323401607942
iranian,3018,3,6523122245384035148
iranian,3021,3,2569067876840757047
iranian,3034,3,11666878746209544518
iranian,3051,3,1597089286942392092
iranian,3060,3,1485952871454795073
iranian,3069,3,5734619204002134125
iranian,3070,3,5717552567114159897
iranian,3075,3,17882447966734660625
iranian,3082,3,9031773554777837758
iranian,3083,3,9200758094866056572
iranian,3101,3,1597089286942392092
iranian,3110,3,1485952871454795073
iranian,3119,3,5734619204002134125
iranian,3120,3,5717552567114159897
iranian,3125,3,17882447966734660625
iranian,3132,3,9031773554777837758
iranian,3133,3,9200758094866056572
iranian,0,4,7827498014386049857
iranian,1,4,10301912100574884978
iranian,11,4,12014591428525164445
iranian,21,4,6785330440580786946
iranian,22,4,4846575427654337743
iranian,30,4,12968137357380176679
iranian,35,4,8727855701682865212
iranian,36,4,17383317043211860908
iranian,42,4,11701237562560689492
iranian,44,4,3841489039406168170
iranian,53,4,10442073091517422166
iranian,55,4,13518225671300354098
iranian,64,4,5795481375067876458
iranian,65,4,8714980699574122163
iranian,69,4,2973435010936475753
iranian,76,4,9688735215952654651
iranian,83,4,16642854139265759567
iranian,91,4,15759358406006868458
iranian,115,4,1894485220137686808
iranian,119,4,16513450832207189594
iranian,120,4,12891549715743393068
iranian,126,4,16532246513985074164
iranian,129,4,10599522261603693193
iranian,131,4,1070811695531267405
iranian,134,4,9957318123810376743
iranian,153,4,862294741612732102
iranian,155,4,7264061580518725778
iranian,162,4,12297069116138731704
iranian,163,4,18164320423291833237
iranian,171,4,4457852165959629900
iranian,178,4,4975895037807728051
iranian,193,4,9880531792006418220
iranian,200,4,13272590878085369549
iranian,206,4,11750042959546543049
iranian,218,4,6203905697238644115
iranian,227,4,13935377692569527354
iranian,241,4,15801194879037190007
iranian,246,4,17282568236340614265
iranian,247,4,14479290930123832902
iranian,249,4,7992505699533913936
iranian,260,4,185285330424618435
iranian,264,4,10652713954249864187
iranian,268,4,8289002541643081209
iranian,274,4,906699197803220837
iranian,279,4,1666118146010420938
iranian,280,4,17850158303671020569
iranian,281,4,4693111596901233485
iranian,286,4,9193185560857519516
iranian,294,4,9714778241207039091
iranian,296,4,1714731657109393312
iranian,299,4,14682316724224381961
iranian,301,4,6203905697238644115
iranian,307,4,11640343161062168324
iranian,317,4,3221599418793641382
iranian,319,4,16778523887569380427
iranian,321,4,11880354695231180233
iranian,331,4,559450384972687020
iranian,333,4,15995310522021434529
iranian,340,4,5352766733603296689
iranian,345,4,17443206797954194925
iranian,347,4,72396366552937076
iranian,349,4,11726923788183407994
iranian,357,4,15121103438850969779
iranian,361,4,9766558254815554812
iranian,362,4,2512311503198537178
iranian,366,4,104204124204284680
iranian,370,4,15158267842162205565
iranian,371,4,17787907976171153234
iranian,383,4,1210982687480037354
iranian,384,4,11899940260398860863
iranian,388,4,2490016953502095365
iranian,390,4,4975072135772910075
iranian,393,4,12485738982439119498
iranian,398,4,7827448896780866690
iranian,402,4,14349653305271636532
iranian,404,4,11638200070925749915
iranian,409,4,10668242372403143371
iranian,417,4,3677126980912974621
iranian,419,4,6085962551787528335
iranian,421,4,17590095678013650577
iranian,440,4,17723789131782362962
iranian,447,4,822567316845271678
iranian,451,4,13301456299452259846
iranian,460,4,11323916007027113097
iranian,466,4,4086010962336753540
iranian,483,4,8028682434795589945
iranian,485,4,7091142627452843590
iranian,486,4,10780971788934800069
iranian,492,4,4733771914099714878
iranian,494,4,2533200080964197814
iranian,495,4,2485922947846546669
iranian,512,4,7965350080809520094
iranian,526,4,37796778501586664
iranian,531,4,14918829937002538011
iranian,538,4,6216767951452079191
iranian,543,4,8889698370878035052
iranian,560,4,13521303785412313128
iranian,565,4,15947001785071207738
iranian,567,4,12666975315647118848
iranian,578,4,9979809219412106849
iranian,588,4,6847289815779034854
iranian,595,4,3073987240822422626
iranian,599,4,4098105542052613336
iranian,602,4,9866510089538906045
iranian,608,4,2558382941893206831
iranian,611,4,14649804231446369380
iranian,613,4,2570082692317143937
iranian,616,4,9647257825480700860
iranian,619,4,14589347066052925481
iranian,623,4,1496574313572748483
iranian,637,4,4428988201503500636
iranian,646,4,11161036196565061634
iranian,648,4,718958016876812888
iranian,649,4,262805520712938188
iranian,656,4,461879132653725276
iranian,658,4,14648673275952545492
iranian,663,4,1681553825823042706
iranian,665,4,13208194811690031858
iranian,666,4,8360377151674330567
iranian,670,4,8138617300169963651
iranian,688,4,16439999500562216537
iranian,691,4,2413742409441360569
iranian,704,4,16020293341656921417
iranian,707,4,5038749814301939650
iranian,715,4,15189826773854293835
iranian,716,4,15265405346920848054
iranian,726,4,17904940906293745108
iranian,732,4,9477896162642541520
iranian,740,4,8101378826246452431
iranian,742,4,3838859725016354224
iranian,746,4,448558035892791642
iranian,767,4,5992044815940145953
iranian,783,4,14797145236172723110
iranian,790,4,11623219823449964285
iranian,807,4,14968051125020941409
iranian,826,4,12235697596210431138
iranian,827,4,755919380377984113
iranian,828,4,8664545493051242318
iranian,831,4,12438278234251397760
iranian,836,4,759239762171753669
iranian,841,4,13138482115530421539
iranian,852,4,10922562964739513152
iranian,864,4,9357612842522958643
iranian,865,4,7921154307572996761
iranian,868,4,8778976242576878423
iranian,876,4,3007070648848305996
iranian,877,4,13263477970013933223
iranian,880,4,9785554938959529049
iranian,889,4,6634835962618446980
iranian,907,4,3393687144973207042
iranian,915,4,13231225271873330592
iranian,923,4,16973573824300128078
iranian,927,4,16858381572274897304
iranian,930,4,14041302327096907268
iranian,936,4,4705762467423060869
iranian,937,4,17915403300907319582
iranian,939,4,7124646800090881764
iranian,950,4,7827498014386049857
iranian,951,4,10301912100574884978
iranian,971,4,6785330440580786946
iranian,972,4,4576724087182338180
iranian,973,4,18090252415580842408
iranian,980,4,12968137357380176679
iranian,985,4,8727855701682865212
iranian,986,4,17383317043211860908
iranian,992,4,11701237562560689492
iranian,994,4,3841489039406168170
iranian,995,4,6595975869005527908
iranian,1000,4,7827498014386049857
iranian,1001,4,10301912100574884978
iranian,1021,4,6785330440580786946
iranian,1022,4,4846575427654337743
iranian,1030,4,12968137357380176679
iranian,1035,4,8727855701682865212
iranian,1036,4,17383317043211860908
iranian,1042,4,11701237562560689492
iranian,1044,4,3841489039406168170
iranian,1045,4,6595975869005527908
iranian,1053,4,14635953225678755927
iranian,1055,4,7736762231251038277
iranian,1073,4,18378338160542613668
iranian,1095,4,7966475015201373585
iranian,1098,4,8687660218583578543
iranian,1102,4,3141235734725916219
iranian,1116,4,8817254548682726235
iranian,1119,4,11652069388742802192
iranian,1122,4,17775629578907606567
iranian,1130,4,2637352115294663970
iranian,1149,4,1804100932731922036
iranian,1159,4,18349691448320709835
iranian,1168,4,6203905697238644115
iranian,1172,4,10023467150002625279
iranian,1173,4,15529247667723805439
iranian,1174,4,10306121586071189360
iranian,1180,4,3252640406411852809
iranian,1189,4,12862536352794035097
iranian,1194,4,10347308739008801463
iranian,1195,4,8019630857279005588
iranian,1201,4,348260919718895919
iranian,1210,4,17812124137546490252
iranian,1215,4,15530683872063147149
iranian,1221,4,9061348900779106505
iranian,1222,4,4114246492136895834
iranian,1223,4,9451149319426629517
iranian,1231,4,15527831937502790931
iranian,1244,4,1962964663643396555
iranian,1246,4,9361839564960979635
iranian,1247,4,5145421121945735710
iranian,1251,4,6203905697238644115
iranian,1261,4,8971082705810915293
iranian,1264,4,6193885016811490501
iranian,1276,4,10825159002127511492
iranian,1279,4,10137884925466324723
iranian,1281,4,559450384972687020
iranian,1287,4,8094164191682933714
iranian,1298,4,9923745040147497291
iranian,1300,4,17686885493015125548
iranian,1301,4,1407569375915052275
iranian,1309,4,9520736195188588495
iranian,1326,4,18247921255655067780
iranian,1332,4,16534478984076482646
iranian,1339,4,9988285238975286382
iranian,1344,4,2664944004964214126
iranian,1345,4,9450198194297299471
iranian,1348,4,1882066458187588468
iranian,1376,4,5626193480652432807
iranian,1382,4,12441553433567116060
iranian,1393,4,6523809528544819250
iranian,1398,4,7134715095846343063
iranian,1402,4,17512457205336781210
iranian,1403,4,8274231539758296383
iranian,1413,4,12337539250325828365
iranian,1415,4,3001672529157886222
iranian,1433,4,11476769859211243489
iranian,1435,4,8758199950461711318
iranian,1450,4,10927321229178810456
iranian,1458,4,2847579040158850354
iranian,1460,4,17099647754625266981
iranian,1462,4,9739554612253734681
iranian,1467,4,6203905697238644115
iranian,1472,4,7532867749630964856
iranian,1481,4,16748110500546925558
iranian,1484,4,9198373182835360147
iranian,1489,4,2487343726995005059
iranian,1494,4,12644647169777321802
iranian,1501,4,1537469807046073668
iranian,1516,4,3143751292440607422
iranian,1532,4,3563007657582896942
iranian,1541,4,2290060256828971272
iranian,1545,4,3634213542874563622
iranian,1554,4,5387967900484941609
iranian,1559,4,7502394201956401844
iranian,1570,4,284117830252142990
iranian,1586,4,14079383406868558482
iranian,1588,4,10912036248014937152
iranian,1589,4,8741149460247504651
iranian,1590,4,8059500472250909042
iranian,1602,4,11497785169645616773
iranian,1605,4,12872472070124443943
iranian,1610,4,7243448255864688222
iranian,1612,4,11111172269894903510
iranian,1618,4,699731398514003088
iranian,1623,4,16057413594263479004
iranian,1636,4,18110005622119573633
iranian,1637,4,14661083247758702661
iranian,1655,4,4106363420864603314
iranian,1656,4,12771517544109080777
iranian,1657,4,17795221925974490945
iranian,1662,4,17234792257922704844
iranian,1669,4,9367009762933800245
iranian,1671,4,3732960716263335809
iranian,1676,4,13658309081632925547
iranian,1677,4,12594735136083715654
iranian,1678,4,6203905697238644115
iranian,1688,4,14106100532443476072
iranian,1689,4,6333270031248363888
iranian,1704,4,5816223715382826510
iranian,1735,4,3902405521999021940
iranian,1743,4,1130434470601278207
iranian,1748,4,2409614866494893573
iranian,1752,4,10364359736446696469
iranian,1760,4,12518803109230286140
iranian,1761,4,10215824468664648967
iranian,1771,4,4123875161949344140
iranian,1774,4,7476662968756377789
iranian,1785,4,14611834829154780562
iranian,1786,4,14862184699990402755
iranian,1793,4,16694253302284087416
iranian,1794,4,6544695896773672254
iranian,1800,4,905607857911929170
iranian,1802,4,8644620360387656954
iranian,1810,4,7522763958152206649
iranian,1813,4,1822237202915251721
iranian,1821,4,14747480712290398321
iranian,1823,4,12585488883567429403
iranian,1824,4,16701428718744651176
iranian,1830,4,5876679916625279534
iranian,1836,4,5632671574121413064
iranian,1842,4,12192740689618988188
iranian,1847,4,2475417449247833440
iranian,1852,4,17326530519549017954
iranian,1853,4,2104645211942358451
iranian,1858,4,15579102151006388070
iranian,1860,4,12611977615576364033
iranian,1873,4,16964926115123616918
iranian,1883,4,10172811970763517490
iranian,1885,4,2015027328439902014
iranian,1889,4,17005559310271492607
iranian,1896,4,6272077419053597026
iranian,1897,4,16350615872057278746
iranian,1900,4,12946622923422659509
iranian,1901,4,17319867034243186832
iranian,1923,4,2166587929992478834
iranian,1924,4,8884831245934558527
iranian,1926,4,2894580005021107118
iranian,1928,4,8235415429146057353
iranian,1962,4,17680377386304961334
iranian,1978,4,14072974948252578744
iranian,1989,4,18228261041410175033
iranian,1994,4,10636254292153195365
iranian,1997,4,3514245500785664875
iranian,2003,4,14635953225678755927
iranian,2005,4,7736762231251038277
iranian,2023,4,18378338160542613668
iranian,2045,4,14435310898121174723
iranian,2048,4,8687660218583578543
iranian,2053,4,14635953225678755927
iranian,2055,4,7736762231251038277
iranian,2073,4,18378338160542613668
iranian,2095,4,14435310898121174723
iranian,2098,4,8687660218583578543
iranian,2102,4,5240804065668048142
iranian,2105,4,4104286204880193988
iranian,2109,4,11303103249563951409
iranian,2117,4,12474125113814395440
iranian,2122,4,15979394015924315678
iranian,2128,4,3733935534293252489
iranian,2129,4,2758712101197485970
iranian,2131,4,11408795474632728575
iranian,2136,4,3492965807831807534
iranian,2145,4,3787914037500361023
iranian,2150,4,6422388588469985178
iranian,2153,4,4522946649033939892
iranian,2154,4,921931741985768347
iranian,2158,4,17903998252326559078
iranian,2161,4,13592606577337685021
iranian,2164,4,1115649352662091007
iranian,2177,4,3876465655077266059
iranian,2178,4,18396630871423368372
iranian,2180,4,211372912805711686
iranian,2192,4,13752726179884570565
iranian,2195,4,7414617856389524808
iranian,2196,4,1564764429057406018
iranian,2198,4,5938035117327048661
iranian,2207,4,3732550264294059581
iranian,2212,4,16957913570321106563
iranian,2224,4,4300835714375804419
iranian,2234,4,16606487492059235603
iranian,2238,4,11159339445556661230
iranian,2240,4,16960159699609859833
iranian,2284,4,15670221587254722513
iranian,2286,4,6412124716252271094
iranian,2289,4,3237447397574786308
iranian,2292,4,1541655665143611149
iranian,2297,4,9960632521337673449
iranian,2316,4,9477238522869517902
iranian,2317,4,17265078884618787267
iranian,2321,4,100165231748082500
iranian,2324,4,4613241076372662036
iranian,2334,4,2167579711014925444
iranian,2336,4,833260633749872023
iranian,2343,4,13463519081728111404
iranian,2346,4,4783914805145876132
iranian,2351,4,13913158678563614296
iranian,2355,4,13446658108675328747
iranian,2363,4,1949820141120834287
iranian,2368,4,1163066314311884783
iranian,2375,4,5901905888891428267
iranian,2392,4,17375007981470834315
iranian,2399,4,7037688572432209359
iranian,2405,4,2233192575257012095
iranian,2407,4,17205126993811940483
iranian,2412,4,7014871521559938263
iranian,2427,4,15533302379557481453
iranian,2429,4,17754217489568610324
iranian,2434,4,16688720673367164633
iranian,2442,4,8027358833931082782
iranian,2444,4,17046906962512073052
iranian,2451,4,10703017409927844637
iranian,2455,4,17960098973102202932
iranian,2459,4,12629527599606436907
iranian,2461,4,471652996475155820
iranian,2464,4,4758328912459596924
iranian,2465,4,2858760052995193351
iranian,2467,4,7728216779307470913
iranian,2473,4,4407030086021203598
iranian,2474,4,16590640304616212381
iranian,2479,4,3061718881988728447
iranian,2480,4,2607244932947746099
iranian,2488,4,783524479301739040
iranian,2492,4,16570425522687962087
iranian,2505,4,14665253013152508617
iranian,2517,4,1822229759861749183
iranian,2524,4,3821982453870068494
iranian,2527,4,15588488941823878018
iranian,2531,4,13415831248503697613
iranian,2549,4,11339902000038041718
iranian,2550,4,8440616892992991594
iranian,2551,4,5673862500525641418
iranian,2561,4,17638322390475412718
iranian,2566,4,3617277902156218245
iranian,2569,4,5709583086567953875
iranian,2572,4,17789870678665580677
iranian,2584,4,8959765579853536341
iranian,2585,4,14822745262016070025
iranian,2596,4,13099830627317908893
iranian,2602,4,2250017775234378921
iranian,2606,4,17265232961313239086
iranian,2612,4,4949012650048532531
iranian,2614,4,17280991028768327793
iranian,2619,4,8335094609926894538
iranian,2620,4,3944008944707286406
iranian,2624,4,8990126552294039694
iranian,2634,4,9325813580549893883
iranian,2635,4,6595257816287222226
iranian,2636,4,11850981411392465274
iranian,2647,4,13962596316002236947
iranian,2652,4,15065973885108159013
iranian,2662,4,13446101642041627441
iranian,2687,4,917382817542124483
iranian,2690,4,12195722221723163744
iranian,2692,4,2678154835953848841
iranian,2694,4,16233727342862131073
iranian,2698,4,10993091929086978447
iranian,2701,4,11982675881258816503
iranian,2712,4,4737034839307783452
iranian,2714,4,2094834882695065037
iranian,2715,4,18372549739444577906
iranian,2718,4,212212298399839370
iranian,2724,4,2943951895991194251
iranian,2726,4,8948861857691820537
iranian,2727,4,13751522357733380096
iranian,2735,4,852719633572691304
iranian,2736,4,8743655702378874380
iranian,2742,4,7123955919905887891
iranian,2744,4,15719575552969200447
iranian,2755,4,8874657685552272009
iranian,2779,4,9554038832391834913
iranian,2798,4,16375861678839019156
iranian,2801,4,13408678845427992112
iranian,2813,4,12201147154111615556
iranian,2820,4,12611263828261415127
iranian,2824,4,11674651541652853013
iranian,2825,4,14064527752395542230
iranian,2836,4,12025952841885980731
iranian,2848,4,5233989590253009622
iranian,2856,4,16657119173045258378
iranian,2862,4,8323766939099931730
iranian,2864,4,7751238989987337649
iranian,2882,4,7524822858412229812
iranian,2887,4,12505296831659423140
iranian,2890,4,7760295290272365346
iranian,2891,4,14059147982144276981
iranian,2897,4,8435607687708680705
iranian,2900,4,1239788790593864352
iranian,2912,4,1670640088487295572
iranian,2913,4,15155663533451176656
iranian,2923,4,17292031827612861440
iranian,2941,4,7409836303816649609
iranian,2948,4,9484571424562134663
iranian,2953,4,9637971281432161083
iranian,2957,4,17991006376969682673
iranian,2961,4,13855343452755534884
iranian,2962,4,6174091068676717014
iranian,2967,4,1202787329227501170
iranian,2970,4,14971913479605185115
iranian,2972,4,12697647708562297817
iranian,2978,4,2681814556758441559
iranian,2980,4,1018145906112294653
iranian,2988,4,7544392040866859316
iranian,2991,4,5485380611940040704
iranian,3003,4,15875023435010199414
iranian,3025,4,6702800323697627840
iranian,3031,4,8969031192794704522
iranian,3032,4,7979545466526121426
iranian,3036,4,17057760366093739138
iranian,3042,4,3817263640039250495
iranian,3044,4,1008514470923045867
iranian,3045,4,2027384804364027992
iranian,3052,4,5240804065668048142
iranian,3055,4,4104286204880193988
iranian,3059,4,11303103249563951409
iranian,3067,4,12474125113814395440
iranian,3078,4,3733935534293252489
iranian,3079,4,2758712101197485970
iranian,3081,4,11408795474632728575
iranian,3086,4,3492965807831807534
iranian,3102,4,5240804065668048142
iranian,3105,4,4104286204880193988
iranian,3109,4,11303103249563951409
iranian,3117,4,12474125113814395440
iranian,3128,4,3733935534293252489
iranian,3129,4,2758712101197485970
iranian,3136,4,3492965807831807534
iranian,4,5,10119719326014511300
iranian,15,5,2087607664071755761
iranian,29,5,7429901618665533976
iranian,32,5,6731739658119383596
iranian,56,5,16886974361691307608
iranian,60,5,3032837749808026429
iranian,68,5,1857407191013882860
iranian,74,5,9834402018233828615
iranian,78,5,6779001153824475804
iranian,79,5,2841453942567165451
iranian,98,5,16445036582325399358
iranian,101,5,16833667136834044422
iranian,103,5,12836144564039091960
iranian,104,5,5422228682201944725
iranian,109,5,10919975450462087082
iranian,112,5,6480091585882111272
iranian,122,5,7273775807631620738
iranian,127,5,11929206649469690063
iranian,145,5,14778257360381577976
iranian,147,5,13102861128245572983
iranian,151,5,3634237661483733282
iranian,158,5,17914951042726104605
iranian,179,5,4952117815434531936
iranian,183,5,18297702852697823477
iranian,184,5,15363578056609619333
iranian,185,5,2201021453320586257
iranian,195,5,16714813952119819785
iranian,202,5,16564428936717024959
iranian,203,5,8245015997832659155
iranian,205,5,844649497986164984
iranian,208,5,8642856098175583538
iranian,210,5,14728106134912597082
iranian,231,5,6339840569630066518
iranian,236,5,4108215185671268036
iranian,255,5,2213779599280182013
iranian,267,5,5509987604808647470
iranian,270,5,11349339231109551969
iranian,290,5,18117013168742990143
iranian,293,5,9400256178113914824
iranian,302,5,17877321347822591387
iranian,327,5,10536956256895670512
iranian,334,5,649969562367562701
iranian,335,5,15337181785280097427
iranian,352,5,17932686639806885608
iranian,358,5,15183559875647362810
iranian,363,5,15524885968946567892
iranian,364,5,16156278012733717683
iranian,373,5,14934757357981753190
iranian,374,5,9530301348378659856
iranian,391,5,10336540818605167181
iranian,397,5,12254001522472749315
iranian,412,5,18404653317822760131
iranian,431,5,16663929493705595404
iranian,432,5,15482237510173057020
iranian,442,5,15432936185560494847
iranian,454,5,7160865336675336359
iranian,459,5,13385446944178910132
iranian,463,5,10605405562690038559
iranian,469,5,183508192085093417
iranian,481,5,12066706636539180559
iranian,482,5,15967752278926617338
iranian,489,5,8570935763115198823
iranian,497,5,3747816126126499984
iranian,504,5,1180492434561369810
iranian,506,5,5664556956212205743
iranian,509,5,6598225614699657988
iranian,521,5,3705895197781843288
iranian,523,5,2796249740388466383
iranian,525,5,13411292040657651664
iranian,528,5,4798850408956839716
iranian,530,5,17684816275158096530
iranian,534,5,16505333182663236437
iranian,540,5,13089640558422836577
iranian,544,5,17522798202498911293
iranian,549,5,2050222751713205926
iranian,553,5,10970522828181160210
iranian,554,5,2293153072936221780
iranian,557,5,12819084403510890302
iranian,568,5,7918062698139912973
iranian,576,5,11816721511872961163
iranian,580,5,12256828867108520135
iranian,583,5,9916724357386614182
iranian,585,5,3393886502110082960
iranian,589,5,440891308348081435
iranian,594,5,6093159857768533225
iranian,614,5,6449510310948825089
iranian,615,5,1255252629410341735
iranian,620,5,9267402218523679948
iranian,629,5,7283361208453797995
iranian,642,5,10403104848545687293
iranian,643,5,1139666886027020485
iranian,644,5,12970346279967848362
iranian,650,5,3985904311760879148
iranian,657,5,8610599195036003780
iranian,660,5,9837245143719367740
iranian,669,5,1590025508880169653
iranian,675,5,4744414983356142021
iranian,681,5,14474691766906231832
iranian,692,5,1282906932862661579
iranian,694,5,11195929546568127686
iranian,709,5,11981891739960267368
iranian,711,5,781444732538972593
iranian,713,5,11052485800958724325
iranian,714,5,10394106858687710600
iranian,721,5,17251377825631862643
iranian,722,5,15273351766845900624
iranian,728,5,4798850408956839716
iranian,736,5,4491378025447007203
iranian,737,5,15686657607356062791
iranian,751,5,4616337292467135043
iranian,754,5,9827032435253147843
iranian,755,5,17095005373198056049
iranian,757,5,7491963762331078877
iranian,760,5,11057664272589098869
iranian,762,5,5950597262439959864
iranian,763,5,14265950087364676378
iranian,771,5,4126899769970617540
iranian,773,5,3743115913751143447
iranian,778,5,16907734616280373050
iranian,785,5,2144626133034409701
iranian,787,5,4847363591585607989
iranian,794,5,7784568613886857555
iranian,806,5,912442352679054699
iranian,808,5,59850040772406972
iranian,810,5,17817445899396760398
iranian,813,5,11909495978643312489
iranian,817,5,5915116400164072558
iranian,818,5,13766333232750026944
iranian,829,5,12365214936123623291
iranian,845,5,5488227721545688676
iranian,879,5,13098877997917999735
iranian,890,5,10094452852991014054
iranian,898,5,16632389657317494177
iranian,908,5,3139238081250085137
iranian,916,5,14465464077034801915
iranian,920,5,2216716678216921372
iranian,926,5,9799053032622850266
iranian,932,5,1699851757234510919
iranian,943,5,8659336190276659123
iranian,945,5,9183577039808419592
iranian,949,5,13569204185023753917
iranian,954,5,10119719326014511300
iranian,965,5,2087607664071755761
iranian,979,5,7429901618665533976
iranian,982,5,6731739658119383596
iranian,988,5,6088927693029724300
iranian,1004,5,10119719326014511300
iranian,1015,5,2087607664071755761
iranian,1029,5,7429901618665533976
iranian,1032,5,6731739658119383596
iranian,1056,5,2910106530085707889
iranian,1061,5,7836094259804539443
iranian,1072,5,8684799373541325425
iranian,1077,5,15046976260869363252
iranian,1080,5,10930395404324752699
iranian,1083,5,14583181677502152029
iranian,1084,5,13623919982979095136
iranian,1085,5,8892976764324635420
iranian,1089,5,8394589955153030025
iranian,1092,5,18007708098203587543
iranian,1093,5,5628981025038643053
iranian,1103,5,1672468749419577109
iranian,1107,5,3916311877362677429
iranian,1112,5,5575994579877255079
iranian,1113,5,11101200267950838700
iranian,1115,5,17068824186051618485
iranian,1128,5,4798850408956839716
iranian,1135,5,13128712127649500960
iranian,1136,5,13029272473740438034
iranian,1142,5,3766053263342352201
iranian,1144,5,17545662324855229852
iranian,1145,5,9722138510345767916
iranian,1146,5,8332249171147463768
iranian,1161,5,4747304080192670826
iranian,1163,5,7472157650502619717
iranian,1164,5,12282100018649008251
iranian,1165,5,7070813482541941384
iranian,1166,5,6526052199899810274
iranian,1170,5,5626090112022968180
iranian,1182,5,6339840569630066518
iranian,1183,5,13610915930342516458
iranian,1198,5,3773743878661642436
iranian,1199,5,7885255800433151461
iranian,1204,5,6807183221003201440
iranian,1211,5,14524188996220995001
iranian,1213,5,12425845920865743193
iranian,1217,5,14045375304534745484
iranian,1228,5,13018288339014699608
iranian,1237,5,1552967360679296507
iranian,1238,5,7980429794780901471
iranian,1239,5,7118741755653809691
iranian,1241,5,9646198985358818974
iranian,1248,5,6324696325059782577
iranian,1250,5,2754675617439534455
iranian,1254,5,12578967304780064431
iranian,1263,5,17717000754118404876
iranian,1312,5,12618995233894384652
iranian,1315,5,9628678534375194264
iranian,1318,5,7909772403728882949
iranian,1319,5,12494703570835708089
iranian,1328,5,6287777844320932254
iranian,1330,5,1469442579819892190
iranian,1335,5,13056669803707801186
iranian,1341,5,740687519036887445
iranian,1343,5,8850014258109640800
iranian,1355,5,15210758107874147884
iranian,1357,5,15772551072475124298
iranian,1360,5,1188728654213327959
iranian,1363,5,9560502461249426902
iranian,1366,5,13285604915543158200
iranian,1368,5,13285604915543158200
iranian,1385,5,11949478259032118934
iranian,1392,5,12158190493110415344
iranian,1407,5,4630030161455029594
iranian,1408,5,16566389363636486018
iranian,1411,5,5135072003547109128
iranian,1412,5,1315745056159776513
iranian,1416,5,5469146878972507234
iranian,1424,5,17729932924349104867
iranian,1426,5,10209162501532261413
iranian,1429,5,3577628980737851868
iranian,1451,5,29363192828461070
iranian,1452,5,11468251568929107292
iranian,1455,5,4632622220172912844
iranian,1469,5,9081988415502252365
iranian,1470,5,4997922120472791452
iranian,1475,5,6878381708347708915
iranian,1488,5,781507980751554119
iranian,1492,5,12981370998401985141
iranian,1500,5,1437601640195362462
iranian,1506,5,7808967536039798139
iranian,1510,5,9025199911062706923
iranian,1514,5,9502139040544205714
iranian,1518,5,8840301413702066634
iranian,1519,5,2706195839746632015
iranian,1520,5,5003848653275379741
iranian,1535,5,5172175898191909542
iranian,1536,5,13414779402663023114
iranian,1543,5,16564617467662691937
iranian,1549,5,17783990038947676492
iranian,1555,5,15326751950313787617
iranian,1556,5,10670966531722503657
iranian,1564,5,83879783402940179
iranian,1574,5,14852972167158916675
iranian,1575,5,11860036631391460879
iranian,1577,5,11110604985870913656
iranian,1578,5,29363192828461070
iranian,1581,5,2849724739889282762
iranian,1593,5,4800578469665738369
iranian,1598,5,3071751786373237350
iranian,1604,5,1594696940142493145
iranian,1613,5,7917914499912742687
iranian,1614,5,14982082888598435388
iranian,1625,5,2612945985825409424
iranian,1629,5,12110485600565202380
iranian,1633,5,16903220847365804964
iranian,1641,5,5645468528407722961
iranian,1665,5,9745339016131319403
iranian,1668,5,29363192828461070
iranian,1682,5,16663929493705595404
iranian,1685,5,1651854561249138624
iranian,1691,5,18351651303803541302
iranian,1694,5,10971324743114924216
iranian,1697,5,15476998405862730030
iranian,1699,5,14268120918423523319
iranian,1705,5,12833609388574722833
iranian,1707,5,1923463714598700336
iranian,1709,5,5696175881247571875
iranian,1710,5,4019113574793231318
iranian,1711,5,12022080857689244884
iranian,1715,5,7673730857825848885
iranian,1721,5,8692996910643369727
iranian,1723,5,16054750005154000410
iranian,1726,5,4957097554092408756
iranian,1728,5,10923582280139202224
iranian,1731,5,13841503182151013225
iranian,1732,5,12553450084590602765
iranian,1739,5,11172526354686945634
iranian,1744,5,6739923144244692662
iranian,1747,5,3277601447597049882
iranian,1758,5,11954120110019559705
iranian,1759,5,18253849653002076662
iranian,1772,5,8557160211162447146
iranian,1780,5,14488647023025925917
iranian,1784,5,1437080032484418351
iranian,1790,5,11498937820730852991
iranian,1792,5,14144940676697739466
iranian,1803,5,4510774322617792643
iranian,1811,5,5692868331243780033
iranian,1828,5,13285604915543158200
iranian,1829,5,6768668629603719131
iranian,1831,5,15128870129896804628
iranian,1835,5,5629886628281003708
iranian,1840,5,9590990253356964809
iranian,1856,5,13464596558504135695
iranian,1857,5,3140806829176982565
iranian,1866,5,14784740293184135553
iranian,1876,5,18232402617308597254
iranian,1887,5,6610346913756000809
iranian,1902,5,156046417138096600
iranian,1903,5,5482432770723186730
iranian,1905,5,7069495240815985574
iranian,1908,5,4753725040936993426
iranian,1912,5,478933753919274595
iranian,1914,5,11985495908448117282
iranian,1921,5,16686284488587076922
iranian,1936,5,8527151436011246571
iranian,1937,5,9320713046256041085
iranian,1940,5,65891675916963843
iranian,1946,5,8160145939409038134
iranian,1955,5,1189253148904213030
iranian,1958,5,2493826442759930822
iranian,1966,5,29363192828461070
iranian,1968,5,29363192828461070
iranian,1969,5,12523001418905862586
iranian,1970,5,10576775633221399266
iranian,1974,5,5477976368851760805
iranian,1977,5,10628673612776215411
iranian,1982,5,16663929493705595404
iranian,1983,5,12716301889626436626
iranian,1985,5,14547907229835305030
iranian,1987,5,15608393699063773335
iranian,1988,5,3541119435013776990
iranian,1991,5,18351651303803541302
iranian,2006,5,2910106530085707889
iranian,2011,5,7836094259804539443
iranian,2022,5,8684799373541325425
iranian,2030,5,10930395404324752699
iranian,2033,5,14583181677502152029
iranian,2034,5,13623919982979095136
iranian,2035,5,8892976764324635420
iranian,2039,5,8394589955153030025
iranian,2042,5,18007708098203587543
iranian,2043,5,5628981025038643053
iranian,2049,5,9687641281926870062
iranian,2056,5,2910106530085707889
iranian,2061,5,7836094259804539443
iranian,2077,5,15046976260869363252
iranian,2080,5,10930395404324752699
iranian,2083,5,14583181677502152029
iranian,2084,5,13623919982979095136
iranian,2085,5,8892976764324635420
iranian,2089,5,8394589955153030025
iranian,2092,5,18007708098203587543
iranian,2093,5,5628981025038643053
iranian,2099,5,9687641281926870062
iranian,2111,5,4109508429330544840
iranian,2113,5,4550538650767362421
iranian,2116,5,17527020810862918609
iranian,2121,5,9064717624591201919
iranian,2135,5,12083940363475389619
iranian,2152,5,2329455596691722242
iranian,2155,5,10198432193472380425
iranian,2157,5,4353871826525450436
iranian,2163,5,11437406323769072012
iranian,2167,5,17210077402014357467
iranian,2171,5,13110257505036921144
iranian,2184,5,5129895948417587794
iranian,2188,5,5007845893819134618
iranian,2190,5,3210712543229944248
iranian,2191,5,2950572605392921476
iranian,2203,5,2827877036956675940
iranian,2205,5,15233148808594296898
iranian,2206,5,5354436839682713725
iranian,2211,5,8906969262336753177
iranian,2215,5,7876021280753043074
iranian,2216,5,16303963176871845796
iranian,2223,5,8298653442529410272
iranian,2226,5,4339366096628620791
iranian,2227,5,798072717577144483
iranian,2242,5,12822510405703747533
iranian,2245,5,10591891905254715489
iranian,2252,5,13110371544281384942
iranian,2263,5,10595587257868123081
iranian,2267,5,5510803349440641460
iranian,2290,5,623818895257121168
iranian,2298,5,3311747181196600374
iranian,2302,5,13892103942208407031
iranian,2309,5,1792763622131673247
iranian,2311,5,7973189102057316687
iranian,2312,5,3918346389702261024
iranian,2318,5,3431208752860579674
iranian,2322,5,8107975647820336402
iranian,2331,5,9836062403452381371
iranian,2339,5,7716229746844025072
iranian,2345,5,3687888088289649451
iranian,2366,5,14119947275288880492
iranian,2369,5,12543781050399467616
iranian,2384,5,13080407907166072293
iranian,2389,5,15613041261585086111
iranian,2393,5,10869681627792257451
iranian,2397,5,13873865347374063691
iranian,2401,5,3431208752860579674
iranian,2409,5,6313773032466232897
iranian,2410,5,14602136900450603914
iranian,2424,5,8049611485382229881
iranian,2425,5,8536576537715967590
iranian,2428,5,15241866773194422671
iranian,2431,5,18432002540192957096
iranian,2439,5,3195587235297170118
iranian,2445,5,17525360905174284920
iranian,2447,5,4163307838431594876
iranian,2457,5,17613294900030556707
iranian,2462,5,140552548817375406
iranian,2472,5,1885401935910418951
iranian,2499,5,15780862103652610090
iranian,2503,5,14112530130244873053
iranian,2504,5,9603444865360925048
iranian,2506,5,8624588874927735236
iranian,2522,5,7235361346518384285
iranian,2523,5,2449593346224041809
iranian,2528,5,2628680304734665085
iranian,2534,5,12035356848382527784
iranian,2536,5,91685040665179514
iranian,2538,5,14597714806443634552
iranian,2539,5,13651524120864184031
iranian,2552,5,7532081513018554057
iranian,2553,5,6391540600997656494
iranian,2555,5,3302254662856010891
iranian,2559,5,3243585748727757122
iranian,2574,5,14336873138568790827
iranian,2578,5,10053039339696599176
iranian,2580,5,6246339340687788955
iranian,2588,5,8252884641884728620
iranian,2592,5,9063794783503089406
iranian,2608,5,8094450535857903274
iranian,2641,5,413290006512406745
iranian,2646,5,9443572419817227125
iranian,2650,5,9393006286619692184
iranian,2653,5,13795382135596311208
iranian,2656,5,4170139113748498359
iranian,2666,5,14699750587064535279
iranian,2667,5,9045374802966557808
iranian,2668,5,3555876822003946960
iranian,2669,5,117834253114809291
iranian,2673,5,2172948293827118276
iranian,2675,5,719757907219460430
iranian,2679,5,12957443281513555568
iranian,2680,5,4413480253864194275
iranian,2682,5,10380887980341790378
iranian,2699,5,3575043492848050008
iranian,2711,5,13076755213655258837
iranian,2725,5,13051321775515714054
iranian,2732,5,8243849951197230020
iranian,2739,5,16274597148472257484
iranian,2745,5,17701454792227860093
iranian,2751,5,15418412312155010163
iranian,2752,5,17100497706128709168
iranian,2757,5,9581107348965189894
iranian,2762,5,2403827259542855
iranian,2767,5,12890653905139318998
iranian,2768,5,16952592153404055334
iranian,2769,5,13183468508356559474
iranian,2780,5,18353420677491289226
iranian,2782,5,1431989000747364771
iranian,2785,5,4409797582478426958
iranian,2795,5,5183716755919658125
iranian,2803,5,16640727112482922963
iranian,2811,5,10340821702663660342
iranian,2812,5,2207235525366023682
iranian,2815,5,10560704367276982259
iranian,2821,5,12901004919726660875
iranian,2822,5,10118868682166043443
iranian,2845,5,9245404995648459130
iranian,2846,5,2637447330866796568
iranian,2847,5,3905039174063091263
iranian,2863,5,5114771353092948386
iranian,2868,5,29363192828461070
iranian,2875,5,11992507011055997792
iranian,2877,5,7737261509415152342
iranian,2880,5,14497802705820711333
iranian,2881,5,16294149926103946668
iranian,2889,5,13573188498042340770
iranian,2892,5,8653586369844801576
iranian,2915,5,11679574723010963030
iranian,2916,5,2792546757752773133
iranian,2922,5,14029598644398569841
iranian,2929,5,11888177044970473226
iranian,2930,5,2116426503896906281
iranian,2940,5,3189798047623152596
iranian,2943,5,15130852189185029498
iranian,2950,5,8512553653585780440
iranian,2951,5,12616779835941598564
iranian,2955,5,7979412737446641867
iranian,2956,5,7464753292230324157
iranian,2973,5,11336462215611241170
iranian,3022,5,18144359089166777690
iranian,3049,5,1140724956096105163
iranian,3061,5,17868372934339121835
iranian,3063,5,4550538650767362421
iranian,3066,5,17527020810862918609
iranian,3071,5,9064717624591201919
iranian,3077,5,966381277738285366
iranian,3085,5,12083940363475389619
iranian,3095,5,9957730924356639817
iranian,3111,5,17868372934339121835
iranian,3113,5,4550538650767362421
iranian,3116,5,17527020810862918609
iranian,3121,5,9064717624591201919
iranian,3135,5,12083940363475389619
iranian,3145,5,9957730924356639817
