customer_id,last_purchase,frequency_180d,gross_spend_180d,line_count_180d,recency_days,repeat_purchase_90d,churn_proxy_90d,cutoff,lookback_start,label_end_exclusive
12346,2010-03-02 13:08:00,10,230.55,14,90.45277777777778,1,0,2010-06-01T00:00:00,2009-12-03T00:00:00,2010-08-30T00:00:00
12349,2010-05-18 09:57:00,2,1268.52,47,13.585416666666667,0,1,2010-06-01T00:00:00,2009-12-03T00:00:00,2010-08-30T00:00:00
12355,2010-05-21 11:59:00,1,488.21000000000004,22,10.500694444444445,0,1,2010-06-01T00:00:00,2009-12-03T00:00:00,2010-08-30T00:00:00
12358,2009-12-08 07:59:00,1,1429.83,17,174.66736111111112,1,0,2010-06-01T00:00:00,2009-12-03T00:00:00,2010-08-30T00:00:00
12359,2010-03-23 08:55:00,4,1522.23,66,69.62847222222223,1,0,2010-06-01T00:00:00,2009-12-03T00:00:00,2010-08-30T00:00:00
12360,2010-05-25 09:55:00,3,780.04,45,6.586805555555555,0,1,2010-06-01T00:00:00,2009-12-03T00:00:00,2010-08-30T00:00:00
12361,2010-05-09 15:33:00,2,207.35000000000002,13,22.352083333333333,0,1,2010-06-01T00:00:00,2009-12-03T00:00:00,2010-08-30T00:00:00
12366,2010-03-16 10:28:00,1,500.24,3,76.56388888888888,0,1,2010-06-01T00:00:00,2009-12-03T00:00:00,2010-08-30T00:00:00
12368,2010-03-21 15:56:00,1,917.7,18,71.33611111111111,0,1,2010-06-01T00:00:00,2009-12-03T00:00:00,2010-08-30T00:00:00
12369,2010-03-08 08:09:00,1,348.32,9,84.66041666666666,0,1,2010-06-01T00:00:00,2009-12-03T00:00:00,2010-08-30T00:00:00
12370,2010-03-25 12:10:00,3,774.62,35,67.49305555555556,0,1,2010-06-01T00:00:00,2009-12-03T00:00:00,2010-08-30T00:00:00
12371,2010-03-04 18:25:00,2,607.6800000000001,34,88.23263888888889,0,1,2010-06-01T00:00:00,2009-12-03T00:00:00,2010-08-30T00:00:00
12373,2010-03-25 13:49:00,2,763.0500000000001,37,67.42430555555555,0,1,2010-06-01T00:00:00,2009-12-03T00:00:00,2010-08-30T00:00:00
12374,2010-04-30 14:01:00,1,1388.54,36,31.415972222222223,0,1,2010-06-01T00:00:00,2009-12-03T00:00:00,2010-08-30T00:00:00
12377,2010-04-29 15:34:00,1,1210.96,47,32.35138888888889,0,1,2010-06-01T00:00:00,2009-12-03T00:00:00,2010-08-30T00:00:00
12378,2010-05-26 14:07:00,1,1407.7,82,5.4118055555555555,0,1,2010-06-01T00:00:00,2009-12-03T00:00:00,2010-08-30T00:00:00
12380,2010-03-03 12:53:00,3,3217.3,53,89.46319444444444,1,0,2010-06-01T00:00:00,2009-12-03T00:00:00,2010-08-30T00:00:00
12388,2010-05-06 12:54:00,1,461.62,26,25.4625,0,1,2010-06-01T00:00:00,2009-12-03T00:00:00,2010-08-30T00:00:00
12389,2010-05-21 15:12:00,2,563.03,26,10.366666666666667,0,1,2010-06-01T00:00:00,2009-12-03T00:00:00,2010-08-30T00:00:00
12391,2010-04-21 10:59:00,4,1902.19,98,40.54236111111111,0,1,2010-06-01T00:00:00,2009-12-03T00:00:00,2010-08-30T00:00:00
12392,2010-04-27 14:04:00,1,234.75000000000003,7,34.41388888888889,0,1,2010-06-01T00:00:00,2009-12-03T00:00:00,2010-08-30T00:00:00
12395,2010-04-16 10:16:00,1,1125.44,52,45.57222222222222,1,0,2010-06-01T00:00:00,2009-12-03T00:00:00,2010-08-30T00:00:00
12396,2010-02-03 13:22:00,1,931.4300000000001,65,117.44305555555556,0,1,2010-06-01T00:00:00,2009-12-03T00:00:00,2010-08-30T00:00:00
12399,2010-03-05 08:45:00,1,205.98,15,87.63541666666667,1,0,2010-06-01T00:00:00,2009-12-03T00:00:00,2010-08-30T00:00:00
12402,2010-04-18 12:04:00,2,505.35,28,43.49722222222222,1,0,2010-06-01T00:00:00,2009-12-03T00:00:00,2010-08-30T00:00:00
12404,2010-01-26 16:25:00,1,63.24,1,125.31597222222223,0,1,2010-06-01T00:00:00,2009-12-03T00:00:00,2010-08-30T00:00:00
12406,2010-04-22 18:41:00,2,1629.2,35,39.22152777777778,0,1,2010-06-01T00:00:00,2009-12-03T00:00:00,2010-08-30T00:00:00
12409,2010-05-23 15:21:00,1,6802.48,87,8.360416666666667,1,0,2010-06-01T00:00:00,2009-12-03T00:00:00,2010-08-30T00:00:00
12416,2010-02-21 10:19:00,1,202.56,11,99.57013888888889,0,1,2010-06-01T00:00:00,2009-12-03T00:00:00,2010-08-30T00:00:00
12417,2010-04-01 10:05:00,5,1446.45,90,60.579861111111114,1,0,2010-06-01T00:00:00,2009-12-03T00:00:00,2010-08-30T00:00:00
12418,2010-05-12 13:11:00,2,879.3100000000001,40,19.450694444444444,0,1,2010-06-01T00:00:00,2009-12-03T00:00:00,2010-08-30T00:00:00
12422,2010-05-25 11:28:00,7,2676.34,60,6.522222222222222,1,0,2010-06-01T00:00:00,2009-12-03T00:00:00,2010-08-30T00:00:00
12426,2010-02-15 08:41:00,1,762.48,47,105.63819444444445,0,1,2010-06-01T00:00:00,2009-12-03T00:00:00,2010-08-30T00:00:00
12431,2010-05-24 13:34:00,5,1967.76,86,7.434722222222222,1,0,2010-06-01T00:00:00,2009-12-03T00:00:00,2010-08-30T00:00:00
12435,2010-03-12 14:50:00,1,728.88,15,80.38194444444444,1,0,2010-06-01T00:00:00,2009-12-03T00:00:00,2010-08-30T00:00:00
12437,2010-04-16 09:27:00,7,3682.94,182,45.60625,1,0,2010-06-01T00:00:00,2009-12-03T00:00:00,2010-08-30T00:00:00
12439,2010-01-26 12:11:00,2,1142.88,71,125.49236111111111,0,1,2010-06-01T00:00:00,2009-12-03T00:00:00,2010-08-30T00:00:00
12440,2009-12-22 12:03:00,1,568.51,21,160.49791666666667,0,1,2010-06-01T00:00:00,2009-12-03T00:00:00,2010-08-30T00:00:00
12443,2009-12-07 15:42:00,1,485.31,21,175.34583333333333,0,1,2010-06-01T00:00:00,2009-12-03T00:00:00,2010-08-30T00:00:00
12455,2010-05-11 15:03:00,3,2929.95,119,20.372916666666665,0,1,2010-06-01T00:00:00,2009-12-03T00:00:00,2010-08-30T00:00:00
12459,2010-04-13 14:53:00,1,454.36,23,48.37986111111111,0,1,2010-06-01T00:00:00,2009-12-03T00:00:00,2010-08-30T00:00:00
12466,2010-01-26 16:26:00,1,56.73,1,125.31527777777778,0,1,2010-06-01T00:00:00,2009-12-03T00:00:00,2010-08-30T00:00:00
12468,2010-04-09 10:08:00,2,2329.54,83,52.577777777777776,1,0,2010-06-01T00:00:00,2009-12-03T00:00:00,2010-08-30T00:00:00
12470,2010-01-19 11:01:00,1,211.95,23,132.54097222222222,0,1,2010-06-01T00:00:00,2009-12-03T00:00:00,2010-08-30T00:00:00
12471,2010-05-17 10:15:00,23,8916.93,356,14.572916666666666,1,0,2010-06-01T00:00:00,2009-12-03T00:00:00,2010-08-30T00:00:00
12472,2010-04-26 12:34:00,7,4302.29,232,35.47638888888889,1,0,2010-06-01T00:00:00,2009-12-03T00:00:00,2010-08-30T00:00:00
12474,2010-04-25 12:36:00,3,1088.39,68,36.475,1,0,2010-06-01T00:00:00,2009-12-03T00:00:00,2010-08-30T00:00:00
12477,2010-03-26 14:01:00,1,2021.23,105,66.41597222222222,1,0,2010-06-01T00:00:00,2009-12-03T00:00:00,2010-08-30T00:00:00
12481,2010-04-12 10:10:00,2,3275.6,51,49.576388888888886,0,1,2010-06-01T00:00:00,2009-12-03T00:00:00,2010-08-30T00:00:00
12482,2010-05-12 16:51:00,29,23691.4,204,19.297916666666666,0,1,2010-06-01T00:00:00,2009-12-03T00:00:00,2010-08-30T00:00:00
12483,2010-04-23 14:45:00,5,1123.5,31,38.385416666666664,1,0,2010-06-01T00:00:00,2009-12-03T00:00:00,2010-08-30T00:00:00
12484,2010-02-28 11:55:00,3,705.15,69,92.50347222222223,1,0,2010-06-01T00:00:00,2009-12-03T00:00:00,2010-08-30T00:00:00
12487,2009-12-09 11:36:00,1,285.3,2,173.51666666666668,0,1,2010-06-01T00:00:00,2009-12-03T00:00:00,2010-08-30T00:00:00
12490,2010-05-07 14:56:00,6,1943.23,103,24.377777777777776,1,0,2010-06-01T00:00:00,2009-12-03T00:00:00,2010-08-30T00:00:00
12494,2010-05-12 13:52:00,1,344.87,20,19.42222222222222,0,1,2010-06-01T00:00:00,2009-12-03T00:00:00,2010-08-30T00:00:00
12495,2010-03-09 10:53:00,1,357.4,17,83.54652777777778,0,1,2010-06-01T00:00:00,2009-12-03T00:00:00,2010-08-30T00:00:00
12496,2010-03-29 14:06:00,2,45.34,10,63.4125,0,1,2010-06-01T00:00:00,2009-12-03T00:00:00,2010-08-30T00:00:00
12497,2010-03-05 09:39:00,1,1211.76,17,87.59791666666666,0,1,2010-06-01T00:00:00,2009-12-03T00:00:00,2010-08-30T00:00:00
12499,2010-05-28 15:12:00,1,393.72,27,3.3666666666666667,0,1,2010-06-01T00:00:00,2009-12-03T00:00:00,2010-08-30T00:00:00
12500,2010-04-11 10:44:00,6,1327.04,70,50.55277777777778,1,0,2010-06-01T00:00:00,2009-12-03T00:00:00,2010-08-30T00:00:00
12503,2010-05-04 13:59:00,1,1126.0,2,27.417361111111113,0,1,2010-06-01T00:00:00,2009-12-03T00:00:00,2010-08-30T00:00:00
12504,2010-04-22 10:24:00,1,134.4,6,39.56666666666667,0,1,2010-06-01T00:00:00,2009-12-03T00:00:00,2010-08-30T00:00:00
12507,2010-05-04 09:23:00,1,539.25,28,27.60902777777778,0,1,2010-06-01T00:00:00,2009-12-03T00:00:00,2010-08-30T00:00:00
12510,2010-03-25 16:19:00,6,3414.23,71,67.32013888888889,0,1,2010-06-01T00:00:00,2009-12-03T00:00:00,2010-08-30T00:00:00
12514,2010-03-08 12:18:00,1,580.08,33,84.4875,0,1,2010-06-01T00:00:00,2009-12-03T00:00:00,2010-08-30T00:00:00
12516,2010-04-19 14:14:00,1,689.46,25,42.40694444444444,0,1,2010-06-01T00:00:00,2009-12-03T00:00:00,2010-08-30T00:00:00
12523,2010-05-06 12:23:00,5,1359.47,76,25.48402777777778,1,0,2010-06-01T00:00:00,2009-12-03T00:00:00,2010-08-30T00:00:00
12524,2010-03-24 11:49:00,3,2282.58,20,68.50763888888889,1,0,2010-06-01T00:00:00,2009-12-03T00:00:00,2010-08-30T00:00:00
12525,2010-03-02 14:01:00,1,566.4300000000001,33,90.41597222222222,1,0,2010-06-01T00:00:00,2009-12-03T00:00:00,2010-08-30T00:00:00
12530,2010-04-21 11:51:00,2,657.54,33,40.50625,1,0,2010-06-01T00:00:00,2009-12-03T00:00:00,2010-08-30T00:00:00
12531,2010-01-22 14:17:00,1,1807.98,110,129.4048611111111,0,1,2010-06-01T00:00:00,2009-12-03T00:00:00,2010-08-30T00:00:00
12533,2010-03-22 10:56:00,1,437.97,28,70.54444444444445,0,1,2010-06-01T00:00:00,2009-12-03T00:00:00,2010-08-30T00:00:00
12539,2009-12-23 13:41:00,2,5149.06,207,159.4298611111111,0,1,2010-06-01T00:00:00,2009-12-03T00:00:00,2010-08-30T00:00:00
12540,2010-05-13 15:42:00,10,4065.57,139,18.345833333333335,1,0,2010-06-01T00:00:00,2009-12-03T00:00:00,2010-08-30T00:00:00
12542,2010-03-09 16:26:00,1,364.79,25,83.31527777777778,1,0,2010-06-01T00:00:00,2009-12-03T00:00:00,2010-08-30T00:00:00
12549,2010-05-13 12:05:00,6,1575.68,49,18.49652777777778,0,1,2010-06-01T00:00:00,2009-12-03T00:00:00,2010-08-30T00:00:00
12555,2010-01-26 16:26:00,1,129.23,1,125.31527777777778,0,1,2010-06-01T00:00:00,2009-12-03T00:00:00,2010-08-30T00:00:00
12557,2009-12-17 10:39:00,1,1952.64,3,165.55625,1,0,2010-06-01T00:00:00,2009-12-03T00:00:00,2010-08-30T00:00:00
12567,2010-05-06 10:04:00,2,871.13,44,25.580555555555556,1,0,2010-06-01T00:00:00,2009-12-03T00:00:00,2010-08-30T00:00:00
12568,2010-03-05 09:15:00,1,70.0,5,87.61458333333333,0,1,2010-06-01T00:00:00,2009-12-03T00:00:00,2010-08-30T00:00:00
12570,2010-01-26 17:28:00,1,77.52,1,125.27222222222223,0,1,2010-06-01T00:00:00,2009-12-03T00:00:00,2010-08-30T00:00:00
12577,2009-12-03 19:31:00,1,210.55,13,179.18680555555557,0,1,2010-06-01T00:00:00,2009-12-03T00:00:00,2010-08-30T00:00:00
12580,2010-05-12 11:45:00,1,637.2,34,19.510416666666668,0,1,2010-06-01T00:00:00,2009-12-03T00:00:00,2010-08-30T00:00:00
12582,2010-05-11 09:55:00,1,837.11,53,20.586805555555557,0,1,2010-06-01T00:00:00,2009-12-03T00:00:00,2010-08-30T00:00:00
12583,2010-05-21 11:45:00,5,2895.85,96,10.510416666666666,1,0,2010-06-01T00:00:00,2009-12-03T00:00:00,2010-08-30T00:00:00
12586,2009-12-16 13:15:00,1,422.35,19,166.44791666666666,0,1,2010-06-01T00:00:00,2009-12-03T00:00:00,2010-08-30T00:00:00
12588,2010-04-21 12:22:00,1,328.9,17,40.484722222222224,0,1,2010-06-01T00:00:00,2009-12-03T00:00:00,2010-08-30T00:00:00
12589,2010-01-19 12:26:00,1,715.5,43,132.48194444444445,0,1,2010-06-01T00:00:00,2009-12-03T00:00:00,2010-08-30T00:00:00
12594,2010-03-03 13:51:00,1,154.14,12,89.42291666666667,1,0,2010-06-01T00:00:00,2009-12-03T00:00:00,2010-08-30T00:00:00
12598,2010-03-03 16:03:00,2,649.71,39,89.33125,0,1,2010-06-01T00:00:00,2009-12-03T00:00:00,2010-08-30T00:00:00
12599,2010-05-11 10:42:00,1,499.48,27,20.554166666666667,1,0,2010-06-01T00:00:00,2009-12-03T00:00:00,2010-08-30T00:00:00
12600,2010-05-11 10:20:00,6,1392.81,39,20.569444444444443,1,0,2010-06-01T00:00:00,2009-12-03T00:00:00,2010-08-30T00:00:00
12606,2010-01-26 16:23:00,1,21.0,1,125.31736111111111,0,1,2010-06-01T00:00:00,2009-12-03T00:00:00,2010-08-30T00:00:00
12609,2010-05-27 14:53:00,3,1025.75,46,4.379861111111111,1,0,2010-06-01T00:00:00,2009-12-03T00:00:00,2010-08-30T00:00:00
12613,2010-04-09 14:01:00,2,1725.73,86,52.41597222222222,1,0,2010-06-01T00:00:00,2009-12-03T00:00:00,2010-08-30T00:00:00
12615,2010-03-18 14:09:00,1,1155.48,61,74.41041666666666,1,0,2010-06-01T00:00:00,2009-12-03T00:00:00,2010-08-30T00:00:00
12619,2010-05-28 12:52:00,1,140.14,10,3.463888888888889,0,1,2010-06-01T00:00:00,2009-12-03T00:00:00,2010-08-30T00:00:00
12621,2010-05-23 14:30:00,4,2566.5,103,8.395833333333334,1,0,2010-06-01T00:00:00,2009-12-03T00:00:00,2010-08-30T00:00:00
12623,2010-04-20 09:56:00,3,2338.59,95,41.58611111111111,1,0,2010-06-01T00:00:00,2009-12-03T00:00:00,2010-08-30T00:00:00
12625,2010-04-22 11:33:00,1,969.69,38,39.51875,1,0,2010-06-01T00:00:00,2009-12-03T00:00:00,2010-08-30T00:00:00
12631,2010-04-21 13:15:00,3,1664.41,86,40.447916666666664,1,0,2010-06-01T00:00:00,2009-12-03T00:00:00,2010-08-30T00:00:00
12632,2010-05-24 09:07:00,1,394.32,14,7.620138888888889,1,0,2010-06-01T00:00:00,2009-12-03T00:00:00,2010-08-30T00:00:00
12638,2010-03-10 10:30:00,1,249.8,9,82.5625,0,1,2010-06-01T00:00:00,2009-12-03T00:00:00,2010-08-30T00:00:00
12639,2010-03-22 09:05:00,1,253.58,15,70.62152777777777,0,1,2010-06-01T00:00:00,2009-12-03T00:00:00,2010-08-30T00:00:00
12643,2010-05-28 14:22:00,2,2258.8,10,3.401388888888889,1,0,2010-06-01T00:00:00,2009-12-03T00:00:00,2010-08-30T00:00:00
12644,2010-02-07 14:27:00,2,868.13,47,113.39791666666666,0,1,2010-06-01T00:00:00,2009-12-03T00:00:00,2010-08-30T00:00:00
12645,2010-03-03 10:19:00,2,846.74,41,89.57013888888889,0,1,2010-06-01T00:00:00,2009-12-03T00:00:00,2010-08-30T00:00:00
12647,2010-05-21 09:56:00,12,7124.46,214,10.58611111111111,1,0,2010-06-01T00:00:00,2009-12-03T00:00:00,2010-08-30T00:00:00
12648,2010-03-09 09:55:00,2,311.8,18,83.58680555555556,0,1,2010-06-01T00:00:00,2009-12-03T00:00:00,2010-08-30T00:00:00
12649,2010-05-05 10:39:00,3,781.8,39,26.55625,0,1,2010-06-01T00:00:00,2009-12-03T00:00:00,2010-08-30T00:00:00
12656,2010-05-26 09:00:00,1,945.0,52,5.625,1,0,2010-06-01T00:00:00,2009-12-03T00:00:00,2010-08-30T00:00:00
12662,2010-05-18 15:06:00,3,949.61,53,13.370833333333334,1,0,2010-06-01T00:00:00,2009-12-03T00:00:00,2010-08-30T00:00:00
12663,2010-03-25 09:40:00,2,239.4,10,67.59722222222223,0,1,2010-06-01T00:00:00,2009-12-03T00:00:00,2010-08-30T00:00:00
12664,2009-12-13 10:28:00,1,549.08,4,169.5638888888889,1,0,2010-06-01T00:00:00,2009-12-03T00:00:00,2010-08-30T00:00:00
12665,2010-02-08 15:11:00,1,168.8,8,112.36736111111111,0,1,2010-06-01T00:00:00,2009-12-03T00:00:00,2010-08-30T00:00:00
12668,2010-05-21 09:06:00,4,4502.35,237,10.620833333333334,0,1,2010-06-01T00:00:00,2009-12-03T00:00:00,2010-08-30T00:00:00
12670,2010-02-11 10:13:00,1,225.60000000000002,8,109.57430555555555,0,1,2010-06-01T00:00:00,2009-12-03T00:00:00,2010-08-30T00:00:00
12671,2010-04-12 16:30:00,1,2622.481,45,49.3125,0,1,2010-06-01T00:00:00,2009-12-03T00:00:00,2010-08-30T00:00:00
12672,2010-04-23 09:57:00,1,211.15,12,38.58541666666667,0,1,2010-06-01T00:00:00,2009-12-03T00:00:00,2010-08-30T00:00:00
12675,2010-05-10 16:44:00,1,944.5,111,21.302777777777777,1,0,2010-06-01T00:00:00,2009-12-03T00:00:00,2010-08-30T00:00:00
12677,2010-02-11 13:55:00,1,190.7,9,109.42013888888889,1,0,2010-06-01T00:00:00,2009-12-03T00:00:00,2010-08-30T00:00:00
12678,2010-05-06 11:50:00,3,8874.67,119,25.506944444444443,1,0,2010-06-01T00:00:00,2009-12-03T00:00:00,2010-08-30T00:00:00
12681,2010-05-26 14:43:00,11,6438.17,303,5.386805555555555,1,0,2010-06-01T00:00:00,2009-12-03T00:00:00,2010-08-30T00:00:00
12682,2010-05-06 13:41:00,9,5325.2,215,25.429861111111112,1,0,2010-06-01T00:00:00,2009-12-03T00:00:00,2010-08-30T00:00:00
12683,2010-05-13 09:33:00,4,2290.08,108,18.602083333333333,0,1,2010-06-01T00:00:00,2009-12-03T00:00:00,2010-08-30T00:00:00
12692,2010-03-12 14:02:00,1,110.95,13,80.41527777777777,0,1,2010-06-01T00:00:00,2009-12-03T00:00:00,2010-08-30T00:00:00
12695,2010-04-28 14:59:00,2,743.36,29,33.37569444444444,1,0,2010-06-01T00:00:00,2009-12-03T00:00:00,2010-08-30T00:00:00
12698,2010-04-28 15:51:00,1,339.75,16,33.33958333333333,0,1,2010-06-01T00:00:00,2009-12-03T00:00:00,2010-08-30T00:00:00
12701,2010-03-16 13:23:00,1,547.32,35,76.44236111111111,1,0,2010-06-01T00:00:00,2009-12-03T00:00:00,2010-08-30T00:00:00
12703,2010-03-16 13:22:00,3,722.98,53,76.44305555555556,0,1,2010-06-01T00:00:00,2009-12-03T00:00:00,2010-08-30T00:00:00
12708,2010-04-30 13:52:00,5,1425.78,84,31.42222222222222,1,0,2010-06-01T00:00:00,2009-12-03T00:00:00,2010-08-30T00:00:00
12709,2010-05-06 10:28:00,10,11617.94,171,25.56388888888889,1,0,2010-06-01T00:00:00,2009-12-03T00:00:00,2010-08-30T00:00:00
12711,2010-04-07 11:59:00,2,1339.05,60,54.50069444444444,0,1,2010-06-01T00:00:00,2009-12-03T00:00:00,2010-08-30T00:00:00
12712,2010-05-20 18:18:00,4,1102.75,71,11.2375,1,0,2010-06-01T00:00:00,2009-12-03T00:00:00,2010-08-30T00:00:00
12714,2010-04-28 13:59:00,4,5077.82,238,33.41736111111111,1,0,2010-06-01T00:00:00,2009-12-03T00:00:00,2010-08-30T00:00:00
12717,2010-04-28 14:34:00,1,277.93,16,33.393055555555556,0,1,2010-06-01T00:00:00,2009-12-03T00:00:00,2010-08-30T00:00:00
12725,2010-05-17 14:54:00,2,1228.95,48,14.379166666666666,0,1,2010-06-01T00:00:00,2009-12-03T00:00:00,2010-08-30T00:00:00
12726,2010-03-25 16:25:00,1,381.36,10,67.31597222222223,1,0,2010-06-01T00:00:00,2009-12-03T00:00:00,2010-08-30T00:00:00
12727,2010-02-23 09:54:00,1,759.32,30,97.5875,1,0,2010-06-01T00:00:00,2009-12-03T00:00:00,2010-08-30T00:00:00
12731,2010-05-16 15:39:00,2,2835.54,54,15.347916666666666,1,0,2010-06-01T00:00:00,2009-12-03T00:00:00,2010-08-30T00:00:00
12733,2010-01-19 13:23:00,1,1130.22,71,132.4423611111111,1,0,2010-06-01T00:00:00,2009-12-03T00:00:00,2010-08-30T00:00:00
12742,2010-03-24 12:43:00,1,1201.52,67,68.47013888888888,0,1,2010-06-01T00:00:00,2009-12-03T00:00:00,2010-08-30T00:00:00
12744,2010-04-27 16:19:00,1,1252.95,36,34.32013888888889,0,1,2010-06-01T00:00:00,2009-12-03T00:00:00,2010-08-30T00:00:00
12745,2010-05-14 16:50:00,2,658.48,11,17.29861111111111,1,0,2010-06-01T00:00:00,2009-12-03T00:00:00,2010-08-30T00:00:00
12747,2010-05-27 10:04:00,8,1983.54,71,4.580555555555556,1,0,2010-06-01T00:00:00,2009-12-03T00:00:00,2010-08-30T00:00:00
12748,2010-05-26 10:07:00,43,6825.4800000000005,751,5.5784722222222225,1,0,2010-06-01T00:00:00,2009-12-03T00:00:00,2010-08-30T00:00:00
12755,2010-03-15 10:47:00,3,147.41000000000003,24,77.55069444444445,1,0,2010-06-01T00:00:00,2009-12-03T00:00:00,2010-08-30T00:00:00
12758,2010-04-29 10:58:00,2,1970.91,66,32.543055555555554,1,0,2010-06-01T00:00:00,2009-12-03T00:00:00,2010-08-30T00:00:00
12759,2010-05-24 10:44:00,2,1703.68,95,7.552777777777778,1,0,2010-06-01T00:00:00,2009-12-03T00:00:00,2010-08-30T00:00:00
12765,2010-05-02 15:33:00,3,528.3,27,29.352083333333333,1,0,2010-06-01T00:00:00,2009-12-03T00:00:00,2010-08-30T00:00:00
12773,2010-05-24 17:30:00,1,124.25,6,7.270833333333333,0,1,2010-06-01T00:00:00,2009-12-03T00:00:00,2010-08-30T00:00:00
12776,2010-02-10 12:11:00,1,55.5,4,110.49236111111111,0,1,2010-06-01T00:00:00,2009-12-03T00:00:00,2010-08-30T00:00:00
12778,2010-04-16 09:57:00,1,378.59999999999997,27,45.58541666666667,0,1,2010-06-01T00:00:00,2009-12-03T00:00:00,2010-08-30T00:00:00
12779,2010-03-01 09:56:00,2,690.68,37,91.58611111111111,1,0,2010-06-01T00:00:00,2009-12-03T00:00:00,2010-08-30T00:00:00
12780,2010-04-20 09:40:00,1,337.4,20,41.59722222222222,0,1,2010-06-01T00:00:00,2009-12-03T00:00:00,2010-08-30T00:00:00
12785,2009-12-08 13:56:00,1,366.9,19,174.41944444444445,1,0,2010-06-01T00:00:00,2009-12-03T00:00:00,2010-08-30T00:00:00
12786,2010-04-09 12:12:00,1,728.5000000000001,18,52.49166666666667,0,1,2010-06-01T00:00:00,2009-12-03T00:00:00,2010-08-30T00:00:00
12789,2010-01-15 12:06:00,1,89.25,2,136.49583333333334,1,0,2010-06-01T00:00:00,2009-12-03T00:00:00,2010-08-30T00:00:00
12791,2010-04-18 14:00:00,4,555.11,24,43.416666666666664,0,1,2010-06-01T00:00:00,2009-12-03T00:00:00,2010-08-30T00:00:00
12796,2010-03-21 15:49:00,1,381.0,7,71.34097222222222,0,1,2010-06-01T00:00:00,2009-12-03T00:00:00,2010-08-30T00:00:00
12800,2010-02-01 13:16:00,2,403.33,24,119.44722222222222,1,0,2010-06-01T00:00:00,2009-12-03T00:00:00,2010-08-30T00:00:00
12802,2010-05-25 09:34:00,1,774.25,50,6.601388888888889,1,0,2010-06-01T00:00:00,2009-12-03T00:00:00,2010-08-30T00:00:00
12805,2010-04-13 12:30:00,2,520.2,21,48.479166666666664,1,0,2010-06-01T00:00:00,2009-12-03T00:00:00,2010-08-30T00:00:00
12806,2010-05-16 13:49:00,2,2843.96,65,15.424305555555556,1,0,2010-06-01T00:00:00,2009-12-03T00:00:00,2010-08-30T00:00:00
12809,2010-05-23 11:08:00,2,1266.63,56,8.536111111111111,0,1,2010-06-01T00:00:00,2009-12-03T00:00:00,2010-08-30T00:00:00
12810,2010-02-01 09:52:00,1,159.66,10,119.58888888888889,1,0,2010-06-01T00:00:00,2009-12-03T00:00:00,2010-08-30T00:00:00
12813,2010-05-10 14:19:00,2,1065.8,21,21.403472222222224,1,0,2010-06-01T00:00:00,2009-12-03T00:00:00,2010-08-30T00:00:00
12820,2010-05-25 12:38:00,4,1083.3,63,6.473611111111111,1,0,2010-06-01T00:00:00,2009-12-03T00:00:00,2010-08-30T00:00:00
12821,2010-04-07 15:14:00,1,128.08,7,54.36527777777778,0,1,2010-06-01T00:00:00,2009-12-03T00:00:00,2010-08-30T00:00:00
12823,2010-05-19 11:35:00,5,1559.5,5,12.51736111111111,1,0,2010-06-01T00:00:00,2009-12-03T00:00:00,2010-08-30T00:00:00
12825,2010-03-08 10:17:00,1,214.82999999999998,10,84.57152777777777,1,0,2010-06-01T00:00:00,2009-12-03T00:00:00,2010-08-30T00:00:00
12826,2009-12-18 10:43:00,1,458.2,8,164.5534722222222,1,0,2010-06-01T00:00:00,2009-12-03T00:00:00,2010-08-30T00:00:00
12835,2010-05-28 11:17:00,28,4466.02,422,3.529861111111111,1,0,2010-06-01T00:00:00,2009-12-03T00:00:00,2010-08-30T00:00:00
12836,2010-04-20 16:19:00,4,1430.95,96,41.32013888888889,1,0,2010-06-01T00:00:00,2009-12-03T00:00:00,2010-08-30T00:00:00
12837,2010-05-19 15:10:00,1,528.5600000000001,76,12.368055555555555,0,1,2010-06-01T00:00:00,2009-12-03T00:00:00,2010-08-30T00:00:00
12838,2010-05-12 14:09:00,2,322.3,19,19.410416666666666,1,0,2010-06-01T00:00:00,2009-12-03T00:00:00,2010-08-30T00:00:00
12839,2010-05-10 17:09:00,7,2161.98,128,21.285416666666666,1,0,2010-06-01T00:00:00,2009-12-03T00:00:00,2010-08-30T00:00:00
12840,2010-02-03 14:51:00,1,150.0,11,117.38125,1,0,2010-06-01T00:00:00,2009-12-03T00:00:00,2010-08-30T00:00:00
12843,2010-05-26 14:07:00,8,2024.44,54,5.4118055555555555,1,0,2010-06-01T00:00:00,2009-12-03T00:00:00,2010-08-30T00:00:00
12844,2010-04-25 11:51:00,1,123.03,21,36.50625,0,1,2010-06-01T00:00:00,2009-12-03T00:00:00,2010-08-30T00:00:00
12846,2010-01-26 16:29:00,1,15.58,1,125.31319444444445,0,1,2010-06-01T00:00:00,2009-12-03T00:00:00,2010-08-30T00:00:00
12848,2010-02-02 12:45:00,1,208.0,16,118.46875,0,1,2010-06-01T00:00:00,2009-12-03T00:00:00,2010-08-30T00:00:00
12849,2010-04-27 13:44:00,1,464.8,28,34.42777777777778,0,1,2010-06-01T00:00:00,2009-12-03T00:00:00,2010-08-30T00:00:00
12853,2010-02-05 11:57:00,1,413.0,21,115.50208333333333,1,0,2010-06-01T00:00:00,2009-12-03T00:00:00,2010-08-30T00:00:00
12854,2010-05-27 16:54:00,4,1654.72,152,4.295833333333333,0,1,2010-06-01T00:00:00,2009-12-03T00:00:00,2010-08-30T00:00:00
12857,2010-04-29 17:33:00,2,644.65,25,32.26875,1,0,2010-06-01T00:00:00,2009-12-03T00:00:00,2010-08-30T00:00:00
12860,2010-01-15 15:22:00,1,54.22,16,136.35972222222222,0,1,2010-06-01T00:00:00,2009-12-03T00:00:00,2010-08-30T00:00:00
12861,2010-03-30 11:39:00,1,68.25,4,62.514583333333334,0,1,2010-06-01T00:00:00,2009-12-03T00:00:00,2010-08-30T00:00:00
12863,2010-05-13 13:08:00,2,943.45,27,18.45277777777778,1,0,2010-06-01T00:00:00,2009-12-03T00:00:00,2010-08-30T00:00:00
12867,2010-05-10 17:21:00,3,1607.62,220,21.277083333333334,1,0,2010-06-01T00:00:00,2009-12-03T00:00:00,2010-08-30T00:00:00
12869,2010-01-27 12:10:00,1,337.66999999999996,37,124.49305555555556,0,1,2010-06-01T00:00:00,2009-12-03T00:00:00,2010-08-30T00:00:00
12870,2010-03-25 14:32:00,1,209.3,16,67.39444444444445,1,0,2010-06-01T00:00:00,2009-12-03T00:00:00,2010-08-30T00:00:00
12872,2010-05-07 12:20:00,5,1578.45,191,24.48611111111111,1,0,2010-06-01T00:00:00,2009-12-03T00:00:00,2010-08-30T00:00:00
12873,2010-01-27 09:50:00,1,492.4,14,124.59027777777777,0,1,2010-06-01T00:00:00,2009-12-03T00:00:00,2010-08-30T00:00:00
12875,2010-04-16 13:12:00,2,659.5200000000001,4,45.45,1,0,2010-06-01T00:00:00,2009-12-03T00:00:00,2010-08-30T00:00:00
12876,2010-04-28 13:26:00,1,885.5400000000001,32,33.44027777777778,0,1,2010-06-01T00:00:00,2009-12-03T00:00:00,2010-08-30T00:00:00
12877,2010-04-25 14:19:00,2,481.94,37,36.40347222222222,1,0,2010-06-01T00:00:00,2009-12-03T00:00:00,2010-08-30T00:00:00
12880,2010-05-14 11:57:00,1,337.18,21,17.502083333333335,0,1,2010-06-01T00:00:00,2009-12-03T00:00:00,2010-08-30T00:00:00
12891,2010-05-13 13:58:00,3,157.5,3,18.418055555555554,1,0,2010-06-01T00:00:00,2009-12-03T00:00:00,2010-08-30T00:00:00
12894,2010-05-13 14:47:00,1,157.35,21,18.384027777777778,0,1,2010-06-01T00:00:00,2009-12-03T00:00:00,2010-08-30T00:00:00
12898,2010-02-18 12:36:00,1,143.57,26,102.475,0,1,2010-06-01T00:00:00,2009-12-03T00:00:00,2010-08-30T00:00:00
12905,2010-05-12 10:05:00,2,1018.42,54,19.57986111111111,0,1,2010-06-01T00:00:00,2009-12-03T00:00:00,2010-08-30T00:00:00
12908,2010-03-19 15:59:00,1,318.0,1,73.33402777777778,1,0,2010-06-01T00:00:00,2009-12-03T00:00:00,2010-08-30T00:00:00
12909,2010-05-24 13:16:00,2,586.61,42,7.447222222222222,0,1,2010-06-01T00:00:00,2009-12-03T00:00:00,2010-08-30T00:00:00
12910,2010-03-28 13:10:00,1,1017.96,24,64.45138888888889,1,0,2010-06-01T00:00:00,2009-12-03T00:00:00,2010-08-30T00:00:00
12913,2010-05-18 15:15:00,4,1365.78,22,13.364583333333334,0,1,2010-06-01T00:00:00,2009-12-03T00:00:00,2010-08-30T00:00:00
12915,2010-04-29 19:36:00,1,206.3,13,32.18333333333333,1,0,2010-06-01T00:00:00,2009-12-03T00:00:00,2010-08-30T00:00:00
12916,2010-04-11 10:30:00,2,1042.53,55,50.5625,0,1,2010-06-01T00:00:00,2009-12-03T00:00:00,2010-08-30T00:00:00
12917,2010-05-10 13:28:00,2,2102.0,30,21.43888888888889,1,0,2010-06-01T00:00:00,2009-12-03T00:00:00,2010-08-30T00:00:00
12918,2010-03-23 15:22:00,1,10953.5,1,69.35972222222222,0,1,2010-06-01T00:00:00,2009-12-03T00:00:00,2010-08-30T00:00:00
12920,2010-05-17 12:57:00,3,323.86,32,14.460416666666667,0,1,2010-06-01T00:00:00,2009-12-03T00:00:00,2010-08-30T00:00:00
12921,2010-05-24 10:02:00,13,8319.86,353,7.581944444444445,1,0,2010-06-01T00:00:00,2009-12-03T00:00:00,2010-08-30T00:00:00
12923,2010-05-13 14:55:00,1,426.2,17,18.37847222222222,0,1,2010-06-01T00:00:00,2009-12-03T00:00:00,2010-08-30T00:00:00
12924,2010-05-26 14:28:00,5,1147.99,29,5.397222222222222,0,1,2010-06-01T00:00:00,2009-12-03T00:00:00,2010-08-30T00:00:00
12925,2010-04-26 10:32:00,1,35.28,5,35.56111111111111,0,1,2010-06-01T00:00:00,2009-12-03T00:00:00,2010-08-30T00:00:00
12926,2010-03-02 16:33:00,2,592.51,112,90.31041666666667,0,1,2010-06-01T00:00:00,2009-12-03T00:00:00,2010-08-30T00:00:00
12931,2010-05-18 12:15:00,22,18269.76,72,13.489583333333334,1,0,2010-06-01T00:00:00,2009-12-03T00:00:00,2010-08-30T00:00:00
12932,2010-05-02 15:40:00,5,825.71,57,29.34722222222222,1,0,2010-06-01T00:00:00,2009-12-03T00:00:00,2010-08-30T00:00:00
12933,2009-12-10 16:39:00,1,155.79,27,172.30625,0,1,2010-06-01T00:00:00,2009-12-03T00:00:00,2010-08-30T00:00:00
12934,2009-12-03 10:51:00,1,181.65,2,179.54791666666668,0,1,2010-06-01T00:00:00,2009-12-03T00:00:00,2010-08-30T00:00:00
12935,2010-05-11 10:27:00,4,831.65,48,20.564583333333335,1,0,2010-06-01T00:00:00,2009-12-03T00:00:00,2010-08-30T00:00:00
12937,2009-12-17 14:43:00,2,314.57,28,165.38680555555555,1,0,2010-06-01T00:00:00,2009-12-03T00:00:00,2010-08-30T00:00:00
12939,2010-04-28 10:18:00,3,1372.5,5,33.57083333333333,1,0,2010-06-01T00:00:00,2009-12-03T00:00:00,2010-08-30T00:00:00
12941,2009-12-15 13:12:00,1,377.49,27,167.45,0,1,2010-06-01T00:00:00,2009-12-03T00:00:00,2010-08-30T00:00:00
12943,2010-05-30 13:52:00,2,496.5,25,1.4222222222222223,0,1,2010-06-01T00:00:00,2009-12-03T00:00:00,2010-08-30T00:00:00
12945,2010-02-21 15:18:00,1,437.16,28,99.3625,0,1,2010-06-01T00:00:00,2009-12-03T00:00:00,2010-08-30T00:00:00
12948,2009-12-09 11:46:00,1,124.0,3,173.50972222222222,0,1,2010-06-01T00:00:00,2009-12-03T00:00:00,2010-08-30T00:00:00
12949,2010-04-19 14:39:00,8,5276.51,242,42.389583333333334,1,0,2010-06-01T00:00:00,2009-12-03T00:00:00,2010-08-30T00:00:00
12951,2010-05-10 11:44:00,4,705.6,41,21.511111111111113,1,0,2010-06-01T00:00:00,2009-12-03T00:00:00,2010-08-30T00:00:00
12954,2010-03-11 10:16:00,1,162.45,10,81.57222222222222,0,1,2010-06-01T00:00:00,2009-12-03T00:00:00,2010-08-30T00:00:00
12956,2010-01-24 10:33:00,3,413.82,23,127.56041666666667,0,1,2010-06-01T00:00:00,2009-12-03T00:00:00,2010-08-30T00:00:00
12957,2010-04-13 13:39:00,3,3437.3,174,48.43125,1,0,2010-06-01T00:00:00,2009-12-03T00:00:00,2010-08-30T00:00:00
12958,2010-05-05 16:22:00,1,166.89,12,26.318055555555556,0,1,2010-06-01T00:00:00,2009-12-03T00:00:00,2010-08-30T00:00:00
12960,2010-05-11 12:58:00,2,733.57,41,20.459722222222222,1,0,2010-06-01T00:00:00,2009-12-03T00:00:00,2010-08-30T00:00:00
12969,2010-04-16 10:50:00,1,122.45,5,45.548611111111114,0,1,2010-06-01T00:00:00,2009-12-03T00:00:00,2010-08-30T00:00:00
12970,2009-12-04 14:19:00,1,237.99,80,178.40347222222223,0,1,2010-06-01T00:00:00,2009-12-03T00:00:00,2010-08-30T00:00:00
12971,2010-05-13 10:39:00,8,1907.25,30,18.55625,1,0,2010-06-01T00:00:00,2009-12-03T00:00:00,2010-08-30T00:00:00
12972,2010-05-06 11:44:00,3,1019.04,69,25.511111111111113,0,1,2010-06-01T00:00:00,2009-12-03T00:00:00,2010-08-30T00:00:00
12974,2010-05-23 11:45:00,1,264.15,24,8.510416666666666,0,1,2010-06-01T00:00:00,2009-12-03T00:00:00,2010-08-30T00:00:00
12975,2009-12-06 10:38:00,1,441.63,23,176.55694444444444,1,0,2010-06-01T00:00:00,2009-12-03T00:00:00,2010-08-30T00:00:00
12976,2010-05-14 10:02:00,4,1619.02,84,17.581944444444446,1,0,2010-06-01T00:00:00,2009-12-03T00:00:00,2010-08-30T00:00:00
12978,2010-03-04 12:11:00,4,1946.46,134,88.49236111111111,0,1,2010-06-01T00:00:00,2009-12-03T00:00:00,2010-08-30T00:00:00
12979,2009-12-10 15:45:00,1,517.7,56,172.34375,0,1,2010-06-01T00:00:00,2009-12-03T00:00:00,2010-08-30T00:00:00
12980,2010-05-18 11:23:00,4,2759.28,10,13.525694444444444,1,0,2010-06-01T00:00:00,2009-12-03T00:00:00,2010-08-30T00:00:00
12982,2010-05-27 14:17:00,3,1372.22,92,4.404861111111111,1,0,2010-06-01T00:00:00,2009-12-03T00:00:00,2010-08-30T00:00:00
12983,2010-04-20 12:58:00,1,490.08,30,41.459722222222226,0,1,2010-06-01T00:00:00,2009-12-03T00:00:00,2010-08-30T00:00:00
12986,2010-03-08 10:41:00,2,760.72,25,84.55486111111111,1,0,2010-06-01T00:00:00,2009-12-03T00:00:00,2010-08-30T00:00:00
12987,2010-04-08 17:45:00,2,460.68,24,53.260416666666664,0,1,2010-06-01T00:00:00,2009-12-03T00:00:00,2010-08-30T00:00:00
12989,2010-04-30 15:02:00,10,3033.14,22,31.37361111111111,1,0,2010-06-01T00:00:00,2009-12-03T00:00:00,2010-08-30T00:00:00
12990,2010-03-30 11:36:00,1,117.0,3,62.516666666666666,1,0,2010-06-01T00:00:00,2009-12-03T00:00:00,2010-08-30T00:00:00
12992,2009-12-14 16:46:00,1,93.35,6,168.30138888888888,0,1,2010-06-01T00:00:00,2009-12-03T00:00:00,2010-08-30T00:00:00
12993,2010-03-18 16:28:00,2,436.45,26,74.31388888888888,0,1,2010-06-01T00:00:00,2009-12-03T00:00:00,2010-08-30T00:00:00
12997,2010-05-06 16:50:00,2,274.7,15,25.29861111111111,1,0,2010-06-01T00:00:00,2009-12-03T00:00:00,2010-08-30T00:00:00
12998,2010-04-08 17:04:00,2,604.1,49,53.28888888888889,1,0,2010-06-01T00:00:00,2009-12-03T00:00:00,2010-08-30T00:00:00
13000,2009-12-14 17:03:00,1,497.65,31,168.28958333333333,0,1,2010-06-01T00:00:00,2009-12-03T00:00:00,2010-08-30T00:00:00
13001,2010-05-27 14:28:00,9,6824.2,385,4.397222222222222,1,0,2010-06-01T00:00:00,2009-12-03T00:00:00,2010-08-30T00:00:00
13004,2010-05-28 11:51:00,10,3343.86,232,3.50625,1,0,2010-06-01T00:00:00,2009-12-03T00:00:00,2010-08-30T00:00:00
13007,2010-05-09 10:38:00,1,175.25,11,22.556944444444444,0,1,2010-06-01T00:00:00,2009-12-03T00:00:00,2010-08-30T00:00:00
13008,2009-12-16 16:07:00,1,189.31,11,166.32847222222222,0,1,2010-06-01T00:00:00,2009-12-03T00:00:00,2010-08-30T00:00:00
13009,2010-02-05 12:22:00,1,234.0,4,115.48472222222222,0,1,2010-06-01T00:00:00,2009-12-03T00:00:00,2010-08-30T00:00:00
13010,2010-03-01 11:28:00,1,177.12,6,91.52222222222223,0,1,2010-06-01T00:00:00,2009-12-03T00:00:00,2010-08-30T00:00:00
13012,2010-04-26 14:14:00,1,381.89000000000004,21,35.40694444444444,1,0,2010-06-01T00:00:00,2009-12-03T00:00:00,2010-08-30T00:00:00
13013,2010-05-10 11:40:00,6,3475.6400000000003,130,21.51388888888889,1,0,2010-06-01T00:00:00,2009-12-03T00:00:00,2010-08-30T00:00:00
13015,2010-04-26 15:30:00,2,1259.85,76,35.354166666666664,1,0,2010-06-01T00:00:00,2009-12-03T00:00:00,2010-08-30T00:00:00
13018,2010-05-18 11:50:00,5,1464.35,90,13.506944444444445,0,1,2010-06-01T00:00:00,2009-12-03T00:00:00,2010-08-30T00:00:00
13019,2010-05-23 11:19:00,4,780.85,36,8.528472222222222,0,1,2010-06-01T00:00:00,2009-12-03T00:00:00,2010-08-30T00:00:00
13020,2010-05-26 11:12:00,2,618.96,39,5.533333333333333,0,1,2010-06-01T00:00:00,2009-12-03T00:00:00,2010-08-30T00:00:00
13021,2010-04-25 15:32:00,3,962.39,56,36.352777777777774,1,0,2010-06-01T00:00:00,2009-12-03T00:00:00,2010-08-30T00:00:00
13024,2010-05-06 14:25:00,1,247.83,15,25.399305555555557,1,0,2010-06-01T00:00:00,2009-12-03T00:00:00,2010-08-30T00:00:00
13025,2009-12-08 10:02:00,1,323.39,13,174.58194444444445,0,1,2010-06-01T00:00:00,2009-12-03T00:00:00,2010-08-30T00:00:00
13026,2010-04-27 14:07:00,3,696.88,40,34.41180555555555,1,0,2010-06-01T00:00:00,2009-12-03T00:00:00,2010-08-30T00:00:00
13027,2010-05-25 11:50:00,7,4464.0,34,6.506944444444445,1,0,2010-06-01T00:00:00,2009-12-03T00:00:00,2010-08-30T00:00:00
13036,2010-01-24 11:35:00,1,307.1,6,127.51736111111111,0,1,2010-06-01T00:00:00,2009-12-03T00:00:00,2010-08-30T00:00:00
13037,2010-04-27 08:51:00,5,1733.8600000000001,112,34.63125,1,0,2010-06-01T00:00:00,2009-12-03T00:00:00,2010-08-30T00:00:00
13039,2010-05-04 16:45:00,4,1010.73,55,27.302083333333332,0,1,2010-06-01T00:00:00,2009-12-03T00:00:00,2010-08-30T00:00:00
13041,2010-04-29 08:43:00,1,256.16,10,32.636805555555554,1,0,2010-06-01T00:00:00,2009-12-03T00:00:00,2010-08-30T00:00:00
13042,2010-04-20 13:43:00,3,1488.59,184,41.428472222222226,0,1,2010-06-01T00:00:00,2009-12-03T00:00:00,2010-08-30T00:00:00
13044,2010-05-26 09:58:00,8,3460.0,273,5.584722222222222,1,0,2010-06-01T00:00:00,2009-12-03T00:00:00,2010-08-30T00:00:00
13047,2010-05-24 10:30:00,6,3017.2200000000003,110,7.5625,1,0,2010-06-01T00:00:00,2009-12-03T00:00:00,2010-08-30T00:00:00
13048,2010-05-25 16:03:00,3,919.35,54,6.33125,1,0,2010-06-01T00:00:00,2009-12-03T00:00:00,2010-08-30T00:00:00
13050,2010-04-25 12:34:00,6,2245.73,250,36.47638888888889,1,0,2010-06-01T00:00:00,2009-12-03T00:00:00,2010-08-30T00:00:00
13051,2010-05-10 09:14:00,2,155.8,4,21.615277777777777,0,1,2010-06-01T00:00:00,2009-12-03T00:00:00,2010-08-30T00:00:00
13052,2010-05-12 13:43:00,3,1878.69,158,19.428472222222222,1,0,2010-06-01T00:00:00,2009-12-03T00:00:00,2010-08-30T00:00:00
13053,2010-03-28 11:28:00,1,127.65,17,64.52222222222223,0,1,2010-06-01T00:00:00,2009-12-03T00:00:00,2010-08-30T00:00:00
13057,2010-03-18 12:14:00,1,353.49,26,74.49027777777778,1,0,2010-06-01T00:00:00,2009-12-03T00:00:00,2010-08-30T00:00:00
13059,2010-03-31 12:52:00,2,614.69,93,61.46388888888889,1,0,2010-06-01T00:00:00,2009-12-03T00:00:00,2010-08-30T00:00:00
13064,2010-04-27 10:08:00,1,239.65,12,34.577777777777776,1,0,2010-06-01T00:00:00,2009-12-03T00:00:00,2010-08-30T00:00:00
13070,2010-04-29 10:48:00,2,308.4,16,32.55,0,1,2010-06-01T00:00:00,2009-12-03T00:00:00,2010-08-30T00:00:00
13071,2010-04-06 13:37:00,1,129.22,12,55.43263888888889,0,1,2010-06-01T00:00:00,2009-12-03T00:00:00,2010-08-30T00:00:00
13074,2010-04-01 15:40:00,3,1062.24,25,60.34722222222222,1,0,2010-06-01T00:00:00,2009-12-03T00:00:00,2010-08-30T00:00:00
13077,2010-04-29 18:18:00,3,973.29,96,32.2375,1,0,2010-06-01T00:00:00,2009-12-03T00:00:00,2010-08-30T00:00:00
13078,2010-05-27 13:18:00,13,6639.63,155,4.445833333333334,1,0,2010-06-01T00:00:00,2009-12-03T00:00:00,2010-08-30T00:00:00
13080,2010-05-27 11:52:00,2,160.75,9,4.5055555555555555,0,1,2010-06-01T00:00:00,2009-12-03T00:00:00,2010-08-30T00:00:00
13081,2010-05-28 13:57:00,8,14345.23,686,3.41875,1,0,2010-06-01T00:00:00,2009-12-03T00:00:00,2010-08-30T00:00:00
13082,2010-05-24 11:51:00,5,1941.6200000000001,23,7.50625,1,0,2010-06-01T00:00:00,2009-12-03T00:00:00,2010-08-30T00:00:00
13085,2010-01-29 11:42:00,4,1366.1000000000001,50,122.5125,0,1,2010-06-01T00:00:00,2009-12-03T00:00:00,2010-08-30T00:00:00
13087,2009-12-13 15:16:00,1,313.64,15,169.36388888888888,0,1,2010-06-01T00:00:00,2009-12-03T00:00:00,2010-08-30T00:00:00
13089,2010-05-26 15:11:00,41,19552.66,639,5.367361111111111,1,0,2010-06-01T00:00:00,2009-12-03T00:00:00,2010-08-30T00:00:00
13091,2009-12-10 12:44:00,2,1976.0,24,172.46944444444443,0,1,2010-06-01T00:00:00,2009-12-03T00:00:00,2010-08-30T00:00:00
13092,2010-04-15 17:25:00,3,788.7,40,46.27430555555556,1,0,2010-06-01T00:00:00,2009-12-03T00:00:00,2010-08-30T00:00:00
13093,2010-05-27 13:10:00,17,13722.33,353,4.451388888888889,1,0,2010-06-01T00:00:00,2009-12-03T00:00:00,2010-08-30T00:00:00
13097,2010-05-18 16:43:00,10,3822.11,313,13.303472222222222,1,0,2010-06-01T00:00:00,2009-12-03T00:00:00,2010-08-30T00:00:00
13101,2010-05-27 17:02:00,2,449.31,38,4.290277777777778,1,0,2010-06-01T00:00:00,2009-12-03T00:00:00,2010-08-30T00:00:00
13102,2010-05-24 12:26:00,2,839.95,32,7.481944444444444,1,0,2010-06-01T00:00:00,2009-12-03T00:00:00,2010-08-30T00:00:00
13103,2010-05-11 14:41:00,1,123.34,6,20.388194444444444,0,1,2010-06-01T00:00:00,2009-12-03T00:00:00,2010-08-30T00:00:00
13104,2010-02-24 15:06:00,1,96.66,2,96.37083333333334,1,0,2010-06-01T00:00:00,2009-12-03T00:00:00,2010-08-30T00:00:00
13107,2010-04-08 10:52:00,2,1302.33,49,53.547222222222224,1,0,2010-06-01T00:00:00,2009-12-03T00:00:00,2010-08-30T00:00:00
13110,2010-02-24 14:18:00,2,343.02000000000004,31,96.40416666666667,1,0,2010-06-01T00:00:00,2009-12-03T00:00:00,2010-08-30T00:00:00
13111,2009-12-21 09:00:00,1,321.88000000000005,12,161.625,0,1,2010-06-01T00:00:00,2009-12-03T00:00:00,2010-08-30T00:00:00
13113,2010-05-30 11:21:00,3,1920.25,107,1.5270833333333333,1,0,2010-06-01T00:00:00,2009-12-03T00:00:00,2010-08-30T00:00:00
13114,2009-12-09 09:56:00,1,234.38,16,173.5861111111111,0,1,2010-06-01T00:00:00,2009-12-03T00:00:00,2010-08-30T00:00:00
13115,2010-05-17 08:20:00,2,959.04,67,14.652777777777779,1,0,2010-06-01T00:00:00,2009-12-03T00:00:00,2010-08-30T00:00:00
13117,2010-05-09 11:38:00,3,407.25,30,22.51527777777778,1,0,2010-06-01T00:00:00,2009-12-03T00:00:00,2010-08-30T00:00:00
13119,2010-02-09 08:38:00,1,134.9,11,111.64027777777778,0,1,2010-06-01T00:00:00,2009-12-03T00:00:00,2010-08-30T00:00:00
13126,2010-04-23 14:38:00,2,782.29,45,38.390277777777776,1,0,2010-06-01T00:00:00,2009-12-03T00:00:00,2010-08-30T00:00:00
13128,2010-03-18 15:08:00,1,263.5,1,74.36944444444444,0,1,2010-06-01T00:00:00,2009-12-03T00:00:00,2010-08-30T00:00:00
13131,2010-02-09 09:47:00,1,651.41,36,111.59236111111112,1,0,2010-06-01T00:00:00,2009-12-03T00:00:00,2010-08-30T00:00:00
13136,2010-05-02 13:46:00,2,1931.07,101,29.426388888888887,1,0,2010-06-01T00:00:00,2009-12-03T00:00:00,2010-08-30T00:00:00
13141,2010-05-12 13:29:00,5,2266.14,107,19.438194444444445,1,0,2010-06-01T00:00:00,2009-12-03T00:00:00,2010-08-30T00:00:00
13143,2010-05-04 12:22:00,1,405.1,23,27.48472222222222,0,1,2010-06-01T00:00:00,2009-12-03T00:00:00,2010-08-30T00:00:00
13145,2010-04-19 11:11:00,1,102.0,1,42.53402777777778,1,0,2010-06-01T00:00:00,2009-12-03T00:00:00,2010-08-30T00:00:00
13148,2010-05-21 14:01:00,7,2809.7200000000003,210,10.415972222222223,1,0,2010-06-01T00:00:00,2009-12-03T00:00:00,2010-08-30T00:00:00
13150,2010-03-19 09:03:00,1,176.51999999999998,3,73.62291666666667,1,0,2010-06-01T00:00:00,2009-12-03T00:00:00,2010-08-30T00:00:00
13151,2010-03-24 09:31:00,2,1207.3400000000001,84,68.60347222222222,0,1,2010-06-01T00:00:00,2009-12-03T00:00:00,2010-08-30T00:00:00
13152,2010-05-19 09:53:00,4,1334.69,85,12.588194444444444,1,0,2010-06-01T00:00:00,2009-12-03T00:00:00,2010-08-30T00:00:00
13154,2009-12-04 08:46:00,1,337.1,18,178.63472222222222,1,0,2010-06-01T00:00:00,2009-12-03T00:00:00,2010-08-30T00:00:00
13156,2010-02-09 15:27:00,2,1239.6,85,111.35625,0,1,2010-06-01T00:00:00,2009-12-03T00:00:00,2010-08-30T00:00:00
13157,2010-05-14 10:40:00,2,1805.8600000000001,71,17.555555555555557,1,0,2010-06-01T00:00:00,2009-12-03T00:00:00,2010-08-30T00:00:00
13162,2010-05-18 13:28:00,8,5849.2,110,13.438888888888888,1,0,2010-06-01T00:00:00,2009-12-03T00:00:00,2010-08-30T00:00:00
13163,2010-04-08 16:21:00,1,17.65,2,53.31875,0,1,2010-06-01T00:00:00,2009-12-03T00:00:00,2010-08-30T00:00:00
13164,2010-05-19 13:52:00,2,372.2,10,12.422222222222222,0,1,2010-06-01T00:00:00,2009-12-03T00:00:00,2010-08-30T00:00:00
13169,2010-05-26 15:58:00,1,127.2,5,5.334722222222222,0,1,2010-06-01T00:00:00,2009-12-03T00:00:00,2010-08-30T00:00:00
13173,2010-05-27 13:15:00,8,1672.3,140,4.447916666666667,0,1,2010-06-01T00:00:00,2009-12-03T00:00:00,2010-08-30T00:00:00
13174,2010-05-21 17:19:00,6,3923.28,445,10.278472222222222,0,1,2010-06-01T00:00:00,2009-12-03T00:00:00,2010-08-30T00:00:00
13175,2010-05-06 13:13:00,2,831.45,46,25.449305555555554,0,1,2010-06-01T00:00:00,2009-12-03T00:00:00,2010-08-30T00:00:00
13178,2010-04-27 11:58:00,5,3930.52,227,34.50138888888889,1,0,2010-06-01T00:00:00,2009-12-03T00:00:00,2010-08-30T00:00:00
13179,2010-03-31 11:40:00,1,572.3100000000001,34,61.513888888888886,0,1,2010-06-01T00:00:00,2009-12-03T00:00:00,2010-08-30T00:00:00
13180,2010-04-11 13:37:00,1,86.10000000000001,4,50.43263888888889,0,1,2010-06-01T00:00:00,2009-12-03T00:00:00,2010-08-30T00:00:00
13183,2010-05-06 11:25:00,2,879.0600000000001,22,25.524305555555557,1,0,2010-06-01T00:00:00,2009-12-03T00:00:00,2010-08-30T00:00:00
13187,2010-03-25 19:06:00,3,105.34,19,67.20416666666667,0,1,2010-06-01T00:00:00,2009-12-03T00:00:00,2010-08-30T00:00:00
13190,2010-01-31 12:12:00,2,362.05,11,120.49166666666666,1,0,2010-06-01T00:00:00,2009-12-03T00:00:00,2010-08-30T00:00:00
13191,2010-02-19 17:02:00,1,164.69,59,101.29027777777777,0,1,2010-06-01T00:00:00,2009-12-03T00:00:00,2010-08-30T00:00:00
13192,2010-04-27 10:50:00,2,1365.97,82,34.548611111111114,1,0,2010-06-01T00:00:00,2009-12-03T00:00:00,2010-08-30T00:00:00
13196,2010-04-01 12:54:00,1,199.97,12,60.4625,1,0,2010-06-01T00:00:00,2009-12-03T00:00:00,2010-08-30T00:00:00
13197,2010-04-09 09:14:00,1,373.01000000000005,19,52.61527777777778,0,1,2010-06-01T00:00:00,2009-12-03T00:00:00,2010-08-30T00:00:00
13199,2010-05-07 10:00:00,13,2960.9300000000003,33,24.583333333333332,1,0,2010-06-01T00:00:00,2009-12-03T00:00:00,2010-08-30T00:00:00
13201,2010-05-24 16:08:00,2,645.53,55,7.3277777777777775,1,0,2010-06-01T00:00:00,2009-12-03T00:00:00,2010-08-30T00:00:00
13202,2010-05-13 14:46:00,4,1051.49,43,18.384722222222223,1,0,2010-06-01T00:00:00,2009-12-03T00:00:00,2010-08-30T00:00:00
13203,2010-03-18 16:20:00,2,460.22,29,74.31944444444444,1,0,2010-06-01T00:00:00,2009-12-03T00:00:00,2010-08-30T00:00:00
13204,2009-12-08 14:56:00,1,966.6600000000001,57,174.37777777777777,0,1,2010-06-01T00:00:00,2009-12-03T00:00:00,2010-08-30T00:00:00
13206,2010-05-24 13:50:00,11,7471.41,513,7.423611111111111,1,0,2010-06-01T00:00:00,2009-12-03T00:00:00,2010-08-30T00:00:00
13207,2010-04-06 16:37:00,1,214.20000000000002,4,55.30763888888889,0,1,2010-06-01T00:00:00,2009-12-03T00:00:00,2010-08-30T00:00:00
13208,2009-12-03 13:25:00,1,61.12,16,179.44097222222223,1,0,2010-06-01T00:00:00,2009-12-03T00:00:00,2010-08-30T00:00:00
13209,2010-05-07 15:37:00,4,2126.5,40,24.349305555555556,1,0,2010-06-01T00:00:00,2009-12-03T00:00:00,2010-08-30T00:00:00
13211,2010-05-09 15:38:00,4,686.7,85,22.34861111111111,1,0,2010-06-01T00:00:00,2009-12-03T00:00:00,2010-08-30T00:00:00
13213,2010-05-20 14:50:00,1,295.55,19,11.381944444444445,1,0,2010-06-01T00:00:00,2009-12-03T00:00:00,2010-08-30T00:00:00
13214,2010-05-06 16:57:00,3,1957.83,135,25.29375,1,0,2010-06-01T00:00:00,2009-12-03T00:00:00,2010-08-30T00:00:00
13217,2010-02-22 12:49:00,1,132.5,1,98.46597222222222,0,1,2010-06-01T00:00:00,2009-12-03T00:00:00,2010-08-30T00:00:00
13219,2010-03-31 14:18:00,1,76.23,11,61.40416666666667,0,1,2010-06-01T00:00:00,2009-12-03T00:00:00,2010-08-30T00:00:00
13220,2010-05-13 10:35:00,1,516.8,32,18.55902777777778,0,1,2010-06-01T00:00:00,2009-12-03T00:00:00,2010-08-30T00:00:00
13222,2010-05-11 13:54:00,1,88.5,1,20.420833333333334,0,1,2010-06-01T00:00:00,2009-12-03T00:00:00,2010-08-30T00:00:00
13223,2010-05-16 11:28:00,2,402.71999999999997,6,15.522222222222222,1,0,2010-06-01T00:00:00,2009-12-03T00:00:00,2010-08-30T00:00:00
13225,2010-04-12 13:22:00,5,5842.07,68,49.44305555555555,1,0,2010-06-01T00:00:00,2009-12-03T00:00:00,2010-08-30T00:00:00
13230,2010-05-27 19:53:00,4,731.55,191,4.1715277777777775,1,0,2010-06-01T00:00:00,2009-12-03T00:00:00,2010-08-30T00:00:00
13233,2010-01-14 14:10:00,1,290.63,17,137.40972222222223,0,1,2010-06-01T00:00:00,2009-12-03T00:00:00,2010-08-30T00:00:00
13234,2010-02-05 11:41:00,2,346.5,61,115.51319444444445,0,1,2010-06-01T00:00:00,2009-12-03T00:00:00,2010-08-30T00:00:00
13238,2010-04-28 15:02:00,1,117.0,6,33.37361111111111,0,1,2010-06-01T00:00:00,2009-12-03T00:00:00,2010-08-30T00:00:00
13240,2010-04-18 12:07:00,3,269.47,38,43.49513888888889,0,1,2010-06-01T00:00:00,2009-12-03T00:00:00,2010-08-30T00:00:00
13242,2010-05-26 12:03:00,2,214.5,11,5.497916666666667,1,0,2010-06-01T00:00:00,2009-12-03T00:00:00,2010-08-30T00:00:00
13243,2010-03-18 13:10:00,1,251.62,55,74.45138888888889,0,1,2010-06-01T00:00:00,2009-12-03T00:00:00,2010-08-30T00:00:00
13249,2010-04-30 11:44:00,3,305.6,6,31.511111111111113,1,0,2010-06-01T00:00:00,2009-12-03T00:00:00,2010-08-30T00:00:00
13252,2010-03-24 10:30:00,1,346.90000000000003,17,68.5625,0,1,2010-06-01T00:00:00,2009-12-03T00:00:00,2010-08-30T00:00:00
13253,2010-01-05 12:13:00,1,974.39,25,146.4909722222222,0,1,2010-06-01T00:00:00,2009-12-03T00:00:00,2010-08-30T00:00:00
13259,2010-05-16 10:29:00,6,805.3100000000001,168,15.563194444444445,0,1,2010-06-01T00:00:00,2009-12-03T00:00:00,2010-08-30T00:00:00
13262,2010-04-18 12:14:00,1,232.41,26,43.49027777777778,0,1,2010-06-01T00:00:00,2009-12-03T00:00:00,2010-08-30T00:00:00
13266,2010-05-25 12:46:00,4,1317.72,71,6.468055555555556,1,0,2010-06-01T00:00:00,2009-12-03T00:00:00,2010-08-30T00:00:00
13267,2010-05-10 12:20:00,7,2431.86,101,21.48611111111111,1,0,2010-06-01T00:00:00,2009-12-03T00:00:00,2010-08-30T00:00:00
13269,2010-04-23 11:46:00,5,1362.1499999999999,78,38.50972222222222,1,0,2010-06-01T00:00:00,2009-12-03T00:00:00,2010-08-30T00:00:00
13275,2010-03-17 14:05:00,1,177.36,44,75.41319444444444,0,1,2010-06-01T00:00:00,2009-12-03T00:00:00,2010-08-30T00:00:00
13276,2010-03-07 14:05:00,1,384.43,74,85.41319444444444,1,0,2010-06-01T00:00:00,2009-12-03T00:00:00,2010-08-30T00:00:00
13278,2010-04-08 11:59:00,1,297.69,26,53.50069444444444,1,0,2010-06-01T00:00:00,2009-12-03T00:00:00,2010-08-30T00:00:00
13280,2010-03-05 09:07:00,1,478.5,25,87.62013888888889,0,1,2010-06-01T00:00:00,2009-12-03T00:00:00,2010-08-30T00:00:00
13283,2010-05-21 13:56:00,2,279.7,13,10.419444444444444,0,1,2010-06-01T00:00:00,2009-12-03T00:00:00,2010-08-30T00:00:00
13285,2010-04-18 13:38:00,2,655.47,44,43.43194444444445,0,1,2010-06-01T00:00:00,2009-12-03T00:00:00,2010-08-30T00:00:00
13286,2010-04-18 15:35:00,1,734.91,49,43.35069444444444,0,1,2010-06-01T00:00:00,2009-12-03T00:00:00,2010-08-30T00:00:00
13287,2010-04-15 15:26:00,3,781.59,53,46.356944444444444,0,1,2010-06-01T00:00:00,2009-12-03T00:00:00,2010-08-30T00:00:00
13288,2010-02-25 11:28:00,2,548.64,2,95.52222222222223,1,0,2010-06-01T00:00:00,2009-12-03T00:00:00,2010-08-30T00:00:00
13289,2009-12-16 11:53:00,1,307.95,16,166.5048611111111,0,1,2010-06-01T00:00:00,2009-12-03T00:00:00,2010-08-30T00:00:00
13291,2010-05-20 19:29:00,4,1075.05,111,11.188194444444445,1,0,2010-06-01T00:00:00,2009-12-03T00:00:00,2010-08-30T00:00:00
13293,2010-04-25 12:42:00,3,746.13,46,36.47083333333333,1,0,2010-06-01T00:00:00,2009-12-03T00:00:00,2010-08-30T00:00:00
13294,2010-03-03 12:54:00,1,815.79,48,89.4625,0,1,2010-06-01T00:00:00,2009-12-03T00:00:00,2010-08-30T00:00:00
13295,2010-05-12 09:13:00,1,306.5,20,19.615972222222222,0,1,2010-06-01T00:00:00,2009-12-03T00:00:00,2010-08-30T00:00:00
13296,2010-05-11 14:29:00,1,121.35000000000001,7,20.396527777777777,1,0,2010-06-01T00:00:00,2009-12-03T00:00:00,2010-08-30T00:00:00
13300,2010-05-14 15:56:00,1,314.98,17,17.336111111111112,0,1,2010-06-01T00:00:00,2009-12-03T00:00:00,2010-08-30T00:00:00
13304,2010-02-08 12:42:00,1,307.85,17,112.47083333333333,1,0,2010-06-01T00:00:00,2009-12-03T00:00:00,2010-08-30T00:00:00
13305,2010-03-10 14:49:00,1,413.68,48,82.38263888888889,1,0,2010-06-01T00:00:00,2009-12-03T00:00:00,2010-08-30T00:00:00
13307,2010-04-26 13:28:00,1,227.74,13,35.43888888888889,1,0,2010-06-01T00:00:00,2009-12-03T00:00:00,2010-08-30T00:00:00
13308,2010-04-22 09:22:00,1,284.86,17,39.609722222222224,0,1,2010-06-01T00:00:00,2009-12-03T00:00:00,2010-08-30T00:00:00
13313,2010-05-07 14:44:00,3,928.78,50,24.386111111111113,1,0,2010-06-01T00:00:00,2009-12-03T00:00:00,2010-08-30T00:00:00
13315,2010-01-19 15:34:00,1,310.26000000000005,22,132.3513888888889,0,1,2010-06-01T00:00:00,2009-12-03T00:00:00,2010-08-30T00:00:00
13316,2010-03-10 10:01:00,1,2017.3600000000001,17,82.5826388888889,1,0,2010-06-01T00:00:00,2009-12-03T00:00:00,2010-08-30T00:00:00
13317,2010-04-30 15:26:00,4,1431.11,79,31.356944444444444,1,0,2010-06-01T00:00:00,2009-12-03T00:00:00,2010-08-30T00:00:00
13319,2010-05-14 12:43:00,16,5148.09,230,17.47013888888889,1,0,2010-06-01T00:00:00,2009-12-03T00:00:00,2010-08-30T00:00:00
13324,2010-05-25 10:23:00,1,350.15999999999997,16,6.567361111111111,1,0,2010-06-01T00:00:00,2009-12-03T00:00:00,2010-08-30T00:00:00
13327,2010-05-24 09:30:00,6,2986.85,128,7.604166666666667,1,0,2010-06-01T00:00:00,2009-12-03T00:00:00,2010-08-30T00:00:00
13329,2009-12-04 15:41:00,1,334.65,19,178.34652777777777,1,0,2010-06-01T00:00:00,2009-12-03T00:00:00,2010-08-30T00:00:00
13330,2010-05-23 11:02:00,2,1219.07,42,8.540277777777778,0,1,2010-06-01T00:00:00,2009-12-03T00:00:00,2010-08-30T00:00:00
13333,2010-02-19 09:26:00,1,162.17999999999998,12,101.60694444444445,0,1,2010-06-01T00:00:00,2009-12-03T00:00:00,2010-08-30T00:00:00
13334,2010-02-25 12:21:00,1,1176.32,94,95.48541666666667,1,0,2010-06-01T00:00:00,2009-12-03T00:00:00,2010-08-30T00:00:00
13338,2010-05-28 11:47:00,2,1508.75,82,3.509027777777778,1,0,2010-06-01T00:00:00,2009-12-03T00:00:00,2010-08-30T00:00:00
13340,2010-03-29 12:19:00,3,6986.06,49,63.486805555555556,1,0,2010-06-01T00:00:00,2009-12-03T00:00:00,2010-08-30T00:00:00
13346,2010-05-17 15:36:00,2,105.9,2,14.35,1,0,2010-06-01T00:00:00,2009-12-03T00:00:00,2010-08-30T00:00:00
13357,2010-05-27 14:51:00,3,2284.64,216,4.38125,1,0,2010-06-01T00:00:00,2009-12-03T00:00:00,2010-08-30T00:00:00
13360,2010-01-14 17:59:00,2,715.15,23,137.25069444444443,1,0,2010-06-01T00:00:00,2009-12-03T00:00:00,2010-08-30T00:00:00
13361,2010-04-01 07:49:00,1,817.25,24,60.674305555555556,1,0,2010-06-01T00:00:00,2009-12-03T00:00:00,2010-08-30T00:00:00
13371,2010-03-17 15:29:00,1,1189.01,64,75.3548611111111,1,0,2010-06-01T00:00:00,2009-12-03T00:00:00,2010-08-30T00:00:00
13373,2010-03-28 16:17:00,2,2154.85,112,64.32152777777777,0,1,2010-06-01T00:00:00,2009-12-03T00:00:00,2010-08-30T00:00:00
13377,2010-03-04 10:06:00,1,815.32,36,88.57916666666667,0,1,2010-06-01T00:00:00,2009-12-03T00:00:00,2010-08-30T00:00:00
13381,2010-05-24 09:49:00,2,2147.07,88,7.590972222222222,1,0,2010-06-01T00:00:00,2009-12-03T00:00:00,2010-08-30T00:00:00
13382,2010-03-31 10:40:00,3,655.65,40,61.55555555555556,0,1,2010-06-01T00:00:00,2009-12-03T00:00:00,2010-08-30T00:00:00
13388,2010-04-15 10:18:00,1,508.55,34,46.57083333333333,0,1,2010-06-01T00:00:00,2009-12-03T00:00:00,2010-08-30T00:00:00
13392,2010-01-31 13:34:00,1,91.14,8,120.43472222222222,0,1,2010-06-01T00:00:00,2009-12-03T00:00:00,2010-08-30T00:00:00
13393,2010-05-05 09:34:00,4,1131.45,69,26.601388888888888,0,1,2010-06-01T00:00:00,2009-12-03T00:00:00,2010-08-30T00:00:00
13394,2010-05-23 14:13:00,5,2035.57,122,8.407638888888888,1,0,2010-06-01T00:00:00,2009-12-03T00:00:00,2010-08-30T00:00:00
13397,2010-05-11 13:42:00,4,1339.34,38,20.429166666666667,0,1,2010-06-01T00:00:00,2009-12-03T00:00:00,2010-08-30T00:00:00
13400,2010-05-06 09:00:00,1,310.83,23,25.625,0,1,2010-06-01T00:00:00,2009-12-03T00:00:00,2010-08-30T00:00:00
13402,2010-05-24 10:56:00,1,290.6,21,7.544444444444444,1,0,2010-06-01T00:00:00,2009-12-03T00:00:00,2010-08-30T00:00:00
13403,2009-12-16 13:23:00,1,78.6,3,166.4423611111111,0,1,2010-06-01T00:00:00,2009-12-03T00:00:00,2010-08-30T00:00:00
13405,2010-05-19 14:23:00,2,532.76,11,12.400694444444444,1,0,2010-06-01T00:00:00,2009-12-03T00:00:00,2010-08-30T00:00:00
13406,2010-03-18 07:29:00,1,140.16,2,74.68819444444445,0,1,2010-06-01T00:00:00,2009-12-03T00:00:00,2010-08-30T00:00:00
13407,2010-05-10 12:41:00,3,2244.7,85,21.471527777777776,0,1,2010-06-01T00:00:00,2009-12-03T00:00:00,2010-08-30T00:00:00
13408,2010-05-30 11:47:00,25,13597.222,214,1.5090277777777779,1,0,2010-06-01T00:00:00,2009-12-03T00:00:00,2010-08-30T00:00:00
13410,2010-01-10 11:59:00,2,682.9200000000001,7,141.50069444444443,0,1,2010-06-01T00:00:00,2009-12-03T00:00:00,2010-08-30T00:00:00
13412,2010-03-29 16:28:00,1,487.35,34,63.31388888888889,0,1,2010-06-01T00:00:00,2009-12-03T00:00:00,2010-08-30T00:00:00
13413,2010-03-10 12:17:00,6,429.44,43,82.48819444444445,0,1,2010-06-01T00:00:00,2009-12-03T00:00:00,2010-08-30T00:00:00
13414,2010-04-15 17:00:00,1,219.86,11,46.291666666666664,1,0,2010-06-01T00:00:00,2009-12-03T00:00:00,2010-08-30T00:00:00
13415,2010-03-19 15:09:00,3,733.17,100,73.36875,1,0,2010-06-01T00:00:00,2009-12-03T00:00:00,2010-08-30T00:00:00
13416,2009-12-03 13:02:00,1,228.3,7,179.45694444444445,0,1,2010-06-01T00:00:00,2009-12-03T00:00:00,2010-08-30T00:00:00
13417,2010-03-31 14:31:00,2,714.4,37,61.39513888888889,1,0,2010-06-01T00:00:00,2009-12-03T00:00:00,2010-08-30T00:00:00
13418,2010-05-24 11:00:00,6,2854.03,99,7.541666666666667,1,0,2010-06-01T00:00:00,2009-12-03T00:00:00,2010-08-30T00:00:00
13421,2010-02-14 15:13:00,3,812.74,70,106.36597222222223,1,0,2010-06-01T00:00:00,2009-12-03T00:00:00,2010-08-30T00:00:00
13425,2010-05-09 14:35:00,1,823.36,52,22.39236111111111,1,0,2010-06-01T00:00:00,2009-12-03T00:00:00,2010-08-30T00:00:00
13426,2010-05-10 12:12:00,5,2164.67,87,21.491666666666667,1,0,2010-06-01T00:00:00,2009-12-03T00:00:00,2010-08-30T00:00:00
13427,2009-12-17 13:44:00,1,96.0,6,165.42777777777778,1,0,2010-06-01T00:00:00,2009-12-03T00:00:00,2010-08-30T00:00:00
13431,2010-04-21 12:30:00,2,531.15,24,40.479166666666664,1,0,2010-06-01T00:00:00,2009-12-03T00:00:00,2010-08-30T00:00:00
13432,2010-05-17 13:18:00,2,439.1,111,14.445833333333333,0,1,2010-06-01T00:00:00,2009-12-03T00:00:00,2010-08-30T00:00:00
13433,2010-04-15 10:35:00,2,410.74,12,46.55902777777778,1,0,2010-06-01T00:00:00,2009-12-03T00:00:00,2010-08-30T00:00:00
13434,2010-02-22 09:54:00,1,339.18,13,98.5875,0,1,2010-06-01T00:00:00,2009-12-03T00:00:00,2010-08-30T00:00:00
13442,2010-02-10 14:03:00,2,221.87,22,110.41458333333334,0,1,2010-06-01T00:00:00,2009-12-03T00:00:00,2010-08-30T00:00:00
13443,2010-04-13 10:01:00,4,758.4300000000001,109,48.58263888888889,1,0,2010-06-01T00:00:00,2009-12-03T00:00:00,2010-08-30T00:00:00
13445,2010-03-23 15:34:00,1,241.89999999999998,7,69.35138888888889,0,1,2010-06-01T00:00:00,2009-12-03T00:00:00,2010-08-30T00:00:00
13446,2010-05-27 09:21:00,7,2473.26,121,4.610416666666667,1,0,2010-06-01T00:00:00,2009-12-03T00:00:00,2010-08-30T00:00:00
13448,2010-05-20 10:56:00,4,2722.6,200,11.544444444444444,0,1,2010-06-01T00:00:00,2009-12-03T00:00:00,2010-08-30T00:00:00
13450,2010-05-11 08:54:00,2,548.24,23,20.629166666666666,1,0,2010-06-01T00:00:00,2009-12-03T00:00:00,2010-08-30T00:00:00
13451,2010-05-16 16:05:00,2,2147.34,296,15.32986111111111,1,0,2010-06-01T00:00:00,2009-12-03T00:00:00,2010-08-30T00:00:00
13454,2010-03-08 14:40:00,1,219.87,23,84.38888888888889,0,1,2010-06-01T00:00:00,2009-12-03T00:00:00,2010-08-30T00:00:00
13455,2010-04-25 14:31:00,3,914.8000000000001,56,36.39513888888889,0,1,2010-06-01T00:00:00,2009-12-03T00:00:00,2010-08-30T00:00:00
13457,2010-01-20 08:48:00,1,35.72,3,131.63333333333333,0,1,2010-06-01T00:00:00,2009-12-03T00:00:00,2010-08-30T00:00:00
13459,2010-03-25 10:24:00,2,1160.41,73,67.56666666666666,0,1,2010-06-01T00:00:00,2009-12-03T00:00:00,2010-08-30T00:00:00
13461,2010-04-21 16:01:00,1,336.6,11,40.33263888888889,1,0,2010-06-01T00:00:00,2009-12-03T00:00:00,2010-08-30T00:00:00
13462,2010-03-12 11:44:00,3,526.46,35,80.5111111111111,0,1,2010-06-01T00:00:00,2009-12-03T00:00:00,2010-08-30T00:00:00
13464,2010-03-31 15:22:00,1,299.34000000000003,14,61.359722222222224,1,0,2010-06-01T00:00:00,2009-12-03T00:00:00,2010-08-30T00:00:00
13465,2010-05-02 15:30:00,1,611.5,21,29.354166666666668,0,1,2010-06-01T00:00:00,2009-12-03T00:00:00,2010-08-30T00:00:00
13466,2010-03-21 13:50:00,1,262.31,16,71.42361111111111,1,0,2010-06-01T00:00:00,2009-12-03T00:00:00,2010-08-30T00:00:00
13468,2010-05-24 14:23:00,14,3402.69,185,7.4006944444444445,1,0,2010-06-01T00:00:00,2009-12-03T00:00:00,2010-08-30T00:00:00
13469,2010-02-24 15:03:00,1,82.4,6,96.37291666666667,0,1,2010-06-01T00:00:00,2009-12-03T00:00:00,2010-08-30T00:00:00
13473,2010-05-14 10:47:00,6,2235.12,49,17.550694444444446,0,1,2010-06-01T00:00:00,2009-12-03T00:00:00,2010-08-30T00:00:00
13476,2010-03-05 09:39:00,1,240.8,14,87.59791666666666,1,0,2010-06-01T00:00:00,2009-12-03T00:00:00,2010-08-30T00:00:00
13477,2010-04-29 12:21:00,2,794.84,48,32.485416666666666,1,0,2010-06-01T00:00:00,2009-12-03T00:00:00,2010-08-30T00:00:00
13478,2010-03-17 14:28:00,3,1650.51,96,75.39722222222223,1,0,2010-06-01T00:00:00,2009-12-03T00:00:00,2010-08-30T00:00:00
13480,2010-01-29 12:35:00,1,493.94,31,122.47569444444444,0,1,2010-06-01T00:00:00,2009-12-03T00:00:00,2010-08-30T00:00:00
13481,2010-04-30 09:13:00,3,1156.04,69,31.615972222222222,1,0,2010-06-01T00:00:00,2009-12-03T00:00:00,2010-08-30T00:00:00
13482,2010-03-22 10:31:00,1,151.45,9,70.56180555555555,0,1,2010-06-01T00:00:00,2009-12-03T00:00:00,2010-08-30T00:00:00
13484,2010-03-10 11:46:00,1,165.78,11,82.50972222222222,0,1,2010-06-01T00:00:00,2009-12-03T00:00:00,2010-08-30T00:00:00
13485,2010-05-27 09:49:00,4,1309.05,74,4.590972222222222,1,0,2010-06-01T00:00:00,2009-12-03T00:00:00,2010-08-30T00:00:00
13487,2009-12-05 10:25:00,1,103.95,6,177.56597222222223,1,0,2010-06-01T00:00:00,2009-12-03T00:00:00,2010-08-30T00:00:00
13488,2010-05-17 12:06:00,3,1656.6599999999999,84,14.495833333333334,1,0,2010-06-01T00:00:00,2009-12-03T00:00:00,2010-08-30T00:00:00
13490,2010-02-23 14:48:00,1,154.25,8,97.38333333333334,0,1,2010-06-01T00:00:00,2009-12-03T00:00:00,2010-08-30T00:00:00
13491,2010-05-19 10:14:00,9,2350.19,123,12.573611111111111,1,0,2010-06-01T00:00:00,2009-12-03T00:00:00,2010-08-30T00:00:00
13495,2010-03-23 15:01:00,3,1210.51,36,69.37430555555555,0,1,2010-06-01T00:00:00,2009-12-03T00:00:00,2010-08-30T00:00:00
13497,2010-03-24 12:56:00,3,582.23,27,68.46111111111111,1,0,2010-06-01T00:00:00,2009-12-03T00:00:00,2010-08-30T00:00:00
13498,2009-12-09 15:26:00,1,327.38,17,173.35694444444445,0,1,2010-06-01T00:00:00,2009-12-03T00:00:00,2010-08-30T00:00:00
13501,2010-05-18 13:24:00,1,595.17,30,13.441666666666666,1,0,2010-06-01T00:00:00,2009-12-03T00:00:00,2010-08-30T00:00:00
13503,2010-02-16 14:11:00,2,884.87,127,104.40902777777778,1,0,2010-06-01T00:00:00,2009-12-03T00:00:00,2010-08-30T00:00:00
13508,2010-03-07 11:58:00,1,176.07999999999998,16,85.50138888888888,0,1,2010-06-01T00:00:00,2009-12-03T00:00:00,2010-08-30T00:00:00
13510,2010-04-25 15:26:00,3,1312.79,83,36.356944444444444,1,0,2010-06-01T00:00:00,2009-12-03T00:00:00,2010-08-30T00:00:00
13511,2010-02-01 12:10:00,1,282.76,5,119.49305555555556,0,1,2010-06-01T00:00:00,2009-12-03T00:00:00,2010-08-30T00:00:00
13512,2010-05-05 13:22:00,1,153.3,11,26.443055555555556,1,0,2010-06-01T00:00:00,2009-12-03T00:00:00,2010-08-30T00:00:00
13513,2010-02-22 16:36:00,1,299.64,13,98.30833333333334,0,1,2010-06-01T00:00:00,2009-12-03T00:00:00,2010-08-30T00:00:00
13514,2010-05-09 10:38:00,2,588.7,15,22.556944444444444,0,1,2010-06-01T00:00:00,2009-12-03T00:00:00,2010-08-30T00:00:00
13515,2010-03-05 11:58:00,1,188.1,7,87.50138888888888,0,1,2010-06-01T00:00:00,2009-12-03T00:00:00,2010-08-30T00:00:00
13520,2010-04-11 11:14:00,3,1795.88,60,50.53194444444444,1,0,2010-06-01T00:00:00,2009-12-03T00:00:00,2010-08-30T00:00:00
13527,2010-04-25 12:43:00,3,1291.46,136,36.47013888888889,1,0,2010-06-01T00:00:00,2009-12-03T00:00:00,2010-08-30T00:00:00
13530,2010-03-15 14:10:00,1,402.98,18,77.40972222222223,0,1,2010-06-01T00:00:00,2009-12-03T00:00:00,2010-08-30T00:00:00
13531,2010-04-23 10:48:00,2,607.3100000000001,32,38.55,1,0,2010-06-01T00:00:00,2009-12-03T00:00:00,2010-08-30T00:00:00
13538,2010-02-21 16:09:00,2,803.54,49,99.32708333333333,0,1,2010-06-01T00:00:00,2009-12-03T00:00:00,2010-08-30T00:00:00
13539,2010-05-07 09:53:00,2,346.09000000000003,18,24.588194444444444,1,0,2010-06-01T00:00:00,2009-12-03T00:00:00,2010-08-30T00:00:00
13540,2010-02-22 09:24:00,2,369.25,20,98.60833333333333,1,0,2010-06-01T00:00:00,2009-12-03T00:00:00,2010-08-30T00:00:00
13541,2010-05-18 16:15:00,1,310.35,2,13.322916666666666,0,1,2010-06-01T00:00:00,2009-12-03T00:00:00,2010-08-30T00:00:00
13542,2010-05-16 10:01:00,9,2036.26,165,15.582638888888889,1,0,2010-06-01T00:00:00,2009-12-03T00:00:00,2010-08-30T00:00:00
13543,2010-03-15 13:34:00,2,1439.61,47,77.43472222222222,0,1,2010-06-01T00:00:00,2009-12-03T00:00:00,2010-08-30T00:00:00
13544,2010-03-05 11:31:00,1,181.32,53,87.5201388888889,1,0,2010-06-01T00:00:00,2009-12-03T00:00:00,2010-08-30T00:00:00
13551,2010-02-11 15:01:00,1,152.39999999999998,1,109.37430555555555,0,1,2010-06-01T00:00:00,2009-12-03T00:00:00,2010-08-30T00:00:00
13552,2010-04-09 12:08:00,3,1316.06,41,52.49444444444445,1,0,2010-06-01T00:00:00,2009-12-03T00:00:00,2010-08-30T00:00:00
13553,2010-02-03 12:21:00,1,499.6,89,117.48541666666667,0,1,2010-06-01T00:00:00,2009-12-03T00:00:00,2010-08-30T00:00:00
13555,2010-04-26 11:48:00,5,1622.15,85,35.50833333333333,1,0,2010-06-01T00:00:00,2009-12-03T00:00:00,2010-08-30T00:00:00
13557,2010-03-25 10:36:00,6,1525.38,97,67.55833333333334,1,0,2010-06-01T00:00:00,2009-12-03T00:00:00,2010-08-30T00:00:00
13561,2010-05-16 10:44:00,5,794.13,107,15.552777777777777,1,0,2010-06-01T00:00:00,2009-12-03T00:00:00,2010-08-30T00:00:00
13562,2010-02-03 15:53:00,3,1600.0,56,117.33819444444444,1,0,2010-06-01T00:00:00,2009-12-03T00:00:00,2010-08-30T00:00:00
13564,2010-05-16 13:20:00,13,5274.0,417,15.444444444444445,1,0,2010-06-01T00:00:00,2009-12-03T00:00:00,2010-08-30T00:00:00
13566,2010-03-10 12:22:00,1,291.12,64,82.48472222222222,1,0,2010-06-01T00:00:00,2009-12-03T00:00:00,2010-08-30T00:00:00
13571,2010-05-09 11:35:00,5,929.33,132,22.51736111111111,1,0,2010-06-01T00:00:00,2009-12-03T00:00:00,2010-08-30T00:00:00
13573,2010-03-12 16:06:00,1,81.85,8,80.32916666666667,0,1,2010-06-01T00:00:00,2009-12-03T00:00:00,2010-08-30T00:00:00
13576,2010-05-14 10:50:00,6,2736.8,94,17.54861111111111,1,0,2010-06-01T00:00:00,2009-12-03T00:00:00,2010-08-30T00:00:00
13577,2010-04-20 15:40:00,4,624.48,34,41.34722222222222,1,0,2010-06-01T00:00:00,2009-12-03T00:00:00,2010-08-30T00:00:00
13579,2010-02-18 13:53:00,1,383.55,27,102.42152777777778,0,1,2010-06-01T00:00:00,2009-12-03T00:00:00,2010-08-30T00:00:00
13582,2010-04-01 11:38:00,1,77.5,3,60.515277777777776,0,1,2010-06-01T00:00:00,2009-12-03T00:00:00,2010-08-30T00:00:00
13583,2010-01-29 13:53:00,1,664.001,43,122.42152777777778,0,1,2010-06-01T00:00:00,2009-12-03T00:00:00,2010-08-30T00:00:00
13584,2010-02-02 08:40:00,1,1.3,1,118.63888888888889,1,0,2010-06-01T00:00:00,2009-12-03T00:00:00,2010-08-30T00:00:00
13585,2010-05-10 16:04:00,1,353.42,20,21.330555555555556,1,0,2010-06-01T00:00:00,2009-12-03T00:00:00,2010-08-30T00:00:00
13587,2010-02-14 13:17:00,1,568.3,10,106.44652777777777,0,1,2010-06-01T00:00:00,2009-12-03T00:00:00,2010-08-30T00:00:00
13589,2010-05-09 11:16:00,2,428.55,20,22.530555555555555,1,0,2010-06-01T00:00:00,2009-12-03T00:00:00,2010-08-30T00:00:00
13590,2010-04-13 12:35:00,3,1011.7,84,48.47569444444444,1,0,2010-06-01T00:00:00,2009-12-03T00:00:00,2010-08-30T00:00:00
13591,2010-05-05 09:55:00,3,653.8100000000001,29,26.586805555555557,0,1,2010-06-01T00:00:00,2009-12-03T00:00:00,2010-08-30T00:00:00
13593,2010-04-07 15:02:00,4,1283.13,103,54.37361111111111,1,0,2010-06-01T00:00:00,2009-12-03T00:00:00,2010-08-30T00:00:00
13595,2010-05-09 10:47:00,2,711.29,126,22.550694444444446,1,0,2010-06-01T00:00:00,2009-12-03T00:00:00,2010-08-30T00:00:00
13598,2010-05-09 12:57:00,3,383.88,36,22.460416666666667,1,0,2010-06-01T00:00:00,2009-12-03T00:00:00,2010-08-30T00:00:00
13599,2010-05-28 10:33:00,5,2267.67,68,3.560416666666667,0,1,2010-06-01T00:00:00,2009-12-03T00:00:00,2010-08-30T00:00:00
13600,2010-03-15 17:16:00,1,298.9,22,77.28055555555555,0,1,2010-06-01T00:00:00,2009-12-03T00:00:00,2010-08-30T00:00:00
13602,2010-05-28 11:49:00,1,169.38,11,3.5076388888888888,0,1,2010-06-01T00:00:00,2009-12-03T00:00:00,2010-08-30T00:00:00
13604,2010-02-19 12:02:00,1,717.62,21,101.49861111111112,0,1,2010-06-01T00:00:00,2009-12-03T00:00:00,2010-08-30T00:00:00
13605,2010-05-17 15:46:00,1,169.89,17,14.343055555555555,0,1,2010-06-01T00:00:00,2009-12-03T00:00:00,2010-08-30T00:00:00
13609,2010-04-25 13:26:00,1,167.35,7,36.44027777777778,0,1,2010-06-01T00:00:00,2009-12-03T00:00:00,2010-08-30T00:00:00
13610,2010-05-19 14:10:00,4,713.73,128,12.409722222222221,1,0,2010-06-01T00:00:00,2009-12-03T00:00:00,2010-08-30T00:00:00
13611,2010-04-08 14:15:00,3,781.87,58,53.40625,1,0,2010-06-01T00:00:00,2009-12-03T00:00:00,2010-08-30T00:00:00
13612,2010-03-17 12:14:00,1,818.29,50,75.49027777777778,0,1,2010-06-01T00:00:00,2009-12-03T00:00:00,2010-08-30T00:00:00
13613,2010-03-23 15:52:00,2,627.5,33,69.33888888888889,0,1,2010-06-01T00:00:00,2009-12-03T00:00:00,2010-08-30T00:00:00
13615,2010-05-24 12:07:00,3,1739.97,110,7.495138888888889,1,0,2010-06-01T00:00:00,2009-12-03T00:00:00,2010-08-30T00:00:00
13616,2010-05-20 12:59:00,2,283.85,35,11.459027777777777,0,1,2010-06-01T00:00:00,2009-12-03T00:00:00,2010-08-30T00:00:00
13619,2010-02-03 14:16:00,1,100.24000000000001,22,117.40555555555555,1,0,2010-06-01T00:00:00,2009-12-03T00:00:00,2010-08-30T00:00:00
13622,2010-01-12 13:22:00,1,658.95,32,139.44305555555556,0,1,2010-06-01T00:00:00,2009-12-03T00:00:00,2010-08-30T00:00:00
13623,2010-01-21 13:21:00,1,413.0,28,130.44375,1,0,2010-06-01T00:00:00,2009-12-03T00:00:00,2010-08-30T00:00:00
13625,2010-04-22 10:50:00,1,301.26,21,39.548611111111114,0,1,2010-06-01T00:00:00,2009-12-03T00:00:00,2010-08-30T00:00:00
13627,2010-03-09 14:03:00,1,304.4,16,83.41458333333334,1,0,2010-06-01T00:00:00,2009-12-03T00:00:00,2010-08-30T00:00:00
13628,2010-02-01 14:44:00,1,310.14,16,119.3861111111111,0,1,2010-06-01T00:00:00,2009-12-03T00:00:00,2010-08-30T00:00:00
13629,2010-05-18 11:56:00,3,1980.0,10,13.502777777777778,1,0,2010-06-01T00:00:00,2009-12-03T00:00:00,2010-08-30T00:00:00
13632,2010-05-12 15:02:00,2,881.99,46,19.37361111111111,0,1,2010-06-01T00:00:00,2009-12-03T00:00:00,2010-08-30T00:00:00
13634,2010-05-14 14:18:00,5,1798.96,133,17.404166666666665,1,0,2010-06-01T00:00:00,2009-12-03T00:00:00,2010-08-30T00:00:00
13635,2009-12-15 12:13:00,1,414.78000000000003,17,167.4909722222222,0,1,2010-06-01T00:00:00,2009-12-03T00:00:00,2010-08-30T00:00:00
13640,2010-04-07 15:33:00,1,405.0,4,54.35208333333333,0,1,2010-06-01T00:00:00,2009-12-03T00:00:00,2010-08-30T00:00:00
13641,2010-03-09 07:37:00,5,1016.47,44,83.68263888888889,0,1,2010-06-01T00:00:00,2009-12-03T00:00:00,2010-08-30T00:00:00
13643,2010-05-04 14:58:00,3,551.5500000000001,20,27.37638888888889,1,0,2010-06-01T00:00:00,2009-12-03T00:00:00,2010-08-30T00:00:00
13647,2010-05-23 10:54:00,2,832.1999999999999,35,8.545833333333333,1,0,2010-06-01T00:00:00,2009-12-03T00:00:00,2010-08-30T00:00:00
13648,2010-04-23 10:02:00,2,689.3100000000001,45,38.581944444444446,1,0,2010-06-01T00:00:00,2009-12-03T00:00:00,2010-08-30T00:00:00
13650,2010-05-18 13:26:00,2,1093.81,54,13.440277777777778,1,0,2010-06-01T00:00:00,2009-12-03T00:00:00,2010-08-30T00:00:00
13652,2010-02-25 17:37:00,1,393.96000000000004,28,95.26597222222222,0,1,2010-06-01T00:00:00,2009-12-03T00:00:00,2010-08-30T00:00:00
13654,2010-03-03 16:21:00,1,98.7,3,89.31875,1,0,2010-06-01T00:00:00,2009-12-03T00:00:00,2010-08-30T00:00:00
13655,2010-04-29 10:38:00,2,580.58,29,32.55694444444445,0,1,2010-06-01T00:00:00,2009-12-03T00:00:00,2010-08-30T00:00:00
13656,2010-04-23 12:50:00,1,325.15,16,38.46527777777778,1,0,2010-06-01T00:00:00,2009-12-03T00:00:00,2010-08-30T00:00:00
13658,2010-02-05 13:17:00,1,982.26,53,115.44652777777777,1,0,2010-06-01T00:00:00,2009-12-03T00:00:00,2010-08-30T00:00:00
13659,2010-05-20 16:53:00,6,2508.4900000000002,129,11.296527777777778,1,0,2010-06-01T00:00:00,2009-12-03T00:00:00,2010-08-30T00:00:00
13661,2010-04-15 14:58:00,1,325.24,17,46.37638888888889,0,1,2010-06-01T00:00:00,2009-12-03T00:00:00,2010-08-30T00:00:00
13662,2010-02-19 13:23:00,2,300.47,22,101.44236111111111,1,0,2010-06-01T00:00:00,2009-12-03T00:00:00,2010-08-30T00:00:00
13663,2010-03-03 10:11:00,1,545.45,27,89.57569444444445,0,1,2010-06-01T00:00:00,2009-12-03T00:00:00,2010-08-30T00:00:00
13666,2009-12-04 10:48:00,1,19.5,2,178.55,0,1,2010-06-01T00:00:00,2009-12-03T00:00:00,2010-08-30T00:00:00
13668,2010-04-08 15:30:00,6,2145.98,77,53.354166666666664,1,0,2010-06-01T00:00:00,2009-12-03T00:00:00,2010-08-30T00:00:00
13672,2009-12-09 11:40:00,1,233.53,12,173.51388888888889,0,1,2010-06-01T00:00:00,2009-12-03T00:00:00,2010-08-30T00:00:00
13676,2010-03-30 16:53:00,1,128.3,4,62.296527777777776,1,0,2010-06-01T00:00:00,2009-12-03T00:00:00,2010-08-30T00:00:00
13679,2010-04-19 17:11:00,2,179.55,32,42.28402777777778,1,0,2010-06-01T00:00:00,2009-12-03T00:00:00,2010-08-30T00:00:00
13680,2010-03-03 14:31:00,6,5630.93,370,89.3951388888889,1,0,2010-06-01T00:00:00,2009-12-03T00:00:00,2010-08-30T00:00:00
13684,2010-05-26 13:23:00,2,396.91999999999996,53,5.442361111111111,0,1,2010-06-01T00:00:00,2009-12-03T00:00:00,2010-08-30T00:00:00
13688,2010-03-14 14:11:00,1,375.5,5,78.40902777777778,0,1,2010-06-01T00:00:00,2009-12-03T00:00:00,2010-08-30T00:00:00
13693,2010-04-25 10:11:00,6,1160.07,62,36.575694444444444,1,0,2010-06-01T00:00:00,2009-12-03T00:00:00,2010-08-30T00:00:00
13694,2010-05-27 13:58:00,69,96414.76,727,4.418055555555555,1,0,2010-06-01T00:00:00,2009-12-03T00:00:00,2010-08-30T00:00:00
13695,2010-05-11 11:07:00,1,266.6,6,20.536805555555556,0,1,2010-06-01T00:00:00,2009-12-03T00:00:00,2010-08-30T00:00:00
13696,2010-04-27 11:53:00,2,1386.2,17,34.50486111111111,0,1,2010-06-01T00:00:00,2009-12-03T00:00:00,2010-08-30T00:00:00
13698,2010-04-22 11:52:00,2,451.73,38,39.50555555555555,0,1,2010-06-01T00:00:00,2009-12-03T00:00:00,2010-08-30T00:00:00
13700,2010-02-09 16:01:00,2,81.55,12,111.3326388888889,0,1,2010-06-01T00:00:00,2009-12-03T00:00:00,2010-08-30T00:00:00
13705,2010-03-25 17:19:00,1,250.45,12,67.27847222222222,1,0,2010-06-01T00:00:00,2009-12-03T00:00:00,2010-08-30T00:00:00
13706,2010-03-23 09:18:00,1,300.38,18,69.6125,0,1,2010-06-01T00:00:00,2009-12-03T00:00:00,2010-08-30T00:00:00
13709,2010-03-31 10:49:00,2,487.89,32,61.549305555555556,1,0,2010-06-01T00:00:00,2009-12-03T00:00:00,2010-08-30T00:00:00
13710,2010-04-06 12:54:00,1,228.0,5,55.4625,0,1,2010-06-01T00:00:00,2009-12-03T00:00:00,2010-08-30T00:00:00
13711,2010-05-10 12:31:00,6,1360.1200000000001,68,21.478472222222223,0,1,2010-06-01T00:00:00,2009-12-03T00:00:00,2010-08-30T00:00:00
13712,2010-04-08 11:16:00,1,537.58,23,53.53055555555556,0,1,2010-06-01T00:00:00,2009-12-03T00:00:00,2010-08-30T00:00:00
13713,2010-05-05 16:48:00,1,247.98,31,26.3,1,0,2010-06-01T00:00:00,2009-12-03T00:00:00,2010-08-30T00:00:00
13715,2010-05-27 13:34:00,3,1581.26,166,4.434722222222222,1,0,2010-06-01T00:00:00,2009-12-03T00:00:00,2010-08-30T00:00:00
13719,2010-05-17 14:36:00,1,381.36,66,14.391666666666667,1,0,2010-06-01T00:00:00,2009-12-03T00:00:00,2010-08-30T00:00:00
13722,2010-03-03 14:13:00,1,664.54,29,89.40763888888888,1,0,2010-06-01T00:00:00,2009-12-03T00:00:00,2010-08-30T00:00:00
13723,2010-05-28 11:53:00,2,420.58,19,3.504861111111111,0,1,2010-06-01T00:00:00,2009-12-03T00:00:00,2010-08-30T00:00:00
13724,2010-03-12 15:28:00,1,213.01,42,80.35555555555555,0,1,2010-06-01T00:00:00,2009-12-03T00:00:00,2010-08-30T00:00:00
13727,2010-04-07 12:14:00,6,740.6700000000001,63,54.49027777777778,0,1,2010-06-01T00:00:00,2009-12-03T00:00:00,2010-08-30T00:00:00
13728,2010-05-28 14:14:00,5,945.08,52,3.4069444444444446,1,0,2010-06-01T00:00:00,2009-12-03T00:00:00,2010-08-30T00:00:00
13729,2010-01-24 14:57:00,1,357.88,20,127.37708333333333,0,1,2010-06-01T00:00:00,2009-12-03T00:00:00,2010-08-30T00:00:00
13733,2009-12-04 15:28:00,1,149.1,10,178.35555555555555,0,1,2010-06-01T00:00:00,2009-12-03T00:00:00,2010-08-30T00:00:00
13734,2010-04-16 08:42:00,1,279.6,1,45.6375,1,0,2010-06-01T00:00:00,2009-12-03T00:00:00,2010-08-30T00:00:00
13735,2010-05-13 15:05:00,5,3122.63,218,18.37152777777778,1,0,2010-06-01T00:00:00,2009-12-03T00:00:00,2010-08-30T00:00:00
13736,2009-12-06 12:07:00,1,710.84,115,176.4951388888889,1,0,2010-06-01T00:00:00,2009-12-03T00:00:00,2010-08-30T00:00:00
13740,2010-05-12 09:39:00,1,310.9,17,19.597916666666666,1,0,2010-06-01T00:00:00,2009-12-03T00:00:00,2010-08-30T00:00:00
13750,2010-05-06 11:22:00,2,620.76,27,25.52638888888889,1,0,2010-06-01T00:00:00,2009-12-03T00:00:00,2010-08-30T00:00:00
13753,2010-04-20 14:08:00,3,1353.31,45,41.41111111111111,0,1,2010-06-01T00:00:00,2009-12-03T00:00:00,2010-08-30T00:00:00
13756,2010-05-12 14:23:00,4,868.89,78,19.400694444444444,1,0,2010-06-01T00:00:00,2009-12-03T00:00:00,2010-08-30T00:00:00
13757,2010-02-03 12:37:00,1,195.55,8,117.47430555555556,0,1,2010-06-01T00:00:00,2009-12-03T00:00:00,2010-08-30T00:00:00
13758,2010-04-29 09:11:00,4,2686.07,99,32.61736111111111,0,1,2010-06-01T00:00:00,2009-12-03T00:00:00,2010-08-30T00:00:00
13760,2010-04-25 13:10:00,1,298.32,18,36.451388888888886,1,0,2010-06-01T00:00:00,2009-12-03T00:00:00,2010-08-30T00:00:00
13761,2010-05-14 09:36:00,2,589.4,31,17.6,1,0,2010-06-01T00:00:00,2009-12-03T00:00:00,2010-08-30T00:00:00
13762,2010-04-25 15:51:00,4,2165.76,28,36.33958333333333,0,1,2010-06-01T00:00:00,2009-12-03T00:00:00,2010-08-30T00:00:00
13764,2010-05-19 15:47:00,3,1400.2,163,12.342361111111112,0,1,2010-06-01T00:00:00,2009-12-03T00:00:00,2010-08-30T00:00:00
13765,2010-02-24 13:46:00,1,352.821,17,96.4263888888889,0,1,2010-06-01T00:00:00,2009-12-03T00:00:00,2010-08-30T00:00:00
13767,2010-05-13 12:38:00,11,4975.78,125,18.47361111111111,1,0,2010-06-01T00:00:00,2009-12-03T00:00:00,2010-08-30T00:00:00
13768,2009-12-13 10:41:00,2,875.97,33,169.5548611111111,0,1,2010-06-01T00:00:00,2009-12-03T00:00:00,2010-08-30T00:00:00
13769,2010-04-22 14:34:00,4,984.0500000000001,54,39.393055555555556,1,0,2010-06-01T00:00:00,2009-12-03T00:00:00,2010-08-30T00:00:00
13770,2010-03-04 10:41:00,2,264.33000000000004,7,88.55486111111111,0,1,2010-06-01T00:00:00,2009-12-03T00:00:00,2010-08-30T00:00:00
13771,2010-05-27 12:16:00,3,1760.81,58,4.488888888888889,1,0,2010-06-01T00:00:00,2009-12-03T00:00:00,2010-08-30T00:00:00
13772,2010-05-06 11:49:00,2,832.08,156,25.507638888888888,1,0,2010-06-01T00:00:00,2009-12-03T00:00:00,2010-08-30T00:00:00
13773,2010-02-18 10:27:00,1,91.4,5,102.56458333333333,0,1,2010-06-01T00:00:00,2009-12-03T00:00:00,2010-08-30T00:00:00
13775,2010-04-28 12:15:00,1,1049.66,63,33.489583333333336,0,1,2010-06-01T00:00:00,2009-12-03T00:00:00,2010-08-30T00:00:00
13777,2010-04-25 10:36:00,10,3516.2400000000002,43,36.55833333333333,1,0,2010-06-01T00:00:00,2009-12-03T00:00:00,2010-08-30T00:00:00
13778,2010-05-23 13:34:00,1,352.71000000000004,22,8.434722222222222,1,0,2010-06-01T00:00:00,2009-12-03T00:00:00,2010-08-30T00:00:00
13781,2010-04-26 14:30:00,2,650.99,40,35.395833333333336,0,1,2010-06-01T00:00:00,2009-12-03T00:00:00,2010-08-30T00:00:00
13782,2010-05-16 12:34:00,4,577.84,89,15.47638888888889,1,0,2010-06-01T00:00:00,2009-12-03T00:00:00,2010-08-30T00:00:00
13783,2010-05-19 10:11:00,3,1335.24,9,12.575694444444444,1,0,2010-06-01T00:00:00,2009-12-03T00:00:00,2010-08-30T00:00:00
13786,2010-04-29 15:02:00,4,2252.69,87,32.37361111111111,0,1,2010-06-01T00:00:00,2009-12-03T00:00:00,2010-08-30T00:00:00
13787,2010-02-22 11:42:00,2,401.43,30,98.5125,1,0,2010-06-01T00:00:00,2009-12-03T00:00:00,2010-08-30T00:00:00
13793,2010-03-03 08:25:00,1,96.0,7,89.64930555555556,0,1,2010-06-01T00:00:00,2009-12-03T00:00:00,2010-08-30T00:00:00
13795,2010-03-12 12:44:00,1,222.5,9,80.46944444444445,1,0,2010-06-01T00:00:00,2009-12-03T00:00:00,2010-08-30T00:00:00
13797,2010-05-20 12:53:00,2,666.87,47,11.463194444444444,0,1,2010-06-01T00:00:00,2009-12-03T00:00:00,2010-08-30T00:00:00
13798,2010-05-28 08:39:00,26,16619.63,167,3.6395833333333334,1,0,2010-06-01T00:00:00,2009-12-03T00:00:00,2010-08-30T00:00:00
13799,2010-05-14 16:34:00,3,911.07,11,17.309722222222224,1,0,2010-06-01T00:00:00,2009-12-03T00:00:00,2010-08-30T00:00:00
13800,2009-12-03 10:03:00,1,478.7,19,179.58125,0,1,2010-06-01T00:00:00,2009-12-03T00:00:00,2010-08-30T00:00:00
13802,2010-05-27 11:05:00,8,7720.31,187,4.538194444444445,1,0,2010-06-01T00:00:00,2009-12-03T00:00:00,2010-08-30T00:00:00
13803,2010-03-31 10:00:00,1,433.53000000000003,26,61.583333333333336,0,1,2010-06-01T00:00:00,2009-12-03T00:00:00,2010-08-30T00:00:00
13807,2010-05-14 14:53:00,2,309.6,18,17.37986111111111,0,1,2010-06-01T00:00:00,2009-12-03T00:00:00,2010-08-30T00:00:00
13813,2010-04-16 11:59:00,3,926.74,49,45.50069444444444,1,0,2010-06-01T00:00:00,2009-12-03T00:00:00,2010-08-30T00:00:00
13815,2010-02-12 10:26:00,1,738.86,44,108.56527777777778,1,0,2010-06-01T00:00:00,2009-12-03T00:00:00,2010-08-30T00:00:00
13819,2010-02-08 15:30:00,2,879.9,35,112.35416666666667,0,1,2010-06-01T00:00:00,2009-12-03T00:00:00,2010-08-30T00:00:00
13820,2010-03-03 11:57:00,2,386.52,40,89.50208333333333,0,1,2010-06-01T00:00:00,2009-12-03T00:00:00,2010-08-30T00:00:00
13821,2010-01-15 12:28:00,3,660.55,88,136.48055555555555,0,1,2010-06-01T00:00:00,2009-12-03T00:00:00,2010-08-30T00:00:00
13823,2010-03-11 11:54:00,3,1230.74,73,81.50416666666666,1,0,2010-06-01T00:00:00,2009-12-03T00:00:00,2010-08-30T00:00:00
13824,2010-05-28 08:29:00,3,688.26,23,3.6465277777777776,1,0,2010-06-01T00:00:00,2009-12-03T00:00:00,2010-08-30T00:00:00
13825,2010-03-28 11:02:00,2,255.59,40,64.54027777777777,0,1,2010-06-01T00:00:00,2009-12-03T00:00:00,2010-08-30T00:00:00
13830,2010-05-07 12:24:00,1,156.85000000000002,11,24.483333333333334,0,1,2010-06-01T00:00:00,2009-12-03T00:00:00,2010-08-30T00:00:00
13831,2010-05-19 10:02:00,9,2806.77,80,12.581944444444444,1,0,2010-06-01T00:00:00,2009-12-03T00:00:00,2010-08-30T00:00:00
13834,2010-05-12 10:27:00,2,324.19,16,19.564583333333335,0,1,2010-06-01T00:00:00,2009-12-03T00:00:00,2010-08-30T00:00:00
13835,2010-03-24 12:32:00,2,183.95,11,68.47777777777777,1,0,2010-06-01T00:00:00,2009-12-03T00:00:00,2010-08-30T00:00:00
13838,2010-05-09 11:40:00,1,240.44,54,22.51388888888889,0,1,2010-06-01T00:00:00,2009-12-03T00:00:00,2010-08-30T00:00:00
13842,2010-05-04 10:06:00,4,520.44,38,27.579166666666666,1,0,2010-06-01T00:00:00,2009-12-03T00:00:00,2010-08-30T00:00:00
13847,2009-12-20 10:41:00,1,310.72,19,162.5548611111111,0,1,2010-06-01T00:00:00,2009-12-03T00:00:00,2010-08-30T00:00:00
13848,2010-03-21 12:01:00,2,800.0,2,71.49930555555555,1,0,2010-06-01T00:00:00,2009-12-03T00:00:00,2010-08-30T00:00:00
13849,2010-03-25 12:03:00,1,509.65,32,67.49791666666667,0,1,2010-06-01T00:00:00,2009-12-03T00:00:00,2010-08-30T00:00:00
13851,2010-01-29 11:54:00,1,199.29999999999998,3,122.50416666666666,0,1,2010-06-01T00:00:00,2009-12-03T00:00:00,2010-08-30T00:00:00
13852,2010-04-08 09:06:00,1,187.35000000000002,11,53.62083333333333,0,1,2010-06-01T00:00:00,2009-12-03T00:00:00,2010-08-30T00:00:00
13854,2010-05-13 12:00:00,7,1785.47,35,18.5,1,0,2010-06-01T00:00:00,2009-12-03T00:00:00,2010-08-30T00:00:00
13855,2010-04-22 10:10:00,3,1203.1000000000001,71,39.576388888888886,1,0,2010-06-01T00:00:00,2009-12-03T00:00:00,2010-08-30T00:00:00
13856,2010-05-23 14:04:00,4,369.09000000000003,26,8.41388888888889,1,0,2010-06-01T00:00:00,2009-12-03T00:00:00,2010-08-30T00:00:00
13857,2010-05-17 14:21:00,1,214.75,23,14.402083333333334,1,0,2010-06-01T00:00:00,2009-12-03T00:00:00,2010-08-30T00:00:00
13863,2010-04-25 13:09:00,1,304.52000000000004,18,36.452083333333334,1,0,2010-06-01T00:00:00,2009-12-03T00:00:00,2010-08-30T00:00:00
13869,2010-03-23 14:22:00,2,1729.54,167,69.40138888888889,1,0,2010-06-01T00:00:00,2009-12-03T00:00:00,2010-08-30T00:00:00
13870,2010-05-06 16:50:00,2,1285.4,58,25.29861111111111,1,0,2010-06-01T00:00:00,2009-12-03T00:00:00,2010-08-30T00:00:00
13871,2010-03-28 10:51:00,2,853.0,43,64.54791666666667,1,0,2010-06-01T00:00:00,2009-12-03T00:00:00,2010-08-30T00:00:00
13872,2010-03-23 13:34:00,2,616.4300000000001,39,69.43472222222222,1,0,2010-06-01T00:00:00,2009-12-03T00:00:00,2010-08-30T00:00:00
13873,2010-05-14 12:17:00,2,262.7,11,17.488194444444446,0,1,2010-06-01T00:00:00,2009-12-03T00:00:00,2010-08-30T00:00:00
13874,2010-05-27 11:28:00,4,940.98,32,4.522222222222222,1,0,2010-06-01T00:00:00,2009-12-03T00:00:00,2010-08-30T00:00:00
13875,2010-05-28 14:16:00,5,1567.52,92,3.4055555555555554,1,0,2010-06-01T00:00:00,2009-12-03T00:00:00,2010-08-30T00:00:00
13877,2010-01-19 10:53:00,1,154.82999999999998,9,132.54652777777778,1,0,2010-06-01T00:00:00,2009-12-03T00:00:00,2010-08-30T00:00:00
13878,2010-05-13 12:07:00,2,985.73,60,18.49513888888889,1,0,2010-06-01T00:00:00,2009-12-03T00:00:00,2010-08-30T00:00:00
13879,2010-03-04 10:49:00,1,395.5,25,88.54930555555555,0,1,2010-06-01T00:00:00,2009-12-03T00:00:00,2010-08-30T00:00:00
13880,2010-05-26 14:29:00,1,225.57,15,5.396527777777778,1,0,2010-06-01T00:00:00,2009-12-03T00:00:00,2010-08-30T00:00:00
13881,2010-05-26 15:09:00,7,9461.16,102,5.36875,1,0,2010-06-01T00:00:00,2009-12-03T00:00:00,2010-08-30T00:00:00
13883,2010-05-26 10:48:00,6,1661.44,80,5.55,0,1,2010-06-01T00:00:00,2009-12-03T00:00:00,2010-08-30T00:00:00
13888,2010-05-13 11:57:00,2,282.97,28,18.502083333333335,1,0,2010-06-01T00:00:00,2009-12-03T00:00:00,2010-08-30T00:00:00
13889,2010-02-26 13:28:00,2,630.6800000000001,35,94.43888888888888,1,0,2010-06-01T00:00:00,2009-12-03T00:00:00,2010-08-30T00:00:00
13890,2010-05-07 12:56:00,3,730.2900000000001,44,24.461111111111112,0,1,2010-06-01T00:00:00,2009-12-03T00:00:00,2010-08-30T00:00:00
13891,2010-05-06 16:02:00,1,398.4,24,25.331944444444446,0,1,2010-06-01T00:00:00,2009-12-03T00:00:00,2010-08-30T00:00:00
13892,2010-05-13 10:32:00,1,525.24,8,18.56111111111111,1,0,2010-06-01T00:00:00,2009-12-03T00:00:00,2010-08-30T00:00:00
13895,2009-12-03 13:09:00,1,831.0,42,179.45208333333332,1,0,2010-06-01T00:00:00,2009-12-03T00:00:00,2010-08-30T00:00:00
13896,2010-03-24 08:55:00,1,388.55,21,68.62847222222223,0,1,2010-06-01T00:00:00,2009-12-03T00:00:00,2010-08-30T00:00:00
13897,2010-01-31 13:48:00,1,482.67,23,120.425,0,1,2010-06-01T00:00:00,2009-12-03T00:00:00,2010-08-30T00:00:00
13900,2010-03-25 13:46:00,1,260.5,16,67.4263888888889,1,0,2010-06-01T00:00:00,2009-12-03T00:00:00,2010-08-30T00:00:00
13901,2010-04-15 10:43:00,3,1416.16,87,46.553472222222226,1,0,2010-06-01T00:00:00,2009-12-03T00:00:00,2010-08-30T00:00:00
13902,2010-03-17 13:09:00,5,34095.26,63,75.45208333333333,0,1,2010-06-01T00:00:00,2009-12-03T00:00:00,2010-08-30T00:00:00
13905,2009-12-07 11:41:00,1,312.65,12,175.51319444444445,0,1,2010-06-01T00:00:00,2009-12-03T00:00:00,2010-08-30T00:00:00
13907,2010-01-17 12:22:00,1,136.8,4,134.48472222222222,0,1,2010-06-01T00:00:00,2009-12-03T00:00:00,2010-08-30T00:00:00
13911,2010-05-26 09:52:00,7,787.24,44,5.588888888888889,1,0,2010-06-01T00:00:00,2009-12-03T00:00:00,2010-08-30T00:00:00
13916,2010-02-02 10:06:00,1,364.5,22,118.57916666666667,1,0,2010-06-01T00:00:00,2009-12-03T00:00:00,2010-08-30T00:00:00
13920,2010-05-26 15:48:00,1,523.65,30,5.341666666666667,1,0,2010-06-01T00:00:00,2009-12-03T00:00:00,2010-08-30T00:00:00
13921,2009-12-18 12:19:00,1,102.75,7,164.48680555555555,1,0,2010-06-01T00:00:00,2009-12-03T00:00:00,2010-08-30T00:00:00
13929,2010-05-28 10:17:00,6,1462.52,27,3.571527777777778,1,0,2010-06-01T00:00:00,2009-12-03T00:00:00,2010-08-30T00:00:00
13931,2010-03-26 13:42:00,4,2131.42,106,66.42916666666666,0,1,2010-06-01T00:00:00,2009-12-03T00:00:00,2010-08-30T00:00:00
13935,2010-04-22 11:21:00,3,6116.92,80,39.52708333333333,0,1,2010-06-01T00:00:00,2009-12-03T00:00:00,2010-08-30T00:00:00
13939,2010-04-19 12:49:00,2,293.13,19,42.46597222222222,1,0,2010-06-01T00:00:00,2009-12-03T00:00:00,2010-08-30T00:00:00
13941,2010-03-31 12:21:00,5,2696.21,28,61.485416666666666,1,0,2010-06-01T00:00:00,2009-12-03T00:00:00,2010-08-30T00:00:00
13943,2010-05-11 11:30:00,1,246.54000000000002,15,20.520833333333332,0,1,2010-06-01T00:00:00,2009-12-03T00:00:00,2010-08-30T00:00:00
13944,2010-02-24 15:02:00,1,200.43,35,96.37361111111112,0,1,2010-06-01T00:00:00,2009-12-03T00:00:00,2010-08-30T00:00:00
13946,2010-03-15 11:00:00,2,760.95,31,77.54166666666667,0,1,2010-06-01T00:00:00,2009-12-03T00:00:00,2010-08-30T00:00:00
13948,2010-03-01 12:16:00,2,262.31,13,91.4888888888889,0,1,2010-06-01T00:00:00,2009-12-03T00:00:00,2010-08-30T00:00:00
13952,2010-05-20 10:42:00,7,6577.13,145,11.554166666666667,1,0,2010-06-01T00:00:00,2009-12-03T00:00:00,2010-08-30T00:00:00
13953,2010-05-20 09:39:00,3,2125.0,3,11.597916666666666,1,0,2010-06-01T00:00:00,2009-12-03T00:00:00,2010-08-30T00:00:00
13957,2010-05-16 14:50:00,2,258.90000000000003,16,15.381944444444445,0,1,2010-06-01T00:00:00,2009-12-03T00:00:00,2010-08-30T00:00:00
13958,2010-04-28 10:03:00,5,1942.7,83,33.58125,1,0,2010-06-01T00:00:00,2009-12-03T00:00:00,2010-08-30T00:00:00
13963,2010-05-24 10:54:00,2,404.17,24,7.545833333333333,1,0,2010-06-01T00:00:00,2009-12-03T00:00:00,2010-08-30T00:00:00
13965,2010-02-08 16:11:00,2,786.01,21,112.32569444444445,1,0,2010-06-01T00:00:00,2009-12-03T00:00:00,2010-08-30T00:00:00
13969,2010-05-07 17:28:00,3,674.4,46,24.272222222222222,1,0,2010-06-01T00:00:00,2009-12-03T00:00:00,2010-08-30T00:00:00
13971,2010-04-09 13:00:00,2,586.91,33,52.458333333333336,1,0,2010-06-01T00:00:00,2009-12-03T00:00:00,2010-08-30T00:00:00
13974,2010-05-06 17:55:00,1,264.13,15,25.25347222222222,0,1,2010-06-01T00:00:00,2009-12-03T00:00:00,2010-08-30T00:00:00
13975,2010-03-29 13:10:00,2,959.05,199,63.451388888888886,1,0,2010-06-01T00:00:00,2009-12-03T00:00:00,2010-08-30T00:00:00
13976,2010-04-28 15:54:00,2,532.82,30,33.3375,1,0,2010-06-01T00:00:00,2009-12-03T00:00:00,2010-08-30T00:00:00
13979,2010-05-12 13:52:00,4,1292.81,183,19.42222222222222,0,1,2010-06-01T00:00:00,2009-12-03T00:00:00,2010-08-30T00:00:00
13980,2010-05-11 13:36:00,2,260.55,32,20.433333333333334,1,0,2010-06-01T00:00:00,2009-12-03T00:00:00,2010-08-30T00:00:00
13982,2010-05-19 12:52:00,3,1304.59,74,12.463888888888889,1,0,2010-06-01T00:00:00,2009-12-03T00:00:00,2010-08-30T00:00:00
13983,2010-05-24 14:55:00,5,2347.2,106,7.378472222222222,1,0,2010-06-01T00:00:00,2009-12-03T00:00:00,2010-08-30T00:00:00
13984,2010-02-07 11:29:00,3,369.77,27,113.52152777777778,1,0,2010-06-01T00:00:00,2009-12-03T00:00:00,2010-08-30T00:00:00
13985,2010-05-26 13:46:00,2,593.23,33,5.426388888888889,0,1,2010-06-01T00:00:00,2009-12-03T00:00:00,2010-08-30T00:00:00
13988,2010-03-24 11:05:00,1,310.2,18,68.53819444444444,0,1,2010-06-01T00:00:00,2009-12-03T00:00:00,2010-08-30T00:00:00
13989,2010-05-25 12:13:00,1,361.68,23,6.490972222222222,1,0,2010-06-01T00:00:00,2009-12-03T00:00:00,2010-08-30T00:00:00
13993,2010-04-26 10:49:00,4,1178.68,49,35.549305555555556,1,0,2010-06-01T00:00:00,2009-12-03T00:00:00,2010-08-30T00:00:00
13995,2010-04-20 09:54:00,4,699.52,40,41.5875,1,0,2010-06-01T00:00:00,2009-12-03T00:00:00,2010-08-30T00:00:00
13998,2010-05-12 13:18:00,1,264.05,14,19.445833333333333,1,0,2010-06-01T00:00:00,2009-12-03T00:00:00,2010-08-30T00:00:00
13999,2010-05-19 09:14:00,8,2721.26,116,12.615277777777777,1,0,2010-06-01T00:00:00,2009-12-03T00:00:00,2010-08-30T00:00:00
14000,2010-04-22 11:59:00,1,690.7,15,39.50069444444444,1,0,2010-06-01T00:00:00,2009-12-03T00:00:00,2010-08-30T00:00:00
14003,2009-12-07 08:53:00,1,209.41,16,175.6298611111111,0,1,2010-06-01T00:00:00,2009-12-03T00:00:00,2010-08-30T00:00:00
14006,2010-05-28 10:59:00,3,1078.48,42,3.542361111111111,1,0,2010-06-01T00:00:00,2009-12-03T00:00:00,2010-08-30T00:00:00
14010,2010-05-23 13:00:00,2,445.15,24,8.458333333333334,0,1,2010-06-01T00:00:00,2009-12-03T00:00:00,2010-08-30T00:00:00
14011,2010-04-11 13:40:00,1,292.34,22,50.43055555555556,1,0,2010-06-01T00:00:00,2009-12-03T00:00:00,2010-08-30T00:00:00
14013,2010-03-26 10:02:00,1,174.2,10,66.58194444444445,0,1,2010-06-01T00:00:00,2009-12-03T00:00:00,2010-08-30T00:00:00
14014,2010-05-12 09:04:00,1,276.65999999999997,12,19.622222222222224,0,1,2010-06-01T00:00:00,2009-12-03T00:00:00,2010-08-30T00:00:00
14016,2010-04-14 15:10:00,4,3881.22,152,47.36805555555556,1,0,2010-06-01T00:00:00,2009-12-03T00:00:00,2010-08-30T00:00:00
14017,2010-05-17 14:52:00,1,229.75,14,14.380555555555556,0,1,2010-06-01T00:00:00,2009-12-03T00:00:00,2010-08-30T00:00:00
14018,2010-03-04 14:23:00,1,367.15,13,88.40069444444444,0,1,2010-06-01T00:00:00,2009-12-03T00:00:00,2010-08-30T00:00:00
14021,2010-04-26 11:22:00,1,301.09000000000003,21,35.52638888888889,1,0,2010-06-01T00:00:00,2009-12-03T00:00:00,2010-08-30T00:00:00
14025,2010-05-26 11:03:00,3,1601.26,49,5.539583333333334,1,0,2010-06-01T00:00:00,2009-12-03T00:00:00,2010-08-30T00:00:00
14026,2010-03-24 14:10:00,1,386.53000000000003,29,68.40972222222223,1,0,2010-06-01T00:00:00,2009-12-03T00:00:00,2010-08-30T00:00:00
14030,2010-04-23 11:36:00,7,3174.18,306,38.516666666666666,0,1,2010-06-01T00:00:00,2009-12-03T00:00:00,2010-08-30T00:00:00
14031,2010-05-28 16:31:00,12,10637.74,295,3.3118055555555554,1,0,2010-06-01T00:00:00,2009-12-03T00:00:00,2010-08-30T00:00:00
14032,2010-01-25 15:36:00,3,922.98,45,126.35,0,1,2010-06-01T00:00:00,2009-12-03T00:00:00,2010-08-30T00:00:00
14035,2010-05-19 11:10:00,2,384.6,50,12.534722222222221,0,1,2010-06-01T00:00:00,2009-12-03T00:00:00,2010-08-30T00:00:00
14037,2010-03-05 10:11:00,3,530.82,59,87.57569444444445,1,0,2010-06-01T00:00:00,2009-12-03T00:00:00,2010-08-30T00:00:00
14038,2010-02-04 08:56:00,1,704.55,29,116.62777777777778,0,1,2010-06-01T00:00:00,2009-12-03T00:00:00,2010-08-30T00:00:00
14039,2010-05-13 10:15:00,1,115.08000000000001,4,18.572916666666668,0,1,2010-06-01T00:00:00,2009-12-03T00:00:00,2010-08-30T00:00:00
14040,2010-05-27 12:48:00,11,3345.26,198,4.466666666666667,1,0,2010-06-01T00:00:00,2009-12-03T00:00:00,2010-08-30T00:00:00
14042,2009-12-14 15:07:00,1,431.98,21,168.3701388888889,0,1,2010-06-01T00:00:00,2009-12-03T00:00:00,2010-08-30T00:00:00
14043,2009-12-10 15:56:00,1,164.31,20,172.3361111111111,1,0,2010-06-01T00:00:00,2009-12-03T00:00:00,2010-08-30T00:00:00
14044,2010-05-09 12:30:00,3,830.16,289,22.479166666666668,1,0,2010-06-01T00:00:00,2009-12-03T00:00:00,2010-08-30T00:00:00
14045,2010-04-30 14:10:00,3,3018.48,16,31.40972222222222,1,0,2010-06-01T00:00:00,2009-12-03T00:00:00,2010-08-30T00:00:00
14047,2010-05-13 13:21:00,2,970.4,40,18.44375,1,0,2010-06-01T00:00:00,2009-12-03T00:00:00,2010-08-30T00:00:00
14049,2010-05-25 12:03:00,2,2008.55,165,6.497916666666667,1,0,2010-06-01T00:00:00,2009-12-03T00:00:00,2010-08-30T00:00:00
14051,2010-03-22 08:41:00,6,2980.02,46,70.63819444444445,1,0,2010-06-01T00:00:00,2009-12-03T00:00:00,2010-08-30T00:00:00
14055,2010-05-11 10:24:00,2,795.3199999999999,23,20.566666666666666,0,1,2010-06-01T00:00:00,2009-12-03T00:00:00,2010-08-30T00:00:00
14057,2010-04-13 11:38:00,2,765.84,80,48.515277777777776,1,0,2010-06-01T00:00:00,2009-12-03T00:00:00,2010-08-30T00:00:00
14060,2010-05-25 13:44:00,3,312.2,11,6.427777777777778,1,0,2010-06-01T00:00:00,2009-12-03T00:00:00,2010-08-30T00:00:00
14061,2009-12-15 17:56:00,1,179.0,7,167.25277777777777,1,0,2010-06-01T00:00:00,2009-12-03T00:00:00,2010-08-30T00:00:00
14062,2010-05-12 12:52:00,5,6526.13,104,19.46388888888889,1,0,2010-06-01T00:00:00,2009-12-03T00:00:00,2010-08-30T00:00:00
14063,2010-01-22 11:28:00,7,9471.5,38,129.5222222222222,0,1,2010-06-01T00:00:00,2009-12-03T00:00:00,2010-08-30T00:00:00
14064,2010-05-13 13:11:00,4,967.13,84,18.450694444444444,1,0,2010-06-01T00:00:00,2009-12-03T00:00:00,2010-08-30T00:00:00
14068,2010-04-15 14:28:00,3,1250.8700000000001,84,46.397222222222226,0,1,2010-06-01T00:00:00,2009-12-03T00:00:00,2010-08-30T00:00:00
14069,2010-05-27 12:30:00,1,115.37,24,4.479166666666667,1,0,2010-06-01T00:00:00,2009-12-03T00:00:00,2010-08-30T00:00:00
14070,2010-01-24 12:27:00,1,321.6,41,127.48125,0,1,2010-06-01T00:00:00,2009-12-03T00:00:00,2010-08-30T00:00:00
14072,2010-02-11 12:31:00,1,390.85,19,109.47847222222222,0,1,2010-06-01T00:00:00,2009-12-03T00:00:00,2010-08-30T00:00:00
14074,2010-03-26 13:55:00,1,219.4,6,66.42013888888889,0,1,2010-06-01T00:00:00,2009-12-03T00:00:00,2010-08-30T00:00:00
14078,2010-05-17 15:27:00,2,395.19,65,14.35625,1,0,2010-06-01T00:00:00,2009-12-03T00:00:00,2010-08-30T00:00:00
14079,2010-01-26 17:19:00,1,243.63,1,125.27847222222222,0,1,2010-06-01T00:00:00,2009-12-03T00:00:00,2010-08-30T00:00:00
14080,2010-03-21 11:32:00,2,459.78000000000003,31,71.51944444444445,0,1,2010-06-01T00:00:00,2009-12-03T00:00:00,2010-08-30T00:00:00
14081,2010-04-20 17:25:00,7,3039.46,554,41.27430555555556,0,1,2010-06-01T00:00:00,2009-12-03T00:00:00,2010-08-30T00:00:00
14083,2009-12-18 11:34:00,1,64.17,7,164.51805555555555,1,0,2010-06-01T00:00:00,2009-12-03T00:00:00,2010-08-30T00:00:00
14085,2010-03-25 14:43:00,7,2627.32,288,67.38680555555555,1,0,2010-06-01T00:00:00,2009-12-03T00:00:00,2010-08-30T00:00:00
14087,2009-12-04 15:27:00,1,235.44,64,178.35625,0,1,2010-06-01T00:00:00,2009-12-03T00:00:00,2010-08-30T00:00:00
14091,2010-02-23 15:17:00,2,9530.08,13,97.36319444444445,0,1,2010-06-01T00:00:00,2009-12-03T00:00:00,2010-08-30T00:00:00
14092,2010-05-24 13:48:00,5,1283.31,67,7.425,1,0,2010-06-01T00:00:00,2009-12-03T00:00:00,2010-08-30T00:00:00
14095,2009-12-17 12:49:00,1,2.95,1,165.46597222222223,0,1,2010-06-01T00:00:00,2009-12-03T00:00:00,2010-08-30T00:00:00
14097,2010-03-04 10:46:00,1,132.0,13,88.5513888888889,1,0,2010-06-01T00:00:00,2009-12-03T00:00:00,2010-08-30T00:00:00
14099,2010-04-15 15:57:00,3,1014.69,104,46.33541666666667,1,0,2010-06-01T00:00:00,2009-12-03T00:00:00,2010-08-30T00:00:00
14101,2010-05-20 13:28:00,2,1166.44,24,11.438888888888888,1,0,2010-06-01T00:00:00,2009-12-03T00:00:00,2010-08-30T00:00:00
14104,2010-05-28 16:11:00,1,158.47,33,3.3256944444444443,1,0,2010-06-01T00:00:00,2009-12-03T00:00:00,2010-08-30T00:00:00
14105,2010-04-08 13:32:00,2,2090.35,79,53.43611111111111,0,1,2010-06-01T00:00:00,2009-12-03T00:00:00,2010-08-30T00:00:00
14107,2010-05-09 14:14:00,2,962.62,53,22.406944444444445,1,0,2010-06-01T00:00:00,2009-12-03T00:00:00,2010-08-30T00:00:00
14108,2009-12-08 15:25:00,1,194.75,8,174.35763888888889,0,1,2010-06-01T00:00:00,2009-12-03T00:00:00,2010-08-30T00:00:00
14110,2010-05-25 14:33:00,11,3703.2400000000002,142,6.39375,1,0,2010-06-01T00:00:00,2009-12-03T00:00:00,2010-08-30T00:00:00
14112,2010-05-26 12:03:00,3,1684.82,108,5.497916666666667,1,0,2010-06-01T00:00:00,2009-12-03T00:00:00,2010-08-30T00:00:00
14113,2010-05-27 11:22:00,6,2402.8900000000003,56,4.526388888888889,1,0,2010-06-01T00:00:00,2009-12-03T00:00:00,2010-08-30T00:00:00
14114,2010-04-12 11:07:00,1,313.75,20,49.53680555555555,1,0,2010-06-01T00:00:00,2009-12-03T00:00:00,2010-08-30T00:00:00
14115,2010-02-11 11:44:00,1,117.8,2,109.5111111111111,1,0,2010-06-01T00:00:00,2009-12-03T00:00:00,2010-08-30T00:00:00
14119,2009-12-21 14:52:00,1,66.47999999999999,3,161.38055555555556,0,1,2010-06-01T00:00:00,2009-12-03T00:00:00,2010-08-30T00:00:00
14122,2009-12-11 10:37:00,1,41.89,2,171.5576388888889,0,1,2010-06-01T00:00:00,2009-12-03T00:00:00,2010-08-30T00:00:00
14123,2009-12-06 15:35:00,1,436.18,24,176.35069444444446,0,1,2010-06-01T00:00:00,2009-12-03T00:00:00,2010-08-30T00:00:00
14129,2010-05-09 14:54:00,1,409.92,22,22.379166666666666,1,0,2010-06-01T00:00:00,2009-12-03T00:00:00,2010-08-30T00:00:00
14130,2009-12-11 16:33:00,1,339.87,62,171.31041666666667,0,1,2010-06-01T00:00:00,2009-12-03T00:00:00,2010-08-30T00:00:00
14131,2010-03-01 11:59:00,1,168.22,46,91.50069444444445,0,1,2010-06-01T00:00:00,2009-12-03T00:00:00,2010-08-30T00:00:00
14133,2009-12-06 12:10:00,1,305.5,8,176.49305555555554,0,1,2010-06-01T00:00:00,2009-12-03T00:00:00,2010-08-30T00:00:00
14134,2010-05-17 13:49:00,8,4943.5,87,14.424305555555556,1,0,2010-06-01T00:00:00,2009-12-03T00:00:00,2010-08-30T00:00:00
14135,2010-03-04 13:53:00,2,1201.98,29,88.42152777777778,1,0,2010-06-01T00:00:00,2009-12-03T00:00:00,2010-08-30T00:00:00
14136,2010-03-05 12:42:00,3,909.23,61,87.47083333333333,1,0,2010-06-01T00:00:00,2009-12-03T00:00:00,2010-08-30T00:00:00
14137,2010-01-13 12:30:00,1,332.7,11,138.47916666666666,0,1,2010-06-01T00:00:00,2009-12-03T00:00:00,2010-08-30T00:00:00
14142,2010-03-03 15:13:00,1,359.53000000000003,22,89.36597222222223,0,1,2010-06-01T00:00:00,2009-12-03T00:00:00,2010-08-30T00:00:00
14145,2010-04-08 09:47:00,1,1383.6,5,53.59236111111111,1,0,2010-06-01T00:00:00,2009-12-03T00:00:00,2010-08-30T00:00:00
14146,2010-03-16 11:54:00,4,1433.6100000000001,84,76.50416666666666,0,1,2010-06-01T00:00:00,2009-12-03T00:00:00,2010-08-30T00:00:00
14147,2010-05-18 11:32:00,3,1372.6,11,13.519444444444444,0,1,2010-06-01T00:00:00,2009-12-03T00:00:00,2010-08-30T00:00:00
14151,2010-02-04 15:35:00,2,679.45,44,116.35069444444444,0,1,2010-06-01T00:00:00,2009-12-03T00:00:00,2010-08-30T00:00:00
14152,2010-02-18 13:57:00,1,301.31,21,102.41875,1,0,2010-06-01T00:00:00,2009-12-03T00:00:00,2010-08-30T00:00:00
14154,2010-01-13 12:47:00,1,530.34,38,138.4673611111111,1,0,2010-06-01T00:00:00,2009-12-03T00:00:00,2010-08-30T00:00:00
14156,2010-05-21 08:21:00,45,103713.8,1262,10.652083333333334,1,0,2010-06-01T00:00:00,2009-12-03T00:00:00,2010-08-30T00:00:00
14157,2010-03-03 16:49:00,1,152.85,9,89.29930555555555,0,1,2010-06-01T00:00:00,2009-12-03T00:00:00,2010-08-30T00:00:00
14159,2010-03-19 11:05:00,4,1161.63,242,73.53819444444444,1,0,2010-06-01T00:00:00,2009-12-03T00:00:00,2010-08-30T00:00:00
14160,2010-04-08 14:30:00,7,8421.47,107,53.395833333333336,0,1,2010-06-01T00:00:00,2009-12-03T00:00:00,2010-08-30T00:00:00
14161,2010-03-14 12:37:00,2,933.7,94,78.47430555555556,1,0,2010-06-01T00:00:00,2009-12-03T00:00:00,2010-08-30T00:00:00
14166,2010-03-23 15:10:00,1,110.0,28,69.36805555555556,1,0,2010-06-01T00:00:00,2009-12-03T00:00:00,2010-08-30T00:00:00
14167,2010-03-25 15:00:00,2,324.3,28,67.375,1,0,2010-06-01T00:00:00,2009-12-03T00:00:00,2010-08-30T00:00:00
14168,2010-05-24 12:28:00,1,302.95,11,7.480555555555555,0,1,2010-06-01T00:00:00,2009-12-03T00:00:00,2010-08-30T00:00:00
14171,2009-12-09 13:50:00,1,135.0,6,173.42361111111111,0,1,2010-06-01T00:00:00,2009-12-03T00:00:00,2010-08-30T00:00:00
14172,2010-04-13 13:26:00,3,369.02,44,48.44027777777778,0,1,2010-06-01T00:00:00,2009-12-03T00:00:00,2010-08-30T00:00:00
14173,2010-03-08 13:24:00,2,135.16,4,84.44166666666666,0,1,2010-06-01T00:00:00,2009-12-03T00:00:00,2010-08-30T00:00:00
14175,2010-05-05 09:43:00,2,1772.27,88,26.59513888888889,1,0,2010-06-01T00:00:00,2009-12-03T00:00:00,2010-08-30T00:00:00
14177,2010-05-09 12:44:00,6,727.3,75,22.469444444444445,0,1,2010-06-01T00:00:00,2009-12-03T00:00:00,2010-08-30T00:00:00
14181,2010-05-26 12:32:00,1,213.9,47,5.477777777777778,0,1,2010-06-01T00:00:00,2009-12-03T00:00:00,2010-08-30T00:00:00
14182,2010-04-22 15:36:00,1,157.3,10,39.35,1,0,2010-06-01T00:00:00,2009-12-03T00:00:00,2010-08-30T00:00:00
14186,2010-05-26 12:39:00,3,984.09,65,5.472916666666666,1,0,2010-06-01T00:00:00,2009-12-03T00:00:00,2010-08-30T00:00:00
14190,2010-02-11 14:27:00,1,79.9,1,109.39791666666666,0,1,2010-06-01T00:00:00,2009-12-03T00:00:00,2010-08-30T00:00:00
14191,2009-12-11 10:48:00,1,15.9,1,171.55,0,1,2010-06-01T00:00:00,2009-12-03T00:00:00,2010-08-30T00:00:00
14194,2010-05-30 15:19:00,7,3723.73,185,1.3618055555555555,1,0,2010-06-01T00:00:00,2009-12-03T00:00:00,2010-08-30T00:00:00
14195,2010-05-07 12:44:00,3,1215.4,7,24.469444444444445,0,1,2010-06-01T00:00:00,2009-12-03T00:00:00,2010-08-30T00:00:00
14198,2010-02-17 11:05:00,2,282.89,18,103.53819444444444,1,0,2010-06-01T00:00:00,2009-12-03T00:00:00,2010-08-30T00:00:00
14200,2010-04-01 13:01:00,1,379.2,21,60.45763888888889,0,1,2010-06-01T00:00:00,2009-12-03T00:00:00,2010-08-30T00:00:00
14201,2010-05-18 12:59:00,2,283.95,10,13.459027777777777,0,1,2010-06-01T00:00:00,2009-12-03T00:00:00,2010-08-30T00:00:00
14202,2010-03-25 10:36:00,1,241.20000000000002,8,67.55833333333334,1,0,2010-06-01T00:00:00,2009-12-03T00:00:00,2010-08-30T00:00:00
14205,2010-05-05 14:43:00,2,564.1999999999999,28,26.386805555555554,1,0,2010-06-01T00:00:00,2009-12-03T00:00:00,2010-08-30T00:00:00
14207,2010-01-21 09:33:00,1,157.8,2,130.60208333333333,0,1,2010-06-01T00:00:00,2009-12-03T00:00:00,2010-08-30T00:00:00
14209,2010-04-22 13:29:00,3,858.15,47,39.43819444444444,1,0,2010-06-01T00:00:00,2009-12-03T00:00:00,2010-08-30T00:00:00
14210,2010-05-19 13:21:00,4,1850.6200000000001,100,12.44375,1,0,2010-06-01T00:00:00,2009-12-03T00:00:00,2010-08-30T00:00:00
14211,2010-04-27 14:56:00,3,813.46,51,34.37777777777778,1,0,2010-06-01T00:00:00,2009-12-03T00:00:00,2010-08-30T00:00:00
14215,2010-01-21 08:22:00,2,1259.1100000000001,64,130.6513888888889,1,0,2010-06-01T00:00:00,2009-12-03T00:00:00,2010-08-30T00:00:00
14220,2010-05-21 13:29:00,2,882.5999999999999,17,10.438194444444445,0,1,2010-06-01T00:00:00,2009-12-03T00:00:00,2010-08-30T00:00:00
14221,2010-05-09 13:50:00,2,1112.8500000000001,48,22.42361111111111,1,0,2010-06-01T00:00:00,2009-12-03T00:00:00,2010-08-30T00:00:00
14225,2010-05-18 17:25:00,2,1241.51,51,13.274305555555555,1,0,2010-06-01T00:00:00,2009-12-03T00:00:00,2010-08-30T00:00:00
14227,2010-02-08 09:38:00,1,438.03,31,112.59861111111111,1,0,2010-06-01T00:00:00,2009-12-03T00:00:00,2010-08-30T00:00:00
14233,2010-04-28 14:02:00,2,1037.2,25,33.415277777777774,0,1,2010-06-01T00:00:00,2009-12-03T00:00:00,2010-08-30T00:00:00
14235,2010-05-19 11:59:00,2,1067.66,49,12.500694444444445,1,0,2010-06-01T00:00:00,2009-12-03T00:00:00,2010-08-30T00:00:00
14237,2010-04-28 10:04:00,1,310.14,17,33.580555555555556,0,1,2010-06-01T00:00:00,2009-12-03T00:00:00,2010-08-30T00:00:00
14238,2010-02-15 11:39:00,2,287.38,5,105.51458333333333,0,1,2010-06-01T00:00:00,2009-12-03T00:00:00,2010-08-30T00:00:00
14239,2010-05-10 10:49:00,7,1150.41,60,21.549305555555556,1,0,2010-06-01T00:00:00,2009-12-03T00:00:00,2010-08-30T00:00:00
14241,2010-01-12 15:11:00,1,120.0,2,139.3673611111111,0,1,2010-06-01T00:00:00,2009-12-03T00:00:00,2010-08-30T00:00:00
14244,2010-02-17 11:40:00,1,366.41999999999996,16,103.51388888888889,0,1,2010-06-01T00:00:00,2009-12-03T00:00:00,2010-08-30T00:00:00
14249,2010-05-23 13:07:00,7,3002.781,185,8.453472222222222,1,0,2010-06-01T00:00:00,2009-12-03T00:00:00,2010-08-30T00:00:00
14253,2010-03-26 15:08:00,1,205.35000000000002,6,66.36944444444444,1,0,2010-06-01T00:00:00,2009-12-03T00:00:00,2010-08-30T00:00:00
14256,2010-01-14 10:35:00,1,940.3000000000001,54,137.55902777777777,1,0,2010-06-01T00:00:00,2009-12-03T00:00:00,2010-08-30T00:00:00
14257,2010-03-01 15:36:00,1,1189.34,61,91.35,1,0,2010-06-01T00:00:00,2009-12-03T00:00:00,2010-08-30T00:00:00
14258,2010-05-21 09:27:00,8,10585.16,105,10.60625,1,0,2010-06-01T00:00:00,2009-12-03T00:00:00,2010-08-30T00:00:00
14264,2010-05-16 13:23:00,2,666.84,38,15.442361111111111,0,1,2010-06-01T00:00:00,2009-12-03T00:00:00,2010-08-30T00:00:00
14265,2010-04-06 14:39:00,1,252.52,14,55.389583333333334,0,1,2010-06-01T00:00:00,2009-12-03T00:00:00,2010-08-30T00:00:00
14272,2010-05-26 09:49:00,2,482.85,31,5.590972222222222,0,1,2010-06-01T00:00:00,2009-12-03T00:00:00,2010-08-30T00:00:00
14274,2010-01-22 12:51:00,1,256.6,15,129.46458333333334,0,1,2010-06-01T00:00:00,2009-12-03T00:00:00,2010-08-30T00:00:00
14275,2010-04-29 10:24:00,2,259.2,6,32.56666666666667,1,0,2010-06-01T00:00:00,2009-12-03T00:00:00,2010-08-30T00:00:00
14276,2010-02-17 13:10:00,1,307.89,21,103.45138888888889,1,0,2010-06-01T00:00:00,2009-12-03T00:00:00,2010-08-30T00:00:00
14277,2010-05-10 09:47:00,3,739.39,31,21.59236111111111,1,0,2010-06-01T00:00:00,2009-12-03T00:00:00,2010-08-30T00:00:00
14279,2010-01-27 16:34:00,1,110.5,2,124.30972222222222,1,0,2010-06-01T00:00:00,2009-12-03T00:00:00,2010-08-30T00:00:00
14282,2010-04-29 16:45:00,2,1475.9,20,32.302083333333336,1,0,2010-06-01T00:00:00,2009-12-03T00:00:00,2010-08-30T00:00:00
14283,2010-05-19 12:22:00,1,233.04999999999998,14,12.484722222222222,1,0,2010-06-01T00:00:00,2009-12-03T00:00:00,2010-08-30T00:00:00
14284,2010-02-24 12:06:00,1,704.4,35,96.49583333333334,0,1,2010-06-01T00:00:00,2009-12-03T00:00:00,2010-08-30T00:00:00
14285,2010-05-26 14:54:00,3,631.55,12,5.379166666666666,1,0,2010-06-01T00:00:00,2009-12-03T00:00:00,2010-08-30T00:00:00
14286,2010-03-10 10:51:00,3,2613.02,134,82.54791666666667,0,1,2010-06-01T00:00:00,2009-12-03T00:00:00,2010-08-30T00:00:00
14290,2010-03-08 10:49:00,2,1385.1100000000001,41,84.54930555555555,0,1,2010-06-01T00:00:00,2009-12-03T00:00:00,2010-08-30T00:00:00
14291,2010-05-20 12:27:00,4,2059.82,130,11.48125,1,0,2010-06-01T00:00:00,2009-12-03T00:00:00,2010-08-30T00:00:00
14292,2010-04-29 14:16:00,2,1101.03,45,32.40555555555556,1,0,2010-06-01T00:00:00,2009-12-03T00:00:00,2010-08-30T00:00:00
14293,2010-01-21 15:02:00,3,1259.35,34,130.3736111111111,0,1,2010-06-01T00:00:00,2009-12-03T00:00:00,2010-08-30T00:00:00
14295,2009-12-09 13:06:00,2,598.85,18,173.45416666666668,1,0,2010-06-01T00:00:00,2009-12-03T00:00:00,2010-08-30T00:00:00
14296,2010-05-14 14:34:00,1,168.25,11,17.393055555555556,0,1,2010-06-01T00:00:00,2009-12-03T00:00:00,2010-08-30T00:00:00
14298,2010-05-10 14:47:00,15,17912.73,591,21.384027777777778,1,0,2010-06-01T00:00:00,2009-12-03T00:00:00,2010-08-30T00:00:00
14299,2010-05-21 14:39:00,9,2957.57,82,10.389583333333333,1,0,2010-06-01T00:00:00,2009-12-03T00:00:00,2010-08-30T00:00:00
14301,2010-05-16 13:22:00,2,928.62,30,15.443055555555556,0,1,2010-06-01T00:00:00,2009-12-03T00:00:00,2010-08-30T00:00:00
14302,2010-02-15 09:20:00,1,356.65000000000003,19,105.61111111111111,0,1,2010-06-01T00:00:00,2009-12-03T00:00:00,2010-08-30T00:00:00
14304,2010-05-18 10:50:00,1,671.97,39,13.54861111111111,0,1,2010-06-01T00:00:00,2009-12-03T00:00:00,2010-08-30T00:00:00
14306,2010-01-31 13:42:00,1,302.08,10,120.42916666666666,1,0,2010-06-01T00:00:00,2009-12-03T00:00:00,2010-08-30T00:00:00
14307,2010-03-22 16:04:00,3,1036.76,66,70.33055555555555,1,0,2010-06-01T00:00:00,2009-12-03T00:00:00,2010-08-30T00:00:00
14311,2010-05-21 10:28:00,1,206.19,11,10.563888888888888,0,1,2010-06-01T00:00:00,2009-12-03T00:00:00,2010-08-30T00:00:00
14315,2010-05-24 13:56:00,2,716.69,32,7.419444444444444,0,1,2010-06-01T00:00:00,2009-12-03T00:00:00,2010-08-30T00:00:00
14316,2010-05-07 08:50:00,2,749.6999999999999,16,24.631944444444443,1,0,2010-06-01T00:00:00,2009-12-03T00:00:00,2010-08-30T00:00:00
14320,2010-02-16 12:22:00,2,562.21,32,104.48472222222222,1,0,2010-06-01T00:00:00,2009-12-03T00:00:00,2010-08-30T00:00:00
14322,2010-03-12 09:15:00,2,153.60000000000002,4,80.61458333333333,0,1,2010-06-01T00:00:00,2009-12-03T00:00:00,2010-08-30T00:00:00
14324,2010-01-15 13:31:00,1,361.81,23,136.43680555555557,0,1,2010-06-01T00:00:00,2009-12-03T00:00:00,2010-08-30T00:00:00
14325,2010-05-19 09:20:00,1,245.48000000000002,18,12.61111111111111,0,1,2010-06-01T00:00:00,2009-12-03T00:00:00,2010-08-30T00:00:00
14327,2010-03-19 14:47:00,3,945.32,56,73.38402777777777,0,1,2010-06-01T00:00:00,2009-12-03T00:00:00,2010-08-30T00:00:00
14329,2010-05-10 09:38:00,4,2236.63,141,21.59861111111111,1,0,2010-06-01T00:00:00,2009-12-03T00:00:00,2010-08-30T00:00:00
14330,2010-03-26 09:10:00,1,200.63,13,66.61805555555556,0,1,2010-06-01T00:00:00,2009-12-03T00:00:00,2010-08-30T00:00:00
14334,2010-05-20 10:04:00,1,476.89000000000004,28,11.580555555555556,1,0,2010-06-01T00:00:00,2009-12-03T00:00:00,2010-08-30T00:00:00
14341,2010-03-24 10:03:00,4,959.79,66,68.58125,1,0,2010-06-01T00:00:00,2009-12-03T00:00:00,2010-08-30T00:00:00
14343,2010-03-15 15:33:00,2,719.39,166,77.35208333333334,1,0,2010-06-01T00:00:00,2009-12-03T00:00:00,2010-08-30T00:00:00
14344,2010-05-11 13:06:00,4,1076.1200000000001,114,20.454166666666666,1,0,2010-06-01T00:00:00,2009-12-03T00:00:00,2010-08-30T00:00:00
14347,2009-12-03 10:49:00,1,82.60000000000001,6,179.54930555555555,0,1,2010-06-01T00:00:00,2009-12-03T00:00:00,2010-08-30T00:00:00
14355,2010-03-22 15:08:00,1,301.14,23,70.36944444444444,0,1,2010-06-01T00:00:00,2009-12-03T00:00:00,2010-08-30T00:00:00
14361,2010-05-10 12:29:00,1,214.71,14,21.479861111111113,0,1,2010-06-01T00:00:00,2009-12-03T00:00:00,2010-08-30T00:00:00
14365,2010-01-27 09:44:00,1,324.5,29,124.59444444444445,0,1,2010-06-01T00:00:00,2009-12-03T00:00:00,2010-08-30T00:00:00
14369,2010-03-07 15:47:00,2,469.13,26,85.34236111111112,0,1,2010-06-01T00:00:00,2009-12-03T00:00:00,2010-08-30T00:00:00
14370,2010-05-06 08:46:00,4,857.5,34,25.634722222222223,1,0,2010-06-01T00:00:00,2009-12-03T00:00:00,2010-08-30T00:00:00
14372,2010-04-19 15:57:00,1,590.35,23,42.33541666666667,0,1,2010-06-01T00:00:00,2009-12-03T00:00:00,2010-08-30T00:00:00
14376,2010-01-25 15:36:00,1,215.46,18,126.35,0,1,2010-06-01T00:00:00,2009-12-03T00:00:00,2010-08-30T00:00:00
14378,2010-03-28 12:22:00,1,131.25,9,64.48472222222222,0,1,2010-06-01T00:00:00,2009-12-03T00:00:00,2010-08-30T00:00:00
14380,2010-01-26 17:11:00,1,48.96,1,125.28402777777778,0,1,2010-06-01T00:00:00,2009-12-03T00:00:00,2010-08-30T00:00:00
14388,2010-04-21 16:28:00,3,1158.07,76,40.31388888888889,1,0,2010-06-01T00:00:00,2009-12-03T00:00:00,2010-08-30T00:00:00
14389,2010-04-28 14:57:00,1,228.4,13,33.37708333333333,1,0,2010-06-01T00:00:00,2009-12-03T00:00:00,2010-08-30T00:00:00
14391,2010-05-12 09:42:00,1,135.6,14,19.595833333333335,0,1,2010-06-01T00:00:00,2009-12-03T00:00:00,2010-08-30T00:00:00
14394,2010-05-24 10:43:00,1,93.8,6,7.553472222222222,0,1,2010-06-01T00:00:00,2009-12-03T00:00:00,2010-08-30T00:00:00
14395,2010-05-28 12:57:00,6,2211.6,236,3.4604166666666667,1,0,2010-06-01T00:00:00,2009-12-03T00:00:00,2010-08-30T00:00:00
14396,2010-02-28 14:34:00,3,632.72,93,92.39305555555555,1,0,2010-06-01T00:00:00,2009-12-03T00:00:00,2010-08-30T00:00:00
14399,2010-05-26 12:49:00,4,1129.08,115,5.465972222222222,1,0,2010-06-01T00:00:00,2009-12-03T00:00:00,2010-08-30T00:00:00
14400,2010-03-18 12:11:00,1,656.25,26,74.49236111111111,0,1,2010-06-01T00:00:00,2009-12-03T00:00:00,2010-08-30T00:00:00
14401,2010-04-26 15:20:00,5,1692.83,52,35.361111111111114,1,0,2010-06-01T00:00:00,2009-12-03T00:00:00,2010-08-30T00:00:00
14402,2010-02-25 13:20:00,1,285.6,8,95.44444444444444,0,1,2010-06-01T00:00:00,2009-12-03T00:00:00,2010-08-30T00:00:00
14403,2010-04-29 08:47:00,2,404.7,5,32.634027777777774,0,1,2010-06-01T00:00:00,2009-12-03T00:00:00,2010-08-30T00:00:00
14404,2010-05-10 10:50:00,6,1114.29,63,21.54861111111111,1,0,2010-06-01T00:00:00,2009-12-03T00:00:00,2010-08-30T00:00:00
14408,2010-05-28 08:55:00,3,1082.28,17,3.6284722222222223,1,0,2010-06-01T00:00:00,2009-12-03T00:00:00,2010-08-30T00:00:00
14409,2010-05-21 16:45:00,1,600.05,28,10.302083333333334,1,0,2010-06-01T00:00:00,2009-12-03T00:00:00,2010-08-30T00:00:00
14413,2010-01-26 16:29:00,2,465.5,10,125.31319444444445,0,1,2010-06-01T00:00:00,2009-12-03T00:00:00,2010-08-30T00:00:00
14415,2010-04-18 13:53:00,3,1783.01,195,43.421527777777776,1,0,2010-06-01T00:00:00,2009-12-03T00:00:00,2010-08-30T00:00:00
14420,2010-01-17 12:41:00,1,400.8,23,134.47152777777777,1,0,2010-06-01T00:00:00,2009-12-03T00:00:00,2010-08-30T00:00:00
14421,2010-01-25 13:21:00,2,1021.5,44,126.44375,1,0,2010-06-01T00:00:00,2009-12-03T00:00:00,2010-08-30T00:00:00
14422,2010-05-25 10:41:00,6,2430.5,137,6.554861111111111,1,0,2010-06-01T00:00:00,2009-12-03T00:00:00,2010-08-30T00:00:00
14423,2010-01-14 11:49:00,1,244.8,1,137.5076388888889,0,1,2010-06-01T00:00:00,2009-12-03T00:00:00,2010-08-30T00:00:00
14425,2009-12-17 11:53:00,1,199.19,12,165.5048611111111,0,1,2010-06-01T00:00:00,2009-12-03T00:00:00,2010-08-30T00:00:00
14426,2010-05-11 10:45:00,2,1478.75,85,20.552083333333332,1,0,2010-06-01T00:00:00,2009-12-03T00:00:00,2010-08-30T00:00:00
14427,2010-03-18 09:49:00,1,595.1,25,74.59097222222222,1,0,2010-06-01T00:00:00,2009-12-03T00:00:00,2010-08-30T00:00:00
14430,2010-04-11 15:59:00,1,635.5000000000001,22,50.33402777777778,1,0,2010-06-01T00:00:00,2009-12-03T00:00:00,2010-08-30T00:00:00
14431,2010-01-21 10:49:00,1,537.25,25,130.54930555555555,0,1,2010-06-01T00:00:00,2009-12-03T00:00:00,2010-08-30T00:00:00
14437,2010-05-05 12:20:00,1,365.48,17,26.48611111111111,1,0,2010-06-01T00:00:00,2009-12-03T00:00:00,2010-08-30T00:00:00
14439,2010-05-21 10:25:00,3,6001.74,89,10.565972222222221,0,1,2010-06-01T00:00:00,2009-12-03T00:00:00,2010-08-30T00:00:00
14440,2010-04-20 14:52:00,3,1158.74,22,41.38055555555555,0,1,2010-06-01T00:00:00,2009-12-03T00:00:00,2010-08-30T00:00:00
14441,2010-04-09 15:04:00,3,887.49,35,52.37222222222222,1,0,2010-06-01T00:00:00,2009-12-03T00:00:00,2010-08-30T00:00:00
14442,2010-05-19 14:22:00,2,1621.55,56,12.401388888888889,0,1,2010-06-01T00:00:00,2009-12-03T00:00:00,2010-08-30T00:00:00
14450,2010-04-08 12:09:00,1,196.08,11,53.49375,0,1,2010-06-01T00:00:00,2009-12-03T00:00:00,2010-08-30T00:00:00
14451,2010-04-25 11:15:00,4,913.75,160,36.53125,1,0,2010-06-01T00:00:00,2009-12-03T00:00:00,2010-08-30T00:00:00
14454,2010-05-30 13:39:00,3,581.35,67,1.43125,0,1,2010-06-01T00:00:00,2009-12-03T00:00:00,2010-08-30T00:00:00
14459,2010-02-26 13:26:00,1,3537.821,76,94.44027777777778,0,1,2010-06-01T00:00:00,2009-12-03T00:00:00,2010-08-30T00:00:00
14460,2010-05-02 10:49:00,3,389.04,19,29.549305555555556,0,1,2010-06-01T00:00:00,2009-12-03T00:00:00,2010-08-30T00:00:00
14461,2010-05-06 12:29:00,3,1302.8600000000001,143,25.479861111111113,1,0,2010-06-01T00:00:00,2009-12-03T00:00:00,2010-08-30T00:00:00
14464,2010-05-20 18:00:00,2,111.0,4,11.25,0,1,2010-06-01T00:00:00,2009-12-03T00:00:00,2010-08-30T00:00:00
14465,2010-04-26 17:16:00,5,1853.46,49,35.28055555555556,1,0,2010-06-01T00:00:00,2009-12-03T00:00:00,2010-08-30T00:00:00
14466,2010-02-28 10:25:00,4,892.3,70,92.56597222222223,1,0,2010-06-01T00:00:00,2009-12-03T00:00:00,2010-08-30T00:00:00
14467,2010-04-30 13:30:00,2,252.8,48,31.4375,1,0,2010-06-01T00:00:00,2009-12-03T00:00:00,2010-08-30T00:00:00
14468,2009-12-06 12:21:00,1,204.24,12,176.48541666666668,0,1,2010-06-01T00:00:00,2009-12-03T00:00:00,2010-08-30T00:00:00
14469,2010-03-30 10:55:00,2,1123.77,65,62.545138888888886,1,0,2010-06-01T00:00:00,2009-12-03T00:00:00,2010-08-30T00:00:00
14471,2010-04-27 17:12:00,2,400.95,41,34.28333333333333,0,1,2010-06-01T00:00:00,2009-12-03T00:00:00,2010-08-30T00:00:00
14472,2010-01-19 13:09:00,1,266.05,44,132.45208333333332,0,1,2010-06-01T00:00:00,2009-12-03T00:00:00,2010-08-30T00:00:00
14474,2010-05-09 12:12:00,1,711.23,98,22.491666666666667,0,1,2010-06-01T00:00:00,2009-12-03T00:00:00,2010-08-30T00:00:00
14477,2010-01-04 15:41:00,1,165.0,1,147.34652777777777,1,0,2010-06-01T00:00:00,2009-12-03T00:00:00,2010-08-30T00:00:00
14478,2010-01-26 13:06:00,1,296.4,14,125.45416666666667,1,0,2010-06-01T00:00:00,2009-12-03T00:00:00,2010-08-30T00:00:00
14479,2009-12-06 13:48:00,1,355.13,33,176.425,0,1,2010-06-01T00:00:00,2009-12-03T00:00:00,2010-08-30T00:00:00
14480,2009-12-21 16:32:00,1,303.85,17,161.3111111111111,0,1,2010-06-01T00:00:00,2009-12-03T00:00:00,2010-08-30T00:00:00
14481,2010-04-06 11:17:00,2,878.4,74,55.52986111111111,0,1,2010-06-01T00:00:00,2009-12-03T00:00:00,2010-08-30T00:00:00
14483,2009-12-03 10:16:00,1,120.0,4,179.57222222222222,0,1,2010-06-01T00:00:00,2009-12-03T00:00:00,2010-08-30T00:00:00
14484,2010-03-12 10:30:00,2,528.6800000000001,25,80.5625,0,1,2010-06-01T00:00:00,2009-12-03T00:00:00,2010-08-30T00:00:00
14489,2010-04-06 09:52:00,1,450.85,30,55.58888888888889,1,0,2010-06-01T00:00:00,2009-12-03T00:00:00,2010-08-30T00:00:00
14492,2010-03-30 14:23:00,1,214.11,14,62.40069444444445,1,0,2010-06-01T00:00:00,2009-12-03T00:00:00,2010-08-30T00:00:00
14493,2010-04-26 10:31:00,2,859.4499999999999,51,35.56180555555556,1,0,2010-06-01T00:00:00,2009-12-03T00:00:00,2010-08-30T00:00:00
14494,2009-12-08 13:25:00,1,114.3,1,174.44097222222223,0,1,2010-06-01T00:00:00,2009-12-03T00:00:00,2010-08-30T00:00:00
14495,2010-02-18 08:49:00,1,51.0,1,102.63263888888889,0,1,2010-06-01T00:00:00,2009-12-03T00:00:00,2010-08-30T00:00:00
14496,2010-05-09 14:00:00,2,1031.74,47,22.416666666666668,0,1,2010-06-01T00:00:00,2009-12-03T00:00:00,2010-08-30T00:00:00
14497,2010-02-04 09:59:00,1,221.69,11,116.58402777777778,0,1,2010-06-01T00:00:00,2009-12-03T00:00:00,2010-08-30T00:00:00
14505,2010-05-23 12:56:00,7,2833.03,373,8.46111111111111,1,0,2010-06-01T00:00:00,2009-12-03T00:00:00,2010-08-30T00:00:00
14506,2010-04-19 08:27:00,1,391.5,12,42.64791666666667,0,1,2010-06-01T00:00:00,2009-12-03T00:00:00,2010-08-30T00:00:00
14507,2010-02-28 12:16:00,2,392.9,31,92.4888888888889,0,1,2010-06-01T00:00:00,2009-12-03T00:00:00,2010-08-30T00:00:00
14512,2010-05-10 12:54:00,3,426.35,30,21.4625,1,0,2010-06-01T00:00:00,2009-12-03T00:00:00,2010-08-30T00:00:00
14513,2010-05-20 17:57:00,1,271.46000000000004,5,11.252083333333333,0,1,2010-06-01T00:00:00,2009-12-03T00:00:00,2010-08-30T00:00:00
14514,2010-04-07 13:54:00,3,1584.44,108,54.420833333333334,1,0,2010-06-01T00:00:00,2009-12-03T00:00:00,2010-08-30T00:00:00
14519,2010-01-25 11:18:00,2,203.14,38,126.52916666666667,0,1,2010-06-01T00:00:00,2009-12-03T00:00:00,2010-08-30T00:00:00
14522,2010-04-23 10:45:00,4,773.88,28,38.552083333333336,0,1,2010-06-01T00:00:00,2009-12-03T00:00:00,2010-08-30T00:00:00
14525,2010-05-21 17:11:00,5,1702.59,95,10.284027777777778,1,0,2010-06-01T00:00:00,2009-12-03T00:00:00,2010-08-30T00:00:00
14527,2010-05-27 11:34:00,38,14101.9,1126,4.518055555555556,1,0,2010-06-01T00:00:00,2009-12-03T00:00:00,2010-08-30T00:00:00
14530,2010-05-28 12:37:00,5,1203.47,122,3.4743055555555555,1,0,2010-06-01T00:00:00,2009-12-03T00:00:00,2010-08-30T00:00:00
14532,2010-04-18 12:33:00,4,1779.22,168,43.47708333333333,1,0,2010-06-01T00:00:00,2009-12-03T00:00:00,2010-08-30T00:00:00
14533,2010-05-10 15:12:00,2,789.7099999999999,17,21.366666666666667,1,0,2010-06-01T00:00:00,2009-12-03T00:00:00,2010-08-30T00:00:00
14534,2010-03-15 14:16:00,1,371.7,23,77.40555555555555,1,0,2010-06-01T00:00:00,2009-12-03T00:00:00,2010-08-30T00:00:00
14535,2010-05-07 14:02:00,3,1948.08,315,24.415277777777778,1,0,2010-06-01T00:00:00,2009-12-03T00:00:00,2010-08-30T00:00:00
14537,2010-03-26 13:44:00,1,285.84,13,66.42777777777778,0,1,2010-06-01T00:00:00,2009-12-03T00:00:00,2010-08-30T00:00:00
14538,2010-01-25 15:42:00,1,452.6,15,126.34583333333333,1,0,2010-06-01T00:00:00,2009-12-03T00:00:00,2010-08-30T00:00:00
14540,2010-02-01 15:23:00,4,1101.81,126,119.35902777777778,1,0,2010-06-01T00:00:00,2009-12-03T00:00:00,2010-08-30T00:00:00
14541,2010-04-23 15:13:00,4,634.58,55,38.365972222222226,1,0,2010-06-01T00:00:00,2009-12-03T00:00:00,2010-08-30T00:00:00
14543,2010-05-28 08:47:00,8,4983.45,67,3.634027777777778,1,0,2010-06-01T00:00:00,2009-12-03T00:00:00,2010-08-30T00:00:00
14545,2010-02-03 15:23:00,1,349.25,23,117.35902777777778,0,1,2010-06-01T00:00:00,2009-12-03T00:00:00,2010-08-30T00:00:00
14546,2010-05-30 11:28:00,3,1433.28,209,1.5222222222222221,1,0,2010-06-01T00:00:00,2009-12-03T00:00:00,2010-08-30T00:00:00
14548,2010-05-18 11:34:00,6,1562.09,105,13.518055555555556,1,0,2010-06-01T00:00:00,2009-12-03T00:00:00,2010-08-30T00:00:00
14549,2010-04-25 11:43:00,1,194.09,27,36.511805555555554,0,1,2010-06-01T00:00:00,2009-12-03T00:00:00,2010-08-30T00:00:00
14551,2010-01-27 12:06:00,1,148.85,6,124.49583333333334,1,0,2010-06-01T00:00:00,2009-12-03T00:00:00,2010-08-30T00:00:00
14552,2010-04-26 13:44:00,1,173.72,57,35.42777777777778,0,1,2010-06-01T00:00:00,2009-12-03T00:00:00,2010-08-30T00:00:00
14555,2010-05-18 13:04:00,2,750.04,33,13.455555555555556,1,0,2010-06-01T00:00:00,2009-12-03T00:00:00,2010-08-30T00:00:00
14556,2010-04-22 14:57:00,3,815.69,196,39.37708333333333,0,1,2010-06-01T00:00:00,2009-12-03T00:00:00,2010-08-30T00:00:00
14558,2010-02-23 12:51:00,3,655.5,15,97.46458333333334,0,1,2010-06-01T00:00:00,2009-12-03T00:00:00,2010-08-30T00:00:00
14560,2010-05-23 16:02:00,12,2588.5299999999997,74,8.331944444444444,1,0,2010-06-01T00:00:00,2009-12-03T00:00:00,2010-08-30T00:00:00
14562,2010-04-08 14:42:00,4,637.62,93,53.3875,1,0,2010-06-01T00:00:00,2009-12-03T00:00:00,2010-08-30T00:00:00
14563,2010-04-26 12:51:00,1,493.39,85,35.46458333333333,1,0,2010-06-01T00:00:00,2009-12-03T00:00:00,2010-08-30T00:00:00
14564,2009-12-04 09:27:00,1,989.1800000000001,39,178.60625,0,1,2010-06-01T00:00:00,2009-12-03T00:00:00,2010-08-30T00:00:00
14569,2010-04-15 11:49:00,1,181.8,14,46.50763888888889,1,0,2010-06-01T00:00:00,2009-12-03T00:00:00,2010-08-30T00:00:00
14572,2010-05-30 14:39:00,2,986.25,82,1.3895833333333334,0,1,2010-06-01T00:00:00,2009-12-03T00:00:00,2010-08-30T00:00:00
14573,2010-01-08 16:34:00,1,236.8,28,143.30972222222223,1,0,2010-06-01T00:00:00,2009-12-03T00:00:00,2010-08-30T00:00:00
14574,2009-12-07 12:42:00,1,143.70000000000002,11,175.47083333333333,0,1,2010-06-01T00:00:00,2009-12-03T00:00:00,2010-08-30T00:00:00
14577,2010-01-27 12:11:00,2,320.79,37,124.49236111111111,0,1,2010-06-01T00:00:00,2009-12-03T00:00:00,2010-08-30T00:00:00
14583,2010-03-28 15:16:00,1,238.93,55,64.3638888888889,1,0,2010-06-01T00:00:00,2009-12-03T00:00:00,2010-08-30T00:00:00
14584,2010-03-19 16:24:00,2,392.65999999999997,74,73.31666666666666,1,0,2010-06-01T00:00:00,2009-12-03T00:00:00,2010-08-30T00:00:00
14588,2010-05-10 15:08:00,1,135.39,16,21.369444444444444,0,1,2010-06-01T00:00:00,2009-12-03T00:00:00,2010-08-30T00:00:00
14590,2010-05-10 14:23:00,13,2021.77,128,21.400694444444444,1,0,2010-06-01T00:00:00,2009-12-03T00:00:00,2010-08-30T00:00:00
14593,2010-03-03 11:51:00,5,1190.05,194,89.50625,1,0,2010-06-01T00:00:00,2009-12-03T00:00:00,2010-08-30T00:00:00
14595,2010-01-20 13:59:00,1,202.35,20,131.41736111111112,0,1,2010-06-01T00:00:00,2009-12-03T00:00:00,2010-08-30T00:00:00
14596,2010-03-23 12:13:00,1,222.22,53,69.49097222222223,0,1,2010-06-01T00:00:00,2009-12-03T00:00:00,2010-08-30T00:00:00
14598,2010-05-19 13:07:00,1,162.07,40,12.453472222222222,0,1,2010-06-01T00:00:00,2009-12-03T00:00:00,2010-08-30T00:00:00
14602,2010-02-21 15:47:00,1,205.35999999999999,31,99.34236111111112,0,1,2010-06-01T00:00:00,2009-12-03T00:00:00,2010-08-30T00:00:00
14604,2010-03-16 13:00:00,1,143.85999999999999,23,76.45833333333333,0,1,2010-06-01T00:00:00,2009-12-03T00:00:00,2010-08-30T00:00:00
14605,2010-04-21 15:24:00,3,574.36,72,40.358333333333334,0,1,2010-06-01T00:00:00,2009-12-03T00:00:00,2010-08-30T00:00:00
14606,2010-05-30 15:27:00,46,8891.91,2025,1.35625,1,0,2010-06-01T00:00:00,2009-12-03T00:00:00,2010-08-30T00:00:00
14607,2010-05-21 16:37:00,6,7020.43,110,10.307638888888889,1,0,2010-06-01T00:00:00,2009-12-03T00:00:00,2010-08-30T00:00:00
14608,2010-05-24 11:03:00,3,650.39,9,7.539583333333334,1,0,2010-06-01T00:00:00,2009-12-03T00:00:00,2010-08-30T00:00:00
14609,2010-05-05 08:58:00,2,168.48000000000002,2,26.62638888888889,1,0,2010-06-01T00:00:00,2009-12-03T00:00:00,2010-08-30T00:00:00
14611,2010-04-20 10:19:00,1,291.4,19,41.57013888888889,0,1,2010-06-01T00:00:00,2009-12-03T00:00:00,2010-08-30T00:00:00
14613,2010-01-28 13:02:00,1,76.32000000000001,1,123.45694444444445,0,1,2010-06-01T00:00:00,2009-12-03T00:00:00,2010-08-30T00:00:00
14621,2010-01-25 09:08:00,1,518.35,23,126.61944444444444,1,0,2010-06-01T00:00:00,2009-12-03T00:00:00,2010-08-30T00:00:00
14623,2010-04-23 13:00:00,2,335.78000000000003,93,38.458333333333336,1,0,2010-06-01T00:00:00,2009-12-03T00:00:00,2010-08-30T00:00:00
14624,2010-04-14 10:44:00,1,250.53,15,47.55277777777778,1,0,2010-06-01T00:00:00,2009-12-03T00:00:00,2010-08-30T00:00:00
14625,2010-04-27 08:58:00,3,1368.42,88,34.62638888888889,1,0,2010-06-01T00:00:00,2009-12-03T00:00:00,2010-08-30T00:00:00
14626,2010-05-26 15:55:00,4,1552.55,78,5.336805555555555,1,0,2010-06-01T00:00:00,2009-12-03T00:00:00,2010-08-30T00:00:00
14628,2010-03-08 08:42:00,2,693.73,38,84.6375,0,1,2010-06-01T00:00:00,2009-12-03T00:00:00,2010-08-30T00:00:00
14637,2010-01-31 15:52:00,1,106.68,7,120.33888888888889,0,1,2010-06-01T00:00:00,2009-12-03T00:00:00,2010-08-30T00:00:00
14639,2010-02-16 12:35:00,1,745.47,48,104.47569444444444,1,0,2010-06-01T00:00:00,2009-12-03T00:00:00,2010-08-30T00:00:00
14640,2010-03-25 10:04:00,2,807.1,52,67.58055555555555,1,0,2010-06-01T00:00:00,2009-12-03T00:00:00,2010-08-30T00:00:00
14643,2010-04-01 08:33:00,3,986.08,31,60.64375,0,1,2010-06-01T00:00:00,2009-12-03T00:00:00,2010-08-30T00:00:00
14644,2009-12-03 16:24:00,1,338.5,11,179.31666666666666,1,0,2010-06-01T00:00:00,2009-12-03T00:00:00,2010-08-30T00:00:00
14645,2010-03-15 11:33:00,1,279.8,18,77.51875,0,1,2010-06-01T00:00:00,2009-12-03T00:00:00,2010-08-30T00:00:00
14646,2010-05-06 15:27:00,30,99827.09,653,25.35625,1,0,2010-06-01T00:00:00,2009-12-03T00:00:00,2010-08-30T00:00:00
14648,2010-05-26 12:42:00,9,2766.25,369,5.470833333333333,1,0,2010-06-01T00:00:00,2009-12-03T00:00:00,2010-08-30T00:00:00
14649,2010-05-26 15:06:00,3,1278.04,197,5.370833333333334,0,1,2010-06-01T00:00:00,2009-12-03T00:00:00,2010-08-30T00:00:00
14650,2010-04-29 20:27:00,1,62.5,4,32.14791666666667,0,1,2010-06-01T00:00:00,2009-12-03T00:00:00,2010-08-30T00:00:00
14651,2010-05-26 13:51:00,4,829.57,85,5.422916666666667,1,0,2010-06-01T00:00:00,2009-12-03T00:00:00,2010-08-30T00:00:00
14653,2010-01-26 16:29:00,2,792.36,77,125.31319444444445,1,0,2010-06-01T00:00:00,2009-12-03T00:00:00,2010-08-30T00:00:00
14655,2010-04-22 14:29:00,1,972.54,26,39.39652777777778,1,0,2010-06-01T00:00:00,2009-12-03T00:00:00,2010-08-30T00:00:00
14656,2010-04-15 12:10:00,1,143.6,40,46.49305555555556,1,0,2010-06-01T00:00:00,2009-12-03T00:00:00,2010-08-30T00:00:00
14662,2010-03-17 11:21:00,2,218.25,36,75.52708333333334,0,1,2010-06-01T00:00:00,2009-12-03T00:00:00,2010-08-30T00:00:00
14665,2010-04-26 11:17:00,1,279.6,12,35.52986111111111,0,1,2010-06-01T00:00:00,2009-12-03T00:00:00,2010-08-30T00:00:00
14667,2010-05-17 12:52:00,12,4376.13,266,14.463888888888889,1,0,2010-06-01T00:00:00,2009-12-03T00:00:00,2010-08-30T00:00:00
14669,2010-03-16 09:39:00,3,1146.01,135,76.59791666666666,0,1,2010-06-01T00:00:00,2009-12-03T00:00:00,2010-08-30T00:00:00
14670,2009-12-07 13:59:00,1,190.47,56,175.41736111111112,0,1,2010-06-01T00:00:00,2009-12-03T00:00:00,2010-08-30T00:00:00
14671,2010-05-20 18:21:00,1,943.95,46,11.235416666666667,1,0,2010-06-01T00:00:00,2009-12-03T00:00:00,2010-08-30T00:00:00
14672,2010-01-28 11:33:00,1,155.86,27,123.51875,1,0,2010-06-01T00:00:00,2009-12-03T00:00:00,2010-08-30T00:00:00
14676,2010-03-31 15:00:00,2,884.88,18,61.375,1,0,2010-06-01T00:00:00,2009-12-03T00:00:00,2010-08-30T00:00:00
14677,2010-04-26 09:48:00,1,184.91,14,35.59166666666667,0,1,2010-06-01T00:00:00,2009-12-03T00:00:00,2010-08-30T00:00:00
14678,2010-05-09 14:32:00,1,403.39,24,22.394444444444446,0,1,2010-06-01T00:00:00,2009-12-03T00:00:00,2010-08-30T00:00:00
14679,2009-12-08 17:13:00,1,438.74,21,174.2826388888889,1,0,2010-06-01T00:00:00,2009-12-03T00:00:00,2010-08-30T00:00:00
14680,2010-05-25 12:42:00,28,17744.16,777,6.470833333333333,1,0,2010-06-01T00:00:00,2009-12-03T00:00:00,2010-08-30T00:00:00
14681,2010-03-05 12:57:00,2,168.0,10,87.46041666666666,0,1,2010-06-01T00:00:00,2009-12-03T00:00:00,2010-08-30T00:00:00
14682,2010-03-25 17:06:00,2,469.22,25,67.2875,1,0,2010-06-01T00:00:00,2009-12-03T00:00:00,2010-08-30T00:00:00
14683,2010-04-30 17:18:00,1,146.56,21,31.279166666666665,0,1,2010-06-01T00:00:00,2009-12-03T00:00:00,2010-08-30T00:00:00
14685,2010-05-12 13:08:00,8,4536.64,187,19.45277777777778,0,1,2010-06-01T00:00:00,2009-12-03T00:00:00,2010-08-30T00:00:00
14686,2010-02-18 18:33:00,2,302.92,93,102.22708333333334,0,1,2010-06-01T00:00:00,2009-12-03T00:00:00,2010-08-30T00:00:00
14692,2010-05-27 13:47:00,2,251.37,37,4.425694444444445,1,0,2010-06-01T00:00:00,2009-12-03T00:00:00,2010-08-30T00:00:00
14694,2010-04-01 19:46:00,1,244.31,15,60.17638888888889,0,1,2010-06-01T00:00:00,2009-12-03T00:00:00,2010-08-30T00:00:00
14695,2009-12-07 13:07:00,2,911.6800000000001,50,175.45347222222222,1,0,2010-06-01T00:00:00,2009-12-03T00:00:00,2010-08-30T00:00:00
14701,2010-01-24 12:15:00,1,472.18,74,127.48958333333333,1,0,2010-06-01T00:00:00,2009-12-03T00:00:00,2010-08-30T00:00:00
14702,2010-04-18 12:05:00,6,1835.32,188,43.49652777777778,1,0,2010-06-01T00:00:00,2009-12-03T00:00:00,2010-08-30T00:00:00
14704,2010-03-25 17:21:00,1,112.14,35,67.27708333333334,0,1,2010-06-01T00:00:00,2009-12-03T00:00:00,2010-08-30T00:00:00
14706,2010-03-31 11:09:00,1,367.54,25,61.53541666666667,0,1,2010-06-01T00:00:00,2009-12-03T00:00:00,2010-08-30T00:00:00
14707,2010-05-12 11:07:00,1,69.6,1,19.536805555555556,0,1,2010-06-01T00:00:00,2009-12-03T00:00:00,2010-08-30T00:00:00
14709,2010-04-23 16:13:00,5,1767.1200000000001,79,38.324305555555554,1,0,2010-06-01T00:00:00,2009-12-03T00:00:00,2010-08-30T00:00:00
14710,2010-05-24 11:47:00,5,594.88,137,7.509027777777778,1,0,2010-06-01T00:00:00,2009-12-03T00:00:00,2010-08-30T00:00:00
14713,2010-05-06 19:08:00,5,1037.49,161,25.20277777777778,1,0,2010-06-01T00:00:00,2009-12-03T00:00:00,2010-08-30T00:00:00
14714,2010-05-13 11:58:00,2,463.12,60,18.50138888888889,0,1,2010-06-01T00:00:00,2009-12-03T00:00:00,2010-08-30T00:00:00
14715,2010-05-26 12:49:00,2,656.52,50,5.465972222222222,1,0,2010-06-01T00:00:00,2009-12-03T00:00:00,2010-08-30T00:00:00
14717,2009-12-06 13:05:00,1,81.3,11,176.45486111111111,0,1,2010-06-01T00:00:00,2009-12-03T00:00:00,2010-08-30T00:00:00
14723,2010-04-13 14:55:00,2,278.16,40,48.37847222222222,1,0,2010-06-01T00:00:00,2009-12-03T00:00:00,2010-08-30T00:00:00
14724,2010-04-28 13:26:00,1,341.9,41,33.44027777777778,0,1,2010-06-01T00:00:00,2009-12-03T00:00:00,2010-08-30T00:00:00
14726,2010-02-23 12:35:00,1,116.5,15,97.47569444444444,0,1,2010-06-01T00:00:00,2009-12-03T00:00:00,2010-08-30T00:00:00
14729,2010-03-24 13:35:00,2,272.75,61,68.43402777777777,0,1,2010-06-01T00:00:00,2009-12-03T00:00:00,2010-08-30T00:00:00
14732,2010-04-29 13:29:00,7,1644.81,79,32.43819444444444,1,0,2010-06-01T00:00:00,2009-12-03T00:00:00,2010-08-30T00:00:00
14735,2010-05-27 11:48:00,11,2953.0,94,4.508333333333334,1,0,2010-06-01T00:00:00,2009-12-03T00:00:00,2010-08-30T00:00:00
14738,2010-05-27 20:31:00,2,507.45,26,4.145138888888889,0,1,2010-06-01T00:00:00,2009-12-03T00:00:00,2010-08-30T00:00:00
14739,2010-05-27 13:26:00,8,3642.77,94,4.440277777777778,1,0,2010-06-01T00:00:00,2009-12-03T00:00:00,2010-08-30T00:00:00
14740,2010-05-27 10:48:00,4,1334.5900000000001,63,4.55,1,0,2010-06-01T00:00:00,2009-12-03T00:00:00,2010-08-30T00:00:00
14743,2010-04-26 10:26:00,1,50.480000000000004,3,35.56527777777778,0,1,2010-06-01T00:00:00,2009-12-03T00:00:00,2010-08-30T00:00:00
14744,2010-05-25 14:09:00,4,1137.7,72,6.410416666666666,0,1,2010-06-01T00:00:00,2009-12-03T00:00:00,2010-08-30T00:00:00
14745,2010-05-25 11:35:00,4,808.65,44,6.517361111111111,1,0,2010-06-01T00:00:00,2009-12-03T00:00:00,2010-08-30T00:00:00
14748,2010-04-01 14:18:00,2,727.12,44,60.40416666666667,1,0,2010-06-01T00:00:00,2009-12-03T00:00:00,2010-08-30T00:00:00
14750,2009-12-03 17:57:00,1,112.03,32,179.25208333333333,0,1,2010-06-01T00:00:00,2009-12-03T00:00:00,2010-08-30T00:00:00
14751,2010-01-24 13:37:00,2,126.45,7,127.43263888888889,0,1,2010-06-01T00:00:00,2009-12-03T00:00:00,2010-08-30T00:00:00
14754,2010-05-27 10:13:00,2,475.04,62,4.574305555555555,1,0,2010-06-01T00:00:00,2009-12-03T00:00:00,2010-08-30T00:00:00
14755,2010-05-07 15:26:00,8,2145.27,110,24.356944444444444,1,0,2010-06-01T00:00:00,2009-12-03T00:00:00,2010-08-30T00:00:00
14758,2010-04-08 08:27:00,1,442.5,22,53.64791666666667,1,0,2010-06-01T00:00:00,2009-12-03T00:00:00,2010-08-30T00:00:00
14762,2010-03-23 15:36:00,1,117.05,9,69.35,0,1,2010-06-01T00:00:00,2009-12-03T00:00:00,2010-08-30T00:00:00
14769,2010-03-23 09:43:00,4,2141.37,143,69.59513888888888,1,0,2010-06-01T00:00:00,2009-12-03T00:00:00,2010-08-30T00:00:00
14770,2010-05-27 11:11:00,4,2292.7400000000002,118,4.534027777777778,1,0,2010-06-01T00:00:00,2009-12-03T00:00:00,2010-08-30T00:00:00
14771,2010-03-28 12:52:00,2,594.62,47,64.46388888888889,0,1,2010-06-01T00:00:00,2009-12-03T00:00:00,2010-08-30T00:00:00
14773,2010-04-26 10:29:00,1,140.55,10,35.56319444444444,0,1,2010-06-01T00:00:00,2009-12-03T00:00:00,2010-08-30T00:00:00
14783,2010-02-18 16:16:00,1,307.3,17,102.32222222222222,0,1,2010-06-01T00:00:00,2009-12-03T00:00:00,2010-08-30T00:00:00
14788,2010-04-22 18:16:00,1,476.88,28,39.23888888888889,0,1,2010-06-01T00:00:00,2009-12-03T00:00:00,2010-08-30T00:00:00
14790,2010-04-01 16:13:00,3,800.88,45,60.324305555555554,1,0,2010-06-01T00:00:00,2009-12-03T00:00:00,2010-08-30T00:00:00
14791,2010-04-12 10:24:00,1,303.63,19,49.56666666666667,0,1,2010-06-01T00:00:00,2009-12-03T00:00:00,2010-08-30T00:00:00
14796,2010-04-01 11:22:00,4,748.55,96,60.52638888888889,0,1,2010-06-01T00:00:00,2009-12-03T00:00:00,2010-08-30T00:00:00
14798,2010-04-08 08:31:00,2,334.49,23,53.64513888888889,1,0,2010-06-01T00:00:00,2009-12-03T00:00:00,2010-08-30T00:00:00
14805,2010-03-28 12:34:00,1,197.78,30,64.47638888888889,1,0,2010-06-01T00:00:00,2009-12-03T00:00:00,2010-08-30T00:00:00
14807,2010-02-28 11:33:00,1,349.64,24,92.51875,0,1,2010-06-01T00:00:00,2009-12-03T00:00:00,2010-08-30T00:00:00
14809,2010-03-28 15:44:00,2,686.76,18,64.34444444444445,0,1,2010-06-01T00:00:00,2009-12-03T00:00:00,2010-08-30T00:00:00
14812,2010-04-20 12:13:00,1,178.85,36,41.490972222222226,0,1,2010-06-01T00:00:00,2009-12-03T00:00:00,2010-08-30T00:00:00
14813,2010-04-08 11:49:00,1,435.65999999999997,59,53.50763888888889,0,1,2010-06-01T00:00:00,2009-12-03T00:00:00,2010-08-30T00:00:00
14814,2010-05-07 14:10:00,1,154.21,30,24.40972222222222,0,1,2010-06-01T00:00:00,2009-12-03T00:00:00,2010-08-30T00:00:00
14817,2010-04-18 12:36:00,2,987.38,57,43.475,1,0,2010-06-01T00:00:00,2009-12-03T00:00:00,2010-08-30T00:00:00
14818,2010-03-02 12:48:00,1,105.55,21,90.46666666666667,1,0,2010-06-01T00:00:00,2009-12-03T00:00:00,2010-08-30T00:00:00
14819,2009-12-21 15:54:00,1,29.79,11,161.3375,1,0,2010-06-01T00:00:00,2009-12-03T00:00:00,2010-08-30T00:00:00
14820,2010-04-26 10:43:00,2,265.12,12,35.553472222222226,0,1,2010-06-01T00:00:00,2009-12-03T00:00:00,2010-08-30T00:00:00
14821,2010-03-18 07:31:00,3,293.65,6,74.68680555555555,0,1,2010-06-01T00:00:00,2009-12-03T00:00:00,2010-08-30T00:00:00
14824,2010-05-24 10:55:00,3,1614.65,78,7.545138888888889,0,1,2010-06-01T00:00:00,2009-12-03T00:00:00,2010-08-30T00:00:00
14825,2010-05-11 10:12:00,3,516.28,57,20.575,1,0,2010-06-01T00:00:00,2009-12-03T00:00:00,2010-08-30T00:00:00
14826,2010-05-07 09:00:00,2,385.2,10,24.625,0,1,2010-06-01T00:00:00,2009-12-03T00:00:00,2010-08-30T00:00:00
14828,2010-05-20 13:15:00,5,4748.16,50,11.447916666666666,1,0,2010-06-01T00:00:00,2009-12-03T00:00:00,2010-08-30T00:00:00
14831,2010-01-28 14:31:00,1,842.82,46,123.3951388888889,0,1,2010-06-01T00:00:00,2009-12-03T00:00:00,2010-08-30T00:00:00
14832,2010-03-19 15:14:00,1,322.69,1,73.36527777777778,0,1,2010-06-01T00:00:00,2009-12-03T00:00:00,2010-08-30T00:00:00
14835,2010-04-01 19:34:00,1,178.2,1,60.18472222222222,1,0,2010-06-01T00:00:00,2009-12-03T00:00:00,2010-08-30T00:00:00
14837,2010-04-27 10:54:00,2,743.23,43,34.545833333333334,1,0,2010-06-01T00:00:00,2009-12-03T00:00:00,2010-08-30T00:00:00
14838,2009-12-03 09:52:00,1,119.10000000000001,4,179.5888888888889,0,1,2010-06-01T00:00:00,2009-12-03T00:00:00,2010-08-30T00:00:00
14839,2010-05-09 12:03:00,2,609.08,53,22.497916666666665,0,1,2010-06-01T00:00:00,2009-12-03T00:00:00,2010-08-30T00:00:00
14841,2010-03-04 18:46:00,3,1030.19,42,88.21805555555555,1,0,2010-06-01T00:00:00,2009-12-03T00:00:00,2010-08-30T00:00:00
14844,2010-04-12 12:50:00,1,1160.66,58,49.46527777777778,1,0,2010-06-01T00:00:00,2009-12-03T00:00:00,2010-08-30T00:00:00
14845,2010-04-19 10:19:00,1,150.0,1,42.57013888888889,0,1,2010-06-01T00:00:00,2009-12-03T00:00:00,2010-08-30T00:00:00
14847,2010-05-24 12:29:00,1,304.79999999999995,13,7.479861111111111,0,1,2010-06-01T00:00:00,2009-12-03T00:00:00,2010-08-30T00:00:00
14849,2010-05-05 11:25:00,6,2948.48,140,26.524305555555557,1,0,2010-06-01T00:00:00,2009-12-03T00:00:00,2010-08-30T00:00:00
14850,2010-05-20 13:42:00,2,473.32,83,11.429166666666667,0,1,2010-06-01T00:00:00,2009-12-03T00:00:00,2010-08-30T00:00:00
14851,2010-03-19 11:52:00,1,318.06,14,73.50555555555556,0,1,2010-06-01T00:00:00,2009-12-03T00:00:00,2010-08-30T00:00:00
14852,2010-04-23 13:12:00,3,851.24,51,38.45,1,0,2010-06-01T00:00:00,2009-12-03T00:00:00,2010-08-30T00:00:00
14853,2010-04-13 09:26:00,1,420.47,14,48.606944444444444,1,0,2010-06-01T00:00:00,2009-12-03T00:00:00,2010-08-30T00:00:00
14854,2010-05-12 12:17:00,2,948.91,57,19.488194444444446,1,0,2010-06-01T00:00:00,2009-12-03T00:00:00,2010-08-30T00:00:00
14855,2010-04-08 10:30:00,1,1623.8,64,53.5625,1,0,2010-06-01T00:00:00,2009-12-03T00:00:00,2010-08-30T00:00:00
14857,2010-03-15 11:04:00,2,843.471,57,77.53888888888889,1,0,2010-06-01T00:00:00,2009-12-03T00:00:00,2010-08-30T00:00:00
14861,2010-02-04 17:05:00,3,606.36,40,116.28819444444444,1,0,2010-06-01T00:00:00,2009-12-03T00:00:00,2010-08-30T00:00:00
14867,2010-05-26 13:17:00,11,1796.84,78,5.446527777777778,1,0,2010-06-01T00:00:00,2009-12-03T00:00:00,2010-08-30T00:00:00
14869,2010-02-14 15:38:00,2,1120.56,120,106.34861111111111,1,0,2010-06-01T00:00:00,2009-12-03T00:00:00,2010-08-30T00:00:00
14870,2010-03-01 11:04:00,2,732.1,28,91.53888888888889,1,0,2010-06-01T00:00:00,2009-12-03T00:00:00,2010-08-30T00:00:00
14871,2010-03-30 13:38:00,2,317.72,39,62.43194444444445,1,0,2010-06-01T00:00:00,2009-12-03T00:00:00,2010-08-30T00:00:00
14872,2010-05-04 09:45:00,2,506.76,31,27.59375,1,0,2010-06-01T00:00:00,2009-12-03T00:00:00,2010-08-30T00:00:00
14873,2010-03-16 10:51:00,1,334.45,21,76.54791666666667,0,1,2010-06-01T00:00:00,2009-12-03T00:00:00,2010-08-30T00:00:00
14876,2010-05-27 13:49:00,1,203.6,12,4.424305555555556,1,0,2010-06-01T00:00:00,2009-12-03T00:00:00,2010-08-30T00:00:00
14877,2010-03-07 12:25:00,1,206.7,32,85.48263888888889,0,1,2010-06-01T00:00:00,2009-12-03T00:00:00,2010-08-30T00:00:00
14878,2010-05-05 11:54:00,7,1079.56,83,26.504166666666666,1,0,2010-06-01T00:00:00,2009-12-03T00:00:00,2010-08-30T00:00:00
14879,2010-01-24 11:35:00,1,185.06,27,127.51736111111111,0,1,2010-06-01T00:00:00,2009-12-03T00:00:00,2010-08-30T00:00:00
14882,2010-04-27 15:29:00,2,284.1,6,34.35486111111111,1,0,2010-06-01T00:00:00,2009-12-03T00:00:00,2010-08-30T00:00:00
14884,2010-02-08 12:56:00,1,120.6,8,112.46111111111111,0,1,2010-06-01T00:00:00,2009-12-03T00:00:00,2010-08-30T00:00:00
14890,2010-03-31 09:40:00,2,691.6,50,61.59722222222222,0,1,2010-06-01T00:00:00,2009-12-03T00:00:00,2010-08-30T00:00:00
14892,2010-01-18 08:58:00,1,202.35000000000002,13,133.6263888888889,0,1,2010-06-01T00:00:00,2009-12-03T00:00:00,2010-08-30T00:00:00
14893,2010-04-01 09:03:00,1,571.76,33,60.62291666666667,0,1,2010-06-01T00:00:00,2009-12-03T00:00:00,2010-08-30T00:00:00
14895,2010-05-04 12:18:00,8,6267.14,191,27.4875,1,0,2010-06-01T00:00:00,2009-12-03T00:00:00,2010-08-30T00:00:00
14896,2010-03-05 11:16:00,4,934.74,152,87.53055555555555,1,0,2010-06-01T00:00:00,2009-12-03T00:00:00,2010-08-30T00:00:00
14897,2010-04-26 09:13:00,2,621.66,35,35.615972222222226,0,1,2010-06-01T00:00:00,2009-12-03T00:00:00,2010-08-30T00:00:00
14898,2010-04-13 14:36:00,4,1044.3799999999999,105,48.391666666666666,1,0,2010-06-01T00:00:00,2009-12-03T00:00:00,2010-08-30T00:00:00
14905,2010-04-12 14:53:00,3,674.2,30,49.37986111111111,1,0,2010-06-01T00:00:00,2009-12-03T00:00:00,2010-08-30T00:00:00
14907,2010-04-16 13:40:00,1,294.72,18,45.43055555555556,0,1,2010-06-01T00:00:00,2009-12-03T00:00:00,2010-08-30T00:00:00
14909,2010-05-24 14:43:00,2,1105.28,64,7.386805555555555,0,1,2010-06-01T00:00:00,2009-12-03T00:00:00,2010-08-30T00:00:00
14911,2010-05-26 09:05:00,70,55792.63,2020,5.621527777777778,1,0,2010-06-01T00:00:00,2009-12-03T00:00:00,2010-08-30T00:00:00
14912,2010-04-28 09:41:00,2,497.0,19,33.59652777777778,0,1,2010-06-01T00:00:00,2009-12-03T00:00:00,2010-08-30T00:00:00
14915,2010-05-11 10:41:00,3,537.3100000000001,31,20.554861111111112,1,0,2010-06-01T00:00:00,2009-12-03T00:00:00,2010-08-30T00:00:00
14916,2010-05-09 11:39:00,3,1218.81,42,22.514583333333334,0,1,2010-06-01T00:00:00,2009-12-03T00:00:00,2010-08-30T00:00:00
14917,2010-04-22 11:28:00,2,1123.75,29,39.522222222222226,0,1,2010-06-01T00:00:00,2009-12-03T00:00:00,2010-08-30T00:00:00
14918,2010-04-08 11:18:00,1,855.35,23,53.52916666666667,1,0,2010-06-01T00:00:00,2009-12-03T00:00:00,2010-08-30T00:00:00
14920,2010-05-23 15:25:00,1,629.4,40,8.35763888888889,0,1,2010-06-01T00:00:00,2009-12-03T00:00:00,2010-08-30T00:00:00
14924,2010-04-08 15:40:00,2,620.96,21,53.34722222222222,0,1,2010-06-01T00:00:00,2009-12-03T00:00:00,2010-08-30T00:00:00
14926,2010-04-20 09:59:00,1,220.2,2,41.58402777777778,0,1,2010-06-01T00:00:00,2009-12-03T00:00:00,2010-08-30T00:00:00
14928,2010-03-22 09:14:00,1,223.91000000000003,21,70.61527777777778,0,1,2010-06-01T00:00:00,2009-12-03T00:00:00,2010-08-30T00:00:00
14930,2010-05-25 15:21:00,2,2005.63,103,6.360416666666667,1,0,2010-06-01T00:00:00,2009-12-03T00:00:00,2010-08-30T00:00:00
14935,2010-03-30 11:48:00,1,1065.1200000000001,16,62.50833333333333,0,1,2010-06-01T00:00:00,2009-12-03T00:00:00,2010-08-30T00:00:00
14936,2010-05-05 12:31:00,2,1194.48,61,26.478472222222223,0,1,2010-06-01T00:00:00,2009-12-03T00:00:00,2010-08-30T00:00:00
14938,2010-05-26 13:38:00,2,2322.43,71,5.4319444444444445,0,1,2010-06-01T00:00:00,2009-12-03T00:00:00,2010-08-30T00:00:00
14940,2009-12-06 15:46:00,1,182.01,10,176.34305555555557,0,1,2010-06-01T00:00:00,2009-12-03T00:00:00,2010-08-30T00:00:00
14941,2010-05-10 11:30:00,1,182.1,7,21.520833333333332,0,1,2010-06-01T00:00:00,2009-12-03T00:00:00,2010-08-30T00:00:00
14942,2010-04-26 10:35:00,3,440.78,13,35.55902777777778,0,1,2010-06-01T00:00:00,2009-12-03T00:00:00,2010-08-30T00:00:00
14943,2010-02-14 16:04:00,1,107.62,5,106.33055555555555,0,1,2010-06-01T00:00:00,2009-12-03T00:00:00,2010-08-30T00:00:00
14944,2010-04-15 11:47:00,3,1578.3,62,46.509027777777774,1,0,2010-06-01T00:00:00,2009-12-03T00:00:00,2010-08-30T00:00:00
14947,2010-04-15 11:44:00,2,471.6,24,46.51111111111111,1,0,2010-06-01T00:00:00,2009-12-03T00:00:00,2010-08-30T00:00:00
14949,2010-03-01 09:24:00,3,330.77000000000004,18,91.60833333333333,1,0,2010-06-01T00:00:00,2009-12-03T00:00:00,2010-08-30T00:00:00
14952,2010-05-26 10:45:00,12,4700.2,106,5.552083333333333,1,0,2010-06-01T00:00:00,2009-12-03T00:00:00,2010-08-30T00:00:00
14954,2010-01-05 16:38:00,1,167.27,41,146.30694444444444,0,1,2010-06-01T00:00:00,2009-12-03T00:00:00,2010-08-30T00:00:00
14955,2009-12-07 11:35:00,1,163.77,31,175.51736111111111,0,1,2010-06-01T00:00:00,2009-12-03T00:00:00,2010-08-30T00:00:00
14957,2010-03-05 10:50:00,1,203.2,16,87.54861111111111,0,1,2010-06-01T00:00:00,2009-12-03T00:00:00,2010-08-30T00:00:00
14958,2010-04-23 14:31:00,3,458.26,30,38.39513888888889,0,1,2010-06-01T00:00:00,2009-12-03T00:00:00,2010-08-30T00:00:00
14961,2010-04-29 12:04:00,4,4361.62,189,32.49722222222222,1,0,2010-06-01T00:00:00,2009-12-03T00:00:00,2010-08-30T00:00:00
14962,2010-05-17 12:52:00,2,187.11,6,14.463888888888889,1,0,2010-06-01T00:00:00,2009-12-03T00:00:00,2010-08-30T00:00:00
14966,2009-12-16 11:47:00,2,324.46999999999997,44,166.5090277777778,0,1,2010-06-01T00:00:00,2009-12-03T00:00:00,2010-08-30T00:00:00
14967,2010-02-18 12:22:00,2,769.61,14,102.48472222222222,0,1,2010-06-01T00:00:00,2009-12-03T00:00:00,2010-08-30T00:00:00
14969,2010-01-05 12:43:00,1,906.23,13,146.4701388888889,0,1,2010-06-01T00:00:00,2009-12-03T00:00:00,2010-08-30T00:00:00
14970,2010-05-16 12:41:00,4,1606.68,47,15.471527777777778,1,0,2010-06-01T00:00:00,2009-12-03T00:00:00,2010-08-30T00:00:00
14977,2009-12-14 10:37:00,1,31.93,4,168.5576388888889,0,1,2010-06-01T00:00:00,2009-12-03T00:00:00,2010-08-30T00:00:00
14978,2010-04-28 10:50:00,1,250.04,17,33.548611111111114,1,0,2010-06-01T00:00:00,2009-12-03T00:00:00,2010-08-30T00:00:00
14979,2009-12-04 12:54:00,1,429.66,49,178.4625,0,1,2010-06-01T00:00:00,2009-12-03T00:00:00,2010-08-30T00:00:00
14982,2010-05-16 15:52:00,1,237.78,39,15.338888888888889,0,1,2010-06-01T00:00:00,2009-12-03T00:00:00,2010-08-30T00:00:00
14983,2010-01-19 17:32:00,1,183.20000000000002,30,132.26944444444445,0,1,2010-06-01T00:00:00,2009-12-03T00:00:00,2010-08-30T00:00:00
14984,2010-01-11 13:22:00,1,117.0,2,140.44305555555556,1,0,2010-06-01T00:00:00,2009-12-03T00:00:00,2010-08-30T00:00:00
14986,2010-01-24 15:54:00,1,323.38,51,127.3375,0,1,2010-06-01T00:00:00,2009-12-03T00:00:00,2010-08-30T00:00:00
14987,2009-12-21 11:14:00,3,359.84999999999997,4,161.53194444444443,0,1,2010-06-01T00:00:00,2009-12-03T00:00:00,2010-08-30T00:00:00
14988,2010-05-04 12:30:00,2,491.42,58,27.479166666666668,0,1,2010-06-01T00:00:00,2009-12-03T00:00:00,2010-08-30T00:00:00
14989,2010-02-16 10:40:00,1,342.4,18,104.55555555555556,0,1,2010-06-01T00:00:00,2009-12-03T00:00:00,2010-08-30T00:00:00
14990,2010-04-06 13:54:00,2,304.17,42,55.420833333333334,0,1,2010-06-01T00:00:00,2009-12-03T00:00:00,2010-08-30T00:00:00
14993,2010-05-25 12:47:00,1,36.13,10,6.467361111111111,0,1,2010-06-01T00:00:00,2009-12-03T00:00:00,2010-08-30T00:00:00
14994,2010-04-30 11:28:00,2,346.44,118,31.522222222222222,0,1,2010-06-01T00:00:00,2009-12-03T00:00:00,2010-08-30T00:00:00
14997,2010-02-22 12:11:00,1,230.4,12,98.49236111111111,0,1,2010-06-01T00:00:00,2009-12-03T00:00:00,2010-08-30T00:00:00
14998,2010-04-13 16:07:00,1,113.49,14,48.328472222222224,0,1,2010-06-01T00:00:00,2009-12-03T00:00:00,2010-08-30T00:00:00
14999,2010-04-26 10:47:00,1,129.48000000000002,9,35.550694444444446,0,1,2010-06-01T00:00:00,2009-12-03T00:00:00,2010-08-30T00:00:00
15002,2010-02-17 11:44:00,3,1547.72,145,103.5111111111111,1,0,2010-06-01T00:00:00,2009-12-03T00:00:00,2010-08-30T00:00:00
15003,2010-03-23 11:41:00,5,855.7,258,69.51319444444445,1,0,2010-06-01T00:00:00,2009-12-03T00:00:00,2010-08-30T00:00:00
15005,2010-05-20 13:39:00,13,3109.03,553,11.43125,1,0,2010-06-01T00:00:00,2009-12-03T00:00:00,2010-08-30T00:00:00
15008,2010-03-12 11:13:00,1,120.0,6,80.53263888888888,1,0,2010-06-01T00:00:00,2009-12-03T00:00:00,2010-08-30T00:00:00
15012,2010-05-12 11:49:00,1,241.22,69,19.507638888888888,0,1,2010-06-01T00:00:00,2009-12-03T00:00:00,2010-08-30T00:00:00
15013,2010-05-27 14:13:00,7,1114.52,211,4.407638888888889,1,0,2010-06-01T00:00:00,2009-12-03T00:00:00,2010-08-30T00:00:00
15015,2010-05-27 19:03:00,11,1895.58,230,4.20625,1,0,2010-06-01T00:00:00,2009-12-03T00:00:00,2010-08-30T00:00:00
15022,2010-01-31 16:02:00,1,281.05,19,120.33194444444445,0,1,2010-06-01T00:00:00,2009-12-03T00:00:00,2010-08-30T00:00:00
15023,2010-05-17 15:35:00,4,1908.7,205,14.350694444444445,1,0,2010-06-01T00:00:00,2009-12-03T00:00:00,2010-08-30T00:00:00
15025,2010-05-20 13:28:00,1,617.83,72,11.438888888888888,0,1,2010-06-01T00:00:00,2009-12-03T00:00:00,2010-08-30T00:00:00
15027,2010-05-25 09:46:00,4,1156.16,44,6.593055555555556,0,1,2010-06-01T00:00:00,2009-12-03T00:00:00,2010-08-30T00:00:00
15029,2010-03-30 12:16:00,1,365.1,10,62.48888888888889,0,1,2010-06-01T00:00:00,2009-12-03T00:00:00,2010-08-30T00:00:00
15030,2010-03-18 17:34:00,2,615.6,11,74.26805555555555,1,0,2010-06-01T00:00:00,2009-12-03T00:00:00,2010-08-30T00:00:00
15031,2010-05-10 10:41:00,6,1721.14,184,21.554861111111112,1,0,2010-06-01T00:00:00,2009-12-03T00:00:00,2010-08-30T00:00:00
15032,2010-04-15 14:38:00,2,2123.95,16,46.390277777777776,1,0,2010-06-01T00:00:00,2009-12-03T00:00:00,2010-08-30T00:00:00
15034,2010-05-11 13:30:00,1,698.87,76,20.4375,1,0,2010-06-01T00:00:00,2009-12-03T00:00:00,2010-08-30T00:00:00
15039,2010-05-24 11:39:00,15,2918.7000000000003,197,7.514583333333333,1,0,2010-06-01T00:00:00,2009-12-03T00:00:00,2010-08-30T00:00:00
15042,2010-04-23 14:01:00,1,179.52,4,38.41597222222222,0,1,2010-06-01T00:00:00,2009-12-03T00:00:00,2010-08-30T00:00:00
15044,2010-04-12 13:01:00,7,4137.8,226,49.45763888888889,1,0,2010-06-01T00:00:00,2009-12-03T00:00:00,2010-08-30T00:00:00
15046,2010-05-02 11:56:00,6,1556.94,145,29.502777777777776,1,0,2010-06-01T00:00:00,2009-12-03T00:00:00,2010-08-30T00:00:00
15051,2010-02-16 10:44:00,1,186.1,14,104.55277777777778,1,0,2010-06-01T00:00:00,2009-12-03T00:00:00,2010-08-30T00:00:00
15055,2010-04-25 13:40:00,2,411.67,76,36.43055555555556,1,0,2010-06-01T00:00:00,2009-12-03T00:00:00,2010-08-30T00:00:00
15057,2010-03-24 11:51:00,2,865.0400000000001,28,68.50625,0,1,2010-06-01T00:00:00,2009-12-03T00:00:00,2010-08-30T00:00:00
15058,2010-04-26 10:33:00,2,511.25,22,35.56041666666667,1,0,2010-06-01T00:00:00,2009-12-03T00:00:00,2010-08-30T00:00:00
15059,2010-04-18 12:57:00,5,988.02,151,43.46041666666667,1,0,2010-06-01T00:00:00,2009-12-03T00:00:00,2010-08-30T00:00:00
15061,2010-05-28 10:36:00,28,27259.34,180,3.558333333333333,1,0,2010-06-01T00:00:00,2009-12-03T00:00:00,2010-08-30T00:00:00
15062,2010-04-08 15:41:00,1,585.73,39,53.34652777777778,1,0,2010-06-01T00:00:00,2009-12-03T00:00:00,2010-08-30T00:00:00
15064,2010-05-13 10:42:00,2,648.78,40,18.554166666666667,1,0,2010-06-01T00:00:00,2009-12-03T00:00:00,2010-08-30T00:00:00
15067,2010-04-11 15:54:00,1,764.64,38,50.3375,0,1,2010-06-01T00:00:00,2009-12-03T00:00:00,2010-08-30T00:00:00
15068,2010-03-28 13:18:00,1,334.87,59,64.44583333333334,0,1,2010-06-01T00:00:00,2009-12-03T00:00:00,2010-08-30T00:00:00
15070,2010-04-27 15:21:00,2,630.85,31,34.360416666666666,0,1,2010-06-01T00:00:00,2009-12-03T00:00:00,2010-08-30T00:00:00
15071,2010-05-18 12:45:00,1,166.24,11,13.46875,0,1,2010-06-01T00:00:00,2009-12-03T00:00:00,2010-08-30T00:00:00
15073,2010-04-22 14:15:00,2,725.78,43,39.40625,0,1,2010-06-01T00:00:00,2009-12-03T00:00:00,2010-08-30T00:00:00
15077,2009-12-09 17:10:00,1,873.48,19,173.28472222222223,1,0,2010-06-01T00:00:00,2009-12-03T00:00:00,2010-08-30T00:00:00
15078,2010-05-26 13:17:00,8,3386.48,156,5.446527777777778,1,0,2010-06-01T00:00:00,2009-12-03T00:00:00,2010-08-30T00:00:00
15079,2010-03-23 13:40:00,3,1755.96,74,69.43055555555556,1,0,2010-06-01T00:00:00,2009-12-03T00:00:00,2010-08-30T00:00:00
15082,2010-02-09 10:23:00,1,93.35000000000001,6,111.56736111111111,0,1,2010-06-01T00:00:00,2009-12-03T00:00:00,2010-08-30T00:00:00
15084,2010-03-04 10:45:00,1,349.4,12,88.55208333333333,0,1,2010-06-01T00:00:00,2009-12-03T00:00:00,2010-08-30T00:00:00
15085,2009-12-10 11:47:00,1,347.54,9,172.5090277777778,0,1,2010-06-01T00:00:00,2009-12-03T00:00:00,2010-08-30T00:00:00
15086,2010-05-24 12:27:00,2,218.53,11,7.48125,0,1,2010-06-01T00:00:00,2009-12-03T00:00:00,2010-08-30T00:00:00
15091,2010-02-03 11:50:00,2,565.9,27,117.50694444444444,0,1,2010-06-01T00:00:00,2009-12-03T00:00:00,2010-08-30T00:00:00
15093,2010-04-22 16:12:00,5,3269.96,122,39.325,1,0,2010-06-01T00:00:00,2009-12-03T00:00:00,2010-08-30T00:00:00
15094,2010-03-05 12:56:00,1,50.0,3,87.46111111111111,0,1,2010-06-01T00:00:00,2009-12-03T00:00:00,2010-08-30T00:00:00
15095,2010-04-22 08:03:00,2,704.89,30,39.66458333333333,1,0,2010-06-01T00:00:00,2009-12-03T00:00:00,2010-08-30T00:00:00
15097,2010-05-05 14:33:00,2,660.27,41,26.39375,0,1,2010-06-01T00:00:00,2009-12-03T00:00:00,2010-08-30T00:00:00
15100,2010-01-07 14:33:00,1,217.2,7,144.39375,0,1,2010-06-01T00:00:00,2009-12-03T00:00:00,2010-08-30T00:00:00
15101,2010-04-28 15:00:00,1,122.95,8,33.375,1,0,2010-06-01T00:00:00,2009-12-03T00:00:00,2010-08-30T00:00:00
15105,2010-03-23 12:18:00,1,330.38,20,69.4875,0,1,2010-06-01T00:00:00,2009-12-03T00:00:00,2010-08-30T00:00:00
15109,2010-05-09 13:44:00,2,498.15000000000003,20,22.427777777777777,0,1,2010-06-01T00:00:00,2009-12-03T00:00:00,2010-08-30T00:00:00
15111,2010-04-26 13:12:00,1,286.81,17,35.45,0,1,2010-06-01T00:00:00,2009-12-03T00:00:00,2010-08-30T00:00:00
15112,2010-04-07 14:17:00,1,209.4,7,54.40486111111111,0,1,2010-06-01T00:00:00,2009-12-03T00:00:00,2010-08-30T00:00:00
15115,2009-12-07 11:20:00,1,191.74,14,175.52777777777777,0,1,2010-06-01T00:00:00,2009-12-03T00:00:00,2010-08-30T00:00:00
15117,2010-03-15 13:40:00,2,359.69,26,77.43055555555556,0,1,2010-06-01T00:00:00,2009-12-03T00:00:00,2010-08-30T00:00:00
15122,2010-05-04 14:12:00,2,1143.67,66,27.408333333333335,1,0,2010-06-01T00:00:00,2009-12-03T00:00:00,2010-08-30T00:00:00
15123,2010-03-16 09:49:00,1,456.65999999999997,24,76.59097222222222,0,1,2010-06-01T00:00:00,2009-12-03T00:00:00,2010-08-30T00:00:00
15124,2010-02-26 10:49:00,1,134.03,7,94.54930555555555,1,0,2010-06-01T00:00:00,2009-12-03T00:00:00,2010-08-30T00:00:00
15125,2010-04-29 10:17:00,4,4063.4700000000003,77,32.571527777777774,1,0,2010-06-01T00:00:00,2009-12-03T00:00:00,2010-08-30T00:00:00
15126,2010-01-21 17:09:00,1,192.45,10,130.28541666666666,1,0,2010-06-01T00:00:00,2009-12-03T00:00:00,2010-08-30T00:00:00
15129,2010-05-06 11:14:00,3,902.25,31,25.531944444444445,1,0,2010-06-01T00:00:00,2009-12-03T00:00:00,2010-08-30T00:00:00
15137,2010-01-28 15:45:00,1,392.82,16,123.34375,1,0,2010-06-01T00:00:00,2009-12-03T00:00:00,2010-08-30T00:00:00
15141,2010-05-10 13:52:00,3,618.61,36,21.42222222222222,1,0,2010-06-01T00:00:00,2009-12-03T00:00:00,2010-08-30T00:00:00
15144,2010-04-14 15:17:00,3,1953.6000000000001,30,47.363194444444446,1,0,2010-06-01T00:00:00,2009-12-03T00:00:00,2010-08-30T00:00:00
15149,2010-05-12 16:04:00,4,1033.81,46,19.330555555555556,0,1,2010-06-01T00:00:00,2009-12-03T00:00:00,2010-08-30T00:00:00
15152,2010-01-07 15:15:00,1,518.14,29,144.36458333333334,0,1,2010-06-01T00:00:00,2009-12-03T00:00:00,2010-08-30T00:00:00
15157,2010-05-19 13:29:00,2,718.04,27,12.438194444444445,0,1,2010-06-01T00:00:00,2009-12-03T00:00:00,2010-08-30T00:00:00
15162,2009-12-08 13:14:00,1,312.9,12,174.44861111111112,0,1,2010-06-01T00:00:00,2009-12-03T00:00:00,2010-08-30T00:00:00
15164,2010-04-06 13:30:00,2,418.06,101,55.4375,1,0,2010-06-01T00:00:00,2009-12-03T00:00:00,2010-08-30T00:00:00
15167,2010-02-04 14:13:00,1,659.43,122,116.40763888888888,0,1,2010-06-01T00:00:00,2009-12-03T00:00:00,2010-08-30T00:00:00
15169,2009-12-13 11:16:00,1,356.17,49,169.53055555555557,0,1,2010-06-01T00:00:00,2009-12-03T00:00:00,2010-08-30T00:00:00
15173,2010-05-24 13:55:00,3,592.5699999999999,34,7.420138888888889,1,0,2010-06-01T00:00:00,2009-12-03T00:00:00,2010-08-30T00:00:00
15176,2010-02-10 10:36:00,1,988.0400000000001,52,110.55833333333334,0,1,2010-06-01T00:00:00,2009-12-03T00:00:00,2010-08-30T00:00:00
15179,2010-04-23 13:26:00,4,2498.32,111,38.44027777777778,1,0,2010-06-01T00:00:00,2009-12-03T00:00:00,2010-08-30T00:00:00
15180,2010-04-29 15:27:00,1,452.84000000000003,28,32.35625,0,1,2010-06-01T00:00:00,2009-12-03T00:00:00,2010-08-30T00:00:00
15181,2009-12-08 19:02:00,1,162.72,1,174.20694444444445,0,1,2010-06-01T00:00:00,2009-12-03T00:00:00,2010-08-30T00:00:00
15182,2010-05-25 10:14:00,2,963.5210000000001,39,6.573611111111111,1,0,2010-06-01T00:00:00,2009-12-03T00:00:00,2010-08-30T00:00:00
15183,2010-05-24 13:00:00,2,432.36,25,7.458333333333333,1,0,2010-06-01T00:00:00,2009-12-03T00:00:00,2010-08-30T00:00:00
15184,2009-12-16 12:06:00,1,123.19,11,166.49583333333334,0,1,2010-06-01T00:00:00,2009-12-03T00:00:00,2010-08-30T00:00:00
15186,2010-05-12 14:00:00,2,518.86,17,19.416666666666668,1,0,2010-06-01T00:00:00,2009-12-03T00:00:00,2010-08-30T00:00:00
15188,2009-12-14 13:30:00,1,310.43,23,168.4375,0,1,2010-06-01T00:00:00,2009-12-03T00:00:00,2010-08-30T00:00:00
15191,2010-01-20 12:35:00,2,342.75,21,131.47569444444446,0,1,2010-06-01T00:00:00,2009-12-03T00:00:00,2010-08-30T00:00:00
15192,2010-05-13 13:50:00,2,622.07,40,18.42361111111111,0,1,2010-06-01T00:00:00,2009-12-03T00:00:00,2010-08-30T00:00:00
15194,2010-04-15 10:20:00,6,2214.9900000000002,90,46.56944444444444,1,0,2010-06-01T00:00:00,2009-12-03T00:00:00,2010-08-30T00:00:00
15196,2009-12-13 11:14:00,1,149.7,23,169.53194444444443,0,1,2010-06-01T00:00:00,2009-12-03T00:00:00,2010-08-30T00:00:00
15197,2009-12-11 12:56:00,1,117.96000000000001,4,171.4611111111111,0,1,2010-06-01T00:00:00,2009-12-03T00:00:00,2010-08-30T00:00:00
15198,2010-04-01 14:15:00,2,207.31,16,60.40625,0,1,2010-06-01T00:00:00,2009-12-03T00:00:00,2010-08-30T00:00:00
15199,2010-05-13 10:14:00,1,300.90000000000003,14,18.573611111111113,1,0,2010-06-01T00:00:00,2009-12-03T00:00:00,2010-08-30T00:00:00
15201,2010-04-07 14:50:00,1,293.06,15,54.38194444444444,0,1,2010-06-01T00:00:00,2009-12-03T00:00:00,2010-08-30T00:00:00
15203,2010-04-29 12:44:00,5,1237.25,103,32.46944444444444,1,0,2010-06-01T00:00:00,2009-12-03T00:00:00,2010-08-30T00:00:00
15209,2009-12-09 17:26:00,1,178.98000000000002,13,173.2736111111111,0,1,2010-06-01T00:00:00,2009-12-03T00:00:00,2010-08-30T00:00:00
15210,2010-05-13 14:42:00,1,301.92,17,18.3875,0,1,2010-06-01T00:00:00,2009-12-03T00:00:00,2010-08-30T00:00:00
15215,2010-05-04 12:59:00,2,466.22,25,27.459027777777777,0,1,2010-06-01T00:00:00,2009-12-03T00:00:00,2010-08-30T00:00:00
15216,2010-03-31 09:52:00,1,389.49,22,61.58888888888889,0,1,2010-06-01T00:00:00,2009-12-03T00:00:00,2010-08-30T00:00:00
15217,2010-05-25 13:51:00,1,426.24,28,6.422916666666667,0,1,2010-06-01T00:00:00,2009-12-03T00:00:00,2010-08-30T00:00:00
15218,2010-05-27 12:36:00,6,3057.19,141,4.475,1,0,2010-06-01T00:00:00,2009-12-03T00:00:00,2010-08-30T00:00:00
15219,2010-03-01 11:33:00,1,379.7,17,91.51875,0,1,2010-06-01T00:00:00,2009-12-03T00:00:00,2010-08-30T00:00:00
15221,2010-04-25 15:50:00,2,787.15,13,36.34027777777778,0,1,2010-06-01T00:00:00,2009-12-03T00:00:00,2010-08-30T00:00:00
15222,2010-04-14 15:15:00,8,2420.66,103,47.364583333333336,1,0,2010-06-01T00:00:00,2009-12-03T00:00:00,2010-08-30T00:00:00
15223,2010-04-09 11:34:00,3,662.2,14,52.518055555555556,0,1,2010-06-01T00:00:00,2009-12-03T00:00:00,2010-08-30T00:00:00
15224,2010-03-03 10:11:00,2,389.2,11,89.57569444444445,1,0,2010-06-01T00:00:00,2009-12-03T00:00:00,2010-08-30T00:00:00
15227,2010-05-18 10:09:00,2,658.86,36,13.577083333333333,0,1,2010-06-01T00:00:00,2009-12-03T00:00:00,2010-08-30T00:00:00
15229,2010-05-02 13:50:00,1,160.5,9,29.42361111111111,0,1,2010-06-01T00:00:00,2009-12-03T00:00:00,2010-08-30T00:00:00
15231,2010-03-28 15:12:00,1,250.26000000000002,14,64.36666666666666,0,1,2010-06-01T00:00:00,2009-12-03T00:00:00,2010-08-30T00:00:00
15240,2010-05-04 10:03:00,2,931.23,56,27.58125,1,0,2010-06-01T00:00:00,2009-12-03T00:00:00,2010-08-30T00:00:00
15241,2010-05-18 10:38:00,2,848.26,53,13.556944444444444,0,1,2010-06-01T00:00:00,2009-12-03T00:00:00,2010-08-30T00:00:00
15244,2010-02-11 14:48:00,1,280.51,14,109.38333333333334,0,1,2010-06-01T00:00:00,2009-12-03T00:00:00,2010-08-30T00:00:00
15245,2010-04-23 14:23:00,1,512.26,22,38.40069444444445,1,0,2010-06-01T00:00:00,2009-12-03T00:00:00,2010-08-30T00:00:00
15249,2010-04-16 11:54:00,2,1122.7,68,45.50416666666667,1,0,2010-06-01T00:00:00,2009-12-03T00:00:00,2010-08-30T00:00:00
15250,2010-03-09 07:35:00,1,60.0,3,83.68402777777777,0,1,2010-06-01T00:00:00,2009-12-03T00:00:00,2010-08-30T00:00:00
15251,2010-05-23 11:35:00,6,7685.77,91,8.51736111111111,1,0,2010-06-01T00:00:00,2009-12-03T00:00:00,2010-08-30T00:00:00
15252,2010-05-12 11:55:00,2,992.87,55,19.50347222222222,0,1,2010-06-01T00:00:00,2009-12-03T00:00:00,2010-08-30T00:00:00
15253,2010-05-02 11:17:00,1,411.46000000000004,24,29.52986111111111,1,0,2010-06-01T00:00:00,2009-12-03T00:00:00,2010-08-30T00:00:00
15254,2010-05-28 10:08:00,1,450.34000000000003,32,3.577777777777778,1,0,2010-06-01T00:00:00,2009-12-03T00:00:00,2010-08-30T00:00:00
15255,2009-12-03 09:10:00,1,260.44,13,179.61805555555554,1,0,2010-06-01T00:00:00,2009-12-03T00:00:00,2010-08-30T00:00:00
15256,2010-05-27 11:41:00,1,71.95,4,4.513194444444444,0,1,2010-06-01T00:00:00,2009-12-03T00:00:00,2010-08-30T00:00:00
15259,2010-04-16 15:55:00,2,734.9,45,45.33680555555556,1,0,2010-06-01T00:00:00,2009-12-03T00:00:00,2010-08-30T00:00:00
15260,2010-05-21 12:11:00,8,1979.03,110,10.49236111111111,1,0,2010-06-01T00:00:00,2009-12-03T00:00:00,2010-08-30T00:00:00
15265,2010-04-14 11:20:00,1,1545.38,94,47.52777777777778,0,1,2010-06-01T00:00:00,2009-12-03T00:00:00,2010-08-30T00:00:00
15266,2010-01-22 15:04:00,2,292.2,10,129.37222222222223,0,1,2010-06-01T00:00:00,2009-12-03T00:00:00,2010-08-30T00:00:00
15268,2010-04-13 11:27:00,1,547.6,19,48.52291666666667,1,0,2010-06-01T00:00:00,2009-12-03T00:00:00,2010-08-30T00:00:00
15270,2010-03-31 13:40:00,8,3471.7200000000003,42,61.43055555555556,0,1,2010-06-01T00:00:00,2009-12-03T00:00:00,2010-08-30T00:00:00
15272,2010-05-16 15:33:00,2,918.57,165,15.352083333333333,1,0,2010-06-01T00:00:00,2009-12-03T00:00:00,2010-08-30T00:00:00
15273,2010-04-19 11:31:00,1,228.96,1,42.52013888888889,0,1,2010-06-01T00:00:00,2009-12-03T00:00:00,2010-08-30T00:00:00
15278,2010-05-27 10:03:00,4,496.16,29,4.58125,0,1,2010-06-01T00:00:00,2009-12-03T00:00:00,2010-08-30T00:00:00
15279,2010-03-19 13:22:00,2,665.53,39,73.44305555555556,1,0,2010-06-01T00:00:00,2009-12-03T00:00:00,2010-08-30T00:00:00
15280,2010-05-17 14:17:00,1,132.9,21,14.404861111111112,1,0,2010-06-01T00:00:00,2009-12-03T00:00:00,2010-08-30T00:00:00
15282,2010-05-18 16:27:00,1,348.59,27,13.314583333333333,0,1,2010-06-01T00:00:00,2009-12-03T00:00:00,2010-08-30T00:00:00
15288,2010-04-23 12:49:00,2,766.46,49,38.46597222222222,0,1,2010-06-01T00:00:00,2009-12-03T00:00:00,2010-08-30T00:00:00
15289,2010-03-28 11:45:00,1,439.62,28,64.51041666666667,0,1,2010-06-01T00:00:00,2009-12-03T00:00:00,2010-08-30T00:00:00
15290,2010-05-07 08:49:00,2,631.36,27,24.632638888888888,1,0,2010-06-01T00:00:00,2009-12-03T00:00:00,2010-08-30T00:00:00
15291,2010-05-10 10:11:00,16,5432.01,80,21.575694444444444,1,0,2010-06-01T00:00:00,2009-12-03T00:00:00,2010-08-30T00:00:00
15293,2010-02-12 11:54:00,1,247.5,19,108.50416666666666,0,1,2010-06-01T00:00:00,2009-12-03T00:00:00,2010-08-30T00:00:00
15295,2010-02-23 13:03:00,1,207.04,52,97.45625,0,1,2010-06-01T00:00:00,2009-12-03T00:00:00,2010-08-30T00:00:00
15296,2010-05-17 15:54:00,2,3312.59,198,14.3375,1,0,2010-06-01T00:00:00,2009-12-03T00:00:00,2010-08-30T00:00:00
15298,2010-05-10 11:33:00,5,1939.21,106,21.51875,1,0,2010-06-01T00:00:00,2009-12-03T00:00:00,2010-08-30T00:00:00
15299,2010-01-12 11:34:00,1,731.52,1,139.51805555555555,0,1,2010-06-01T00:00:00,2009-12-03T00:00:00,2010-08-30T00:00:00
15302,2009-12-09 13:11:00,1,308.0,15,173.45069444444445,0,1,2010-06-01T00:00:00,2009-12-03T00:00:00,2010-08-30T00:00:00
15303,2010-05-23 12:14:00,2,650.16,38,8.490277777777777,0,1,2010-06-01T00:00:00,2009-12-03T00:00:00,2010-08-30T00:00:00
15306,2010-05-24 09:32:00,4,1776.3100000000002,75,7.602777777777778,1,0,2010-06-01T00:00:00,2009-12-03T00:00:00,2010-08-30T00:00:00
15309,2010-04-08 11:11:00,4,797.96,54,53.53402777777778,0,1,2010-06-01T00:00:00,2009-12-03T00:00:00,2010-08-30T00:00:00
15311,2010-05-27 11:04:00,67,34209.02,1154,4.538888888888889,1,0,2010-06-01T00:00:00,2009-12-03T00:00:00,2010-08-30T00:00:00
15312,2010-05-07 10:19:00,5,1414.89,75,24.570138888888888,0,1,2010-06-01T00:00:00,2009-12-03T00:00:00,2010-08-30T00:00:00
15317,2010-01-31 15:55:00,1,129.75,5,120.33680555555556,0,1,2010-06-01T00:00:00,2009-12-03T00:00:00,2010-08-30T00:00:00
15321,2010-05-25 09:54:00,8,3005.9100000000003,168,6.5875,0,1,2010-06-01T00:00:00,2009-12-03T00:00:00,2010-08-30T00:00:00
15323,2010-05-26 10:01:00,3,434.6,29,5.582638888888889,0,1,2010-06-01T00:00:00,2009-12-03T00:00:00,2010-08-30T00:00:00
15324,2010-01-07 14:37:00,1,140.22000000000003,8,144.39097222222222,0,1,2010-06-01T00:00:00,2009-12-03T00:00:00,2010-08-30T00:00:00
15325,2010-05-04 15:48:00,3,590.83,48,27.341666666666665,1,0,2010-06-01T00:00:00,2009-12-03T00:00:00,2010-08-30T00:00:00
15326,2010-04-09 15:22:00,3,1081.01,80,52.359722222222224,0,1,2010-06-01T00:00:00,2009-12-03T00:00:00,2010-08-30T00:00:00
15329,2010-05-14 14:31:00,4,789.47,46,17.395138888888887,1,0,2010-06-01T00:00:00,2009-12-03T00:00:00,2010-08-30T00:00:00
15331,2010-04-09 14:26:00,1,365.59000000000003,24,52.39861111111111,1,0,2010-06-01T00:00:00,2009-12-03T00:00:00,2010-08-30T00:00:00
15338,2010-01-31 14:25:00,1,277.93,58,120.39930555555556,0,1,2010-06-01T00:00:00,2009-12-03T00:00:00,2010-08-30T00:00:00
15339,2010-03-26 17:24:00,2,290.73,54,66.275,0,1,2010-06-01T00:00:00,2009-12-03T00:00:00,2010-08-30T00:00:00
15340,2010-05-27 10:27:00,1,105.5,7,4.564583333333333,0,1,2010-06-01T00:00:00,2009-12-03T00:00:00,2010-08-30T00:00:00
15354,2010-04-15 16:24:00,3,284.4,3,46.31666666666667,0,1,2010-06-01T00:00:00,2009-12-03T00:00:00,2010-08-30T00:00:00
15358,2010-05-11 13:29:00,7,2877.12,191,20.438194444444445,1,0,2010-06-01T00:00:00,2009-12-03T00:00:00,2010-08-30T00:00:00
15359,2010-02-15 10:47:00,8,181.35,16,105.55069444444445,0,1,2010-06-01T00:00:00,2009-12-03T00:00:00,2010-08-30T00:00:00
15365,2010-02-04 16:43:00,1,325.12,13,116.30347222222223,1,0,2010-06-01T00:00:00,2009-12-03T00:00:00,2010-08-30T00:00:00
15366,2010-04-21 09:52:00,2,888.65,39,40.58888888888889,1,0,2010-06-01T00:00:00,2009-12-03T00:00:00,2010-08-30T00:00:00
15367,2010-04-27 10:51:00,5,2048.87,117,34.547916666666666,0,1,2010-06-01T00:00:00,2009-12-03T00:00:00,2010-08-30T00:00:00
15369,2010-04-27 11:37:00,6,1728.4,12,34.515972222222224,1,0,2010-06-01T00:00:00,2009-12-03T00:00:00,2010-08-30T00:00:00
15371,2010-02-15 13:14:00,1,59.400000000000006,1,105.4486111111111,0,1,2010-06-01T00:00:00,2009-12-03T00:00:00,2010-08-30T00:00:00
15372,2010-02-16 13:52:00,4,2416.08,17,104.42222222222222,1,0,2010-06-01T00:00:00,2009-12-03T00:00:00,2010-08-30T00:00:00
15373,2010-05-16 14:06:00,2,217.38,20,15.4125,1,0,2010-06-01T00:00:00,2009-12-03T00:00:00,2010-08-30T00:00:00
15374,2010-03-25 12:03:00,1,139.32,7,67.49791666666667,0,1,2010-06-01T00:00:00,2009-12-03T00:00:00,2010-08-30T00:00:00
15375,2010-01-18 15:38:00,1,60.959999999999994,6,133.3486111111111,0,1,2010-06-01T00:00:00,2009-12-03T00:00:00,2010-08-30T00:00:00
15380,2010-03-25 12:20:00,3,634.32,6,67.48611111111111,1,0,2010-06-01T00:00:00,2009-12-03T00:00:00,2010-08-30T00:00:00
15381,2010-05-05 14:35:00,1,349.5,1,26.39236111111111,1,0,2010-06-01T00:00:00,2009-12-03T00:00:00,2010-08-30T00:00:00
15382,2010-05-07 12:09:00,3,3766.73,149,24.49375,0,1,2010-06-01T00:00:00,2009-12-03T00:00:00,2010-08-30T00:00:00
15384,2010-04-26 12:38:00,1,276.5,21,35.47361111111111,0,1,2010-06-01T00:00:00,2009-12-03T00:00:00,2010-08-30T00:00:00
15385,2010-01-31 13:02:00,1,307.8,5,120.45694444444445,0,1,2010-06-01T00:00:00,2009-12-03T00:00:00,2010-08-30T00:00:00
15389,2010-05-26 16:02:00,2,1229.8,3,5.331944444444445,1,0,2010-06-01T00:00:00,2009-12-03T00:00:00,2010-08-30T00:00:00
15391,2010-05-04 15:04:00,1,289.87,12,27.372222222222224,0,1,2010-06-01T00:00:00,2009-12-03T00:00:00,2010-08-30T00:00:00
15393,2010-05-21 11:34:00,3,659.48,32,10.518055555555556,0,1,2010-06-01T00:00:00,2009-12-03T00:00:00,2010-08-30T00:00:00
15394,2010-05-23 14:26:00,3,1027.66,50,8.39861111111111,1,0,2010-06-01T00:00:00,2009-12-03T00:00:00,2010-08-30T00:00:00
15396,2010-05-05 09:04:00,1,508.20000000000005,2,26.622222222222224,0,1,2010-06-01T00:00:00,2009-12-03T00:00:00,2010-08-30T00:00:00
15400,2010-05-28 08:33:00,1,194.0,9,3.64375,1,0,2010-06-01T00:00:00,2009-12-03T00:00:00,2010-08-30T00:00:00
15401,2010-05-20 10:56:00,1,136.2,9,11.544444444444444,0,1,2010-06-01T00:00:00,2009-12-03T00:00:00,2010-08-30T00:00:00
15402,2010-04-27 12:12:00,1,584.0600000000001,40,34.49166666666667,1,0,2010-06-01T00:00:00,2009-12-03T00:00:00,2010-08-30T00:00:00
15403,2009-12-09 12:45:00,1,95.75999999999999,5,173.46875,1,0,2010-06-01T00:00:00,2009-12-03T00:00:00,2010-08-30T00:00:00
15405,2010-05-12 15:56:00,1,310.74,22,19.336111111111112,0,1,2010-06-01T00:00:00,2009-12-03T00:00:00,2010-08-30T00:00:00
15409,2009-12-18 15:35:00,1,131.25,9,164.35069444444446,0,1,2010-06-01T00:00:00,2009-12-03T00:00:00,2010-08-30T00:00:00
15410,2010-05-20 09:53:00,2,1234.88,40,11.588194444444444,0,1,2010-06-01T00:00:00,2009-12-03T00:00:00,2010-08-30T00:00:00
15413,2010-01-17 11:33:00,4,6228.48,21,134.51875,0,1,2010-06-01T00:00:00,2009-12-03T00:00:00,2010-08-30T00:00:00
15416,2010-02-01 11:55:00,1,389.03,23,119.50347222222223,1,0,2010-06-01T00:00:00,2009-12-03T00:00:00,2010-08-30T00:00:00
15418,2010-05-02 11:31:00,1,206.49,11,29.520138888888887,0,1,2010-06-01T00:00:00,2009-12-03T00:00:00,2010-08-30T00:00:00
15420,2010-05-30 15:45:00,5,636.0,45,1.34375,0,1,2010-06-01T00:00:00,2009-12-03T00:00:00,2010-08-30T00:00:00
15421,2010-05-25 15:23:00,4,1733.95,154,6.3590277777777775,1,0,2010-06-01T00:00:00,2009-12-03T00:00:00,2010-08-30T00:00:00
15422,2010-05-18 12:49:00,2,758.7,57,13.465972222222222,0,1,2010-06-01T00:00:00,2009-12-03T00:00:00,2010-08-30T00:00:00
15423,2010-05-07 09:21:00,2,223.39000000000001,12,24.610416666666666,0,1,2010-06-01T00:00:00,2009-12-03T00:00:00,2010-08-30T00:00:00
15425,2010-03-21 11:32:00,2,1506.22,126,71.51944444444445,1,0,2010-06-01T00:00:00,2009-12-03T00:00:00,2010-08-30T00:00:00
15426,2010-05-02 15:10:00,1,403.27,107,29.368055555555557,1,0,2010-06-01T00:00:00,2009-12-03T00:00:00,2010-08-30T00:00:00
15428,2010-03-12 15:13:00,2,381.72,21,80.36597222222223,0,1,2010-06-01T00:00:00,2009-12-03T00:00:00,2010-08-30T00:00:00
15434,2010-01-24 15:35:00,1,285.35,19,127.35069444444444,0,1,2010-06-01T00:00:00,2009-12-03T00:00:00,2010-08-30T00:00:00
15437,2010-03-09 10:45:00,1,193.29000000000002,12,83.55208333333333,0,1,2010-06-01T00:00:00,2009-12-03T00:00:00,2010-08-30T00:00:00
15439,2010-02-24 12:09:00,2,748.85,28,96.49375,0,1,2010-06-01T00:00:00,2009-12-03T00:00:00,2010-08-30T00:00:00
15441,2009-12-09 14:55:00,1,301.57,13,173.37847222222223,0,1,2010-06-01T00:00:00,2009-12-03T00:00:00,2010-08-30T00:00:00
15443,2010-05-30 13:02:00,5,1214.55,148,1.4569444444444444,1,0,2010-06-01T00:00:00,2009-12-03T00:00:00,2010-08-30T00:00:00
15445,2010-04-28 15:00:00,1,171.0,9,33.375,0,1,2010-06-01T00:00:00,2009-12-03T00:00:00,2010-08-30T00:00:00
15446,2010-03-21 11:15:00,2,230.77,66,71.53125,0,1,2010-06-01T00:00:00,2009-12-03T00:00:00,2010-08-30T00:00:00
15447,2010-04-20 09:47:00,3,237.06,14,41.59236111111111,1,0,2010-06-01T00:00:00,2009-12-03T00:00:00,2010-08-30T00:00:00
15448,2010-02-03 13:29:00,1,294.17,21,117.43819444444445,0,1,2010-06-01T00:00:00,2009-12-03T00:00:00,2010-08-30T00:00:00
15451,2010-04-19 14:08:00,1,104.76,29,42.41111111111111,0,1,2010-06-01T00:00:00,2009-12-03T00:00:00,2010-08-30T00:00:00
15454,2010-03-31 13:15:00,1,126.89,15,61.447916666666664,0,1,2010-06-01T00:00:00,2009-12-03T00:00:00,2010-08-30T00:00:00
15455,2010-04-21 12:43:00,1,38.25,2,40.47013888888889,0,1,2010-06-01T00:00:00,2009-12-03T00:00:00,2010-08-30T00:00:00
15456,2010-05-18 17:13:00,5,1094.23,112,13.282638888888888,1,0,2010-06-01T00:00:00,2009-12-03T00:00:00,2010-08-30T00:00:00
15461,2010-03-18 12:40:00,1,210.0,1,74.47222222222223,0,1,2010-06-01T00:00:00,2009-12-03T00:00:00,2010-08-30T00:00:00
15465,2010-05-07 14:44:00,9,1908.95,78,24.386111111111113,1,0,2010-06-01T00:00:00,2009-12-03T00:00:00,2010-08-30T00:00:00
15466,2010-04-12 14:48:00,2,899.71,134,49.38333333333333,0,1,2010-06-01T00:00:00,2009-12-03T00:00:00,2010-08-30T00:00:00
15470,2010-05-13 09:35:00,1,63.419999999999995,4,18.600694444444443,0,1,2010-06-01T00:00:00,2009-12-03T00:00:00,2010-08-30T00:00:00
15474,2010-04-23 11:14:00,1,150.35,19,38.53194444444444,0,1,2010-06-01T00:00:00,2009-12-03T00:00:00,2010-08-30T00:00:00
15477,2010-02-28 10:37:00,1,368.4,2,92.55763888888889,0,1,2010-06-01T00:00:00,2009-12-03T00:00:00,2010-08-30T00:00:00
15478,2010-05-13 18:49:00,1,583.5600000000001,25,18.215972222222224,0,1,2010-06-01T00:00:00,2009-12-03T00:00:00,2010-08-30T00:00:00
15479,2009-12-06 15:08:00,1,147.4,9,176.36944444444444,0,1,2010-06-01T00:00:00,2009-12-03T00:00:00,2010-08-30T00:00:00
15480,2010-02-01 15:17:00,2,1636.38,46,119.36319444444445,1,0,2010-06-01T00:00:00,2009-12-03T00:00:00,2010-08-30T00:00:00
15482,2010-04-18 10:31:00,5,2661.35,25,43.56180555555556,0,1,2010-06-01T00:00:00,2009-12-03T00:00:00,2010-08-30T00:00:00
15483,2010-01-24 15:42:00,1,160.10999999999999,58,127.34583333333333,1,0,2010-06-01T00:00:00,2009-12-03T00:00:00,2010-08-30T00:00:00
15484,2009-12-05 15:18:00,1,689.5,33,177.3625,1,0,2010-06-01T00:00:00,2009-12-03T00:00:00,2010-08-30T00:00:00
15485,2010-01-27 15:17:00,1,321.08,13,124.36319444444445,0,1,2010-06-01T00:00:00,2009-12-03T00:00:00,2010-08-30T00:00:00
15487,2010-01-29 12:07:00,1,231.32,14,122.49513888888889,0,1,2010-06-01T00:00:00,2009-12-03T00:00:00,2010-08-30T00:00:00
15488,2010-05-05 13:03:00,1,37.980000000000004,2,26.45625,1,0,2010-06-01T00:00:00,2009-12-03T00:00:00,2010-08-30T00:00:00
15489,2010-04-11 11:47:00,2,413.20000000000005,23,50.509027777777774,1,0,2010-06-01T00:00:00,2009-12-03T00:00:00,2010-08-30T00:00:00
15493,2010-04-06 11:42:00,2,749.71,133,55.5125,1,0,2010-06-01T00:00:00,2009-12-03T00:00:00,2010-08-30T00:00:00
15494,2009-12-10 20:16:00,1,893.61,65,172.15555555555557,1,0,2010-06-01T00:00:00,2009-12-03T00:00:00,2010-08-30T00:00:00
15496,2010-03-18 13:16:00,1,146.14,22,74.44722222222222,0,1,2010-06-01T00:00:00,2009-12-03T00:00:00,2010-08-30T00:00:00
15497,2010-05-11 14:00:00,5,3816.0099999999998,57,20.416666666666668,1,0,2010-06-01T00:00:00,2009-12-03T00:00:00,2010-08-30T00:00:00
15498,2010-05-25 11:35:00,6,6493.01,217,6.517361111111111,1,0,2010-06-01T00:00:00,2009-12-03T00:00:00,2010-08-30T00:00:00
15499,2009-12-16 12:17:00,1,158.65,41,166.48819444444445,0,1,2010-06-01T00:00:00,2009-12-03T00:00:00,2010-08-30T00:00:00
15503,2009-12-13 11:34:00,1,116.26,51,169.51805555555555,0,1,2010-06-01T00:00:00,2009-12-03T00:00:00,2010-08-30T00:00:00
15504,2010-04-12 12:48:00,2,288.03000000000003,45,49.46666666666667,1,0,2010-06-01T00:00:00,2009-12-03T00:00:00,2010-08-30T00:00:00
15512,2010-02-01 13:23:00,1,39.0,1,119.44236111111111,0,1,2010-06-01T00:00:00,2009-12-03T00:00:00,2010-08-30T00:00:00
15513,2010-05-30 13:25:00,9,5030.09,137,1.4409722222222223,1,0,2010-06-01T00:00:00,2009-12-03T00:00:00,2010-08-30T00:00:00
15514,2010-04-23 14:10:00,5,1687.7,103,38.40972222222222,0,1,2010-06-01T00:00:00,2009-12-03T00:00:00,2010-08-30T00:00:00
15518,2010-05-24 13:26:00,5,1598.07,177,7.440277777777778,1,0,2010-06-01T00:00:00,2009-12-03T00:00:00,2010-08-30T00:00:00
15521,2010-04-07 13:48:00,3,1259.61,65,54.425,1,0,2010-06-01T00:00:00,2009-12-03T00:00:00,2010-08-30T00:00:00
15523,2010-05-11 12:41:00,6,3438.08,66,20.471527777777776,1,0,2010-06-01T00:00:00,2009-12-03T00:00:00,2010-08-30T00:00:00
15524,2010-04-12 09:19:00,1,151.4,8,49.611805555555556,0,1,2010-06-01T00:00:00,2009-12-03T00:00:00,2010-08-30T00:00:00
15527,2010-03-29 11:49:00,6,1378.39,75,63.50763888888889,1,0,2010-06-01T00:00:00,2009-12-03T00:00:00,2010-08-30T00:00:00
15534,2009-12-14 12:48:00,1,162.25,8,168.46666666666667,0,1,2010-06-01T00:00:00,2009-12-03T00:00:00,2010-08-30T00:00:00
15538,2010-04-19 12:55:00,4,2800.4,11,42.46180555555556,1,0,2010-06-01T00:00:00,2009-12-03T00:00:00,2010-08-30T00:00:00
15544,2010-05-19 12:47:00,6,2422.55,153,12.467361111111112,1,0,2010-06-01T00:00:00,2009-12-03T00:00:00,2010-08-30T00:00:00
15546,2010-04-12 11:51:00,2,1079.1000000000001,12,49.50625,0,1,2010-06-01T00:00:00,2009-12-03T00:00:00,2010-08-30T00:00:00
15547,2010-03-25 11:32:00,3,1921.43,187,67.51944444444445,1,0,2010-06-01T00:00:00,2009-12-03T00:00:00,2010-08-30T00:00:00
15548,2010-04-23 12:20:00,1,158.09,23,38.486111111111114,0,1,2010-06-01T00:00:00,2009-12-03T00:00:00,2010-08-30T00:00:00
15549,2010-03-25 16:43:00,3,380.65,28,67.30347222222223,1,0,2010-06-01T00:00:00,2009-12-03T00:00:00,2010-08-30T00:00:00
15550,2010-02-02 14:22:00,4,700.71,74,118.40138888888889,1,0,2010-06-01T00:00:00,2009-12-03T00:00:00,2010-08-30T00:00:00
15552,2010-03-26 16:17:00,1,162.4,13,66.32152777777777,0,1,2010-06-01T00:00:00,2009-12-03T00:00:00,2010-08-30T00:00:00
15555,2010-05-30 11:02:00,9,3110.4700000000003,279,1.5402777777777779,1,0,2010-06-01T00:00:00,2009-12-03T00:00:00,2010-08-30T00:00:00
15558,2010-03-10 15:25:00,1,202.68,23,82.35763888888889,0,1,2010-06-01T00:00:00,2009-12-03T00:00:00,2010-08-30T00:00:00
15559,2010-05-20 14:06:00,1,1109.4,62,11.4125,0,1,2010-06-01T00:00:00,2009-12-03T00:00:00,2010-08-30T00:00:00
15561,2010-05-10 10:29:00,2,579.2,43,21.563194444444445,1,0,2010-06-01T00:00:00,2009-12-03T00:00:00,2010-08-30T00:00:00
15562,2009-12-13 15:17:00,1,358.56,27,169.36319444444445,0,1,2010-06-01T00:00:00,2009-12-03T00:00:00,2010-08-30T00:00:00
15563,2010-04-14 11:36:00,2,951.28,91,47.516666666666666,1,0,2010-06-01T00:00:00,2009-12-03T00:00:00,2010-08-30T00:00:00
15564,2010-02-01 15:58:00,1,35.04,3,119.33472222222223,0,1,2010-06-01T00:00:00,2009-12-03T00:00:00,2010-08-30T00:00:00
15566,2009-12-15 14:53:00,1,138.22,5,167.3798611111111,0,1,2010-06-01T00:00:00,2009-12-03T00:00:00,2010-08-30T00:00:00
15569,2010-04-18 11:14:00,2,778.78,44,43.53194444444444,1,0,2010-06-01T00:00:00,2009-12-03T00:00:00,2010-08-30T00:00:00
15570,2010-05-21 15:34:00,5,2069.75,163,10.35138888888889,1,0,2010-06-01T00:00:00,2009-12-03T00:00:00,2010-08-30T00:00:00
15571,2010-05-30 13:35:00,4,720.74,116,1.4340277777777777,0,1,2010-06-01T00:00:00,2009-12-03T00:00:00,2010-08-30T00:00:00
15572,2010-04-14 14:38:00,1,300.93,36,47.390277777777776,0,1,2010-06-01T00:00:00,2009-12-03T00:00:00,2010-08-30T00:00:00
15573,2010-03-31 13:40:00,3,597.23,114,61.43055555555556,0,1,2010-06-01T00:00:00,2009-12-03T00:00:00,2010-08-30T00:00:00
15575,2010-03-30 12:50:00,1,30.1,3,62.46527777777778,0,1,2010-06-01T00:00:00,2009-12-03T00:00:00,2010-08-30T00:00:00
15577,2009-12-16 14:54:00,2,137.15,20,166.37916666666666,0,1,2010-06-01T00:00:00,2009-12-03T00:00:00,2010-08-30T00:00:00
15580,2010-05-30 11:00:00,3,530.71,97,1.5416666666666667,1,0,2010-06-01T00:00:00,2009-12-03T00:00:00,2010-08-30T00:00:00
15581,2010-05-19 13:22:00,10,589.2,148,12.443055555555556,1,0,2010-06-01T00:00:00,2009-12-03T00:00:00,2010-08-30T00:00:00
15584,2010-02-07 12:16:00,1,351.99,58,113.4888888888889,0,1,2010-06-01T00:00:00,2009-12-03T00:00:00,2010-08-30T00:00:00
15586,2010-04-26 11:00:00,3,1139.1000000000001,38,35.541666666666664,0,1,2010-06-01T00:00:00,2009-12-03T00:00:00,2010-08-30T00:00:00
15588,2010-01-31 12:19:00,1,579.6,4,120.48680555555555,0,1,2010-06-01T00:00:00,2009-12-03T00:00:00,2010-08-30T00:00:00
15590,2010-05-05 09:04:00,3,694.76,40,26.622222222222224,0,1,2010-06-01T00:00:00,2009-12-03T00:00:00,2010-08-30T00:00:00
15591,2010-05-06 09:23:00,3,217.9,7,25.60902777777778,0,1,2010-06-01T00:00:00,2009-12-03T00:00:00,2010-08-30T00:00:00
15597,2010-05-13 13:10:00,1,238.8,15,18.45138888888889,0,1,2010-06-01T00:00:00,2009-12-03T00:00:00,2010-08-30T00:00:00
15600,2010-04-25 11:50:00,1,328.48,20,36.50694444444444,1,0,2010-06-01T00:00:00,2009-12-03T00:00:00,2010-08-30T00:00:00
15601,2010-04-27 10:31:00,10,5259.57,293,34.56180555555556,1,0,2010-06-01T00:00:00,2009-12-03T00:00:00,2010-08-30T00:00:00
15602,2010-03-25 10:55:00,2,266.1,13,67.54513888888889,1,0,2010-06-01T00:00:00,2009-12-03T00:00:00,2010-08-30T00:00:00
15603,2010-03-01 16:02:00,1,40.0,2,91.33194444444445,0,1,2010-06-01T00:00:00,2009-12-03T00:00:00,2010-08-30T00:00:00
15605,2010-04-30 09:28:00,4,543.72,32,31.605555555555554,0,1,2010-06-01T00:00:00,2009-12-03T00:00:00,2010-08-30T00:00:00
15606,2010-04-29 15:39:00,3,905.75,29,32.34791666666667,1,0,2010-06-01T00:00:00,2009-12-03T00:00:00,2010-08-30T00:00:00
15607,2010-05-27 15:56:00,7,1534.01,90,4.336111111111111,1,0,2010-06-01T00:00:00,2009-12-03T00:00:00,2010-08-30T00:00:00
15611,2010-05-30 12:33:00,8,788.6800000000001,32,1.4770833333333333,1,0,2010-06-01T00:00:00,2009-12-03T00:00:00,2010-08-30T00:00:00
15613,2010-04-08 12:51:00,1,433.71999999999997,27,53.46458333333333,0,1,2010-06-01T00:00:00,2009-12-03T00:00:00,2010-08-30T00:00:00
15614,2010-03-23 11:13:00,1,1327.98,23,69.53263888888888,1,0,2010-06-01T00:00:00,2009-12-03T00:00:00,2010-08-30T00:00:00
15615,2010-05-20 14:45:00,8,4095.82,205,11.385416666666666,1,0,2010-06-01T00:00:00,2009-12-03T00:00:00,2010-08-30T00:00:00
15622,2010-05-18 10:35:00,5,3514.36,207,13.559027777777779,1,0,2010-06-01T00:00:00,2009-12-03T00:00:00,2010-08-30T00:00:00
15623,2010-03-21 15:22:00,3,1116.98,41,71.35972222222222,1,0,2010-06-01T00:00:00,2009-12-03T00:00:00,2010-08-30T00:00:00
15628,2010-04-16 12:43:00,3,908.33,57,45.47013888888889,1,0,2010-06-01T00:00:00,2009-12-03T00:00:00,2010-08-30T00:00:00
15630,2010-03-05 14:30:00,1,295.05,20,87.39583333333333,0,1,2010-06-01T00:00:00,2009-12-03T00:00:00,2010-08-30T00:00:00
15631,2010-03-07 14:52:00,1,596.67,39,85.38055555555556,0,1,2010-06-01T00:00:00,2009-12-03T00:00:00,2010-08-30T00:00:00
15633,2010-05-27 14:17:00,11,3838.67,155,4.404861111111111,1,0,2010-06-01T00:00:00,2009-12-03T00:00:00,2010-08-30T00:00:00
15636,2010-05-19 11:37:00,1,388.94,18,12.515972222222222,0,1,2010-06-01T00:00:00,2009-12-03T00:00:00,2010-08-30T00:00:00
15637,2010-03-09 10:02:00,2,412.98,18,83.58194444444445,1,0,2010-06-01T00:00:00,2009-12-03T00:00:00,2010-08-30T00:00:00
15638,2010-04-25 15:45:00,2,575.4,8,36.34375,0,1,2010-06-01T00:00:00,2009-12-03T00:00:00,2010-08-30T00:00:00
15639,2010-04-13 13:11:00,1,394.24,24,48.450694444444444,0,1,2010-06-01T00:00:00,2009-12-03T00:00:00,2010-08-30T00:00:00
15640,2010-04-08 09:43:00,6,4151.79,105,53.59513888888889,1,0,2010-06-01T00:00:00,2009-12-03T00:00:00,2010-08-30T00:00:00
15641,2010-04-29 09:38:00,4,1722.01,91,32.59861111111111,1,0,2010-06-01T00:00:00,2009-12-03T00:00:00,2010-08-30T00:00:00
15642,2009-12-10 11:51:00,1,105.78,6,172.50625,0,1,2010-06-01T00:00:00,2009-12-03T00:00:00,2010-08-30T00:00:00
15650,2010-03-21 11:46:00,1,359.08,25,71.50972222222222,1,0,2010-06-01T00:00:00,2009-12-03T00:00:00,2010-08-30T00:00:00
15651,2010-04-22 13:26:00,1,291.26,15,39.44027777777778,0,1,2010-06-01T00:00:00,2009-12-03T00:00:00,2010-08-30T00:00:00
15658,2009-12-03 11:19:00,1,321.65000000000003,17,179.52847222222223,1,0,2010-06-01T00:00:00,2009-12-03T00:00:00,2010-08-30T00:00:00
15659,2010-02-24 13:32:00,1,108.44,3,96.43611111111112,0,1,2010-06-01T00:00:00,2009-12-03T00:00:00,2010-08-30T00:00:00
15660,2010-05-20 17:43:00,3,368.12,17,11.261805555555556,1,0,2010-06-01T00:00:00,2009-12-03T00:00:00,2010-08-30T00:00:00
15661,2010-05-10 07:59:00,1,320.95,22,21.667361111111113,1,0,2010-06-01T00:00:00,2009-12-03T00:00:00,2010-08-30T00:00:00
15662,2010-02-16 16:47:00,1,177.88000000000002,8,104.30069444444445,0,1,2010-06-01T00:00:00,2009-12-03T00:00:00,2010-08-30T00:00:00
15664,2010-05-07 08:17:00,2,527.78,33,24.65486111111111,0,1,2010-06-01T00:00:00,2009-12-03T00:00:00,2010-08-30T00:00:00
15665,2010-03-14 15:07:00,1,591.43,65,78.37013888888889,1,0,2010-06-01T00:00:00,2009-12-03T00:00:00,2010-08-30T00:00:00
15672,2009-12-14 16:52:00,1,45.300000000000004,3,168.29722222222222,0,1,2010-06-01T00:00:00,2009-12-03T00:00:00,2010-08-30T00:00:00
15673,2010-05-17 10:14:00,3,1780.81,53,14.573611111111111,1,0,2010-06-01T00:00:00,2009-12-03T00:00:00,2010-08-30T00:00:00
15674,2010-05-28 09:40:00,4,2660.98,143,3.5972222222222223,1,0,2010-06-01T00:00:00,2009-12-03T00:00:00,2010-08-30T00:00:00
15680,2010-05-07 09:40:00,4,1375.49,91,24.59722222222222,1,0,2010-06-01T00:00:00,2009-12-03T00:00:00,2010-08-30T00:00:00
15681,2010-05-24 14:18:00,1,416.5,11,7.404166666666667,1,0,2010-06-01T00:00:00,2009-12-03T00:00:00,2010-08-30T00:00:00
15682,2010-04-19 15:30:00,2,318.24,25,42.354166666666664,0,1,2010-06-01T00:00:00,2009-12-03T00:00:00,2010-08-30T00:00:00
15684,2010-01-07 11:21:00,2,119.3,9,144.52708333333334,1,0,2010-06-01T00:00:00,2009-12-03T00:00:00,2010-08-30T00:00:00
15689,2010-04-01 09:53:00,1,266.93,15,60.58819444444445,0,1,2010-06-01T00:00:00,2009-12-03T00:00:00,2010-08-30T00:00:00
15691,2010-04-29 11:53:00,2,359.5,10,32.50486111111111,0,1,2010-06-01T00:00:00,2009-12-03T00:00:00,2010-08-30T00:00:00
15693,2010-02-18 14:37:00,1,37.5,1,102.39097222222222,0,1,2010-06-01T00:00:00,2009-12-03T00:00:00,2010-08-30T00:00:00
15694,2010-04-23 14:03:00,2,811.47,14,38.41458333333333,1,0,2010-06-01T00:00:00,2009-12-03T00:00:00,2010-08-30T00:00:00
15695,2010-04-21 10:36:00,2,721.0600000000001,37,40.55833333333333,0,1,2010-06-01T00:00:00,2009-12-03T00:00:00,2010-08-30T00:00:00
15696,2010-05-11 15:31:00,3,810.57,34,20.353472222222223,1,0,2010-06-01T00:00:00,2009-12-03T00:00:00,2010-08-30T00:00:00
15697,2010-01-19 09:10:00,1,246.75,14,132.61805555555554,0,1,2010-06-01T00:00:00,2009-12-03T00:00:00,2010-08-30T00:00:00
15698,2010-03-25 17:38:00,1,46.2,2,67.26527777777778,0,1,2010-06-01T00:00:00,2009-12-03T00:00:00,2010-08-30T00:00:00
15702,2010-01-26 17:23:00,1,27.82,1,125.27569444444444,1,0,2010-06-01T00:00:00,2009-12-03T00:00:00,2010-08-30T00:00:00
15704,2010-05-05 14:51:00,1,841.1700000000001,53,26.38125,1,0,2010-06-01T00:00:00,2009-12-03T00:00:00,2010-08-30T00:00:00
15709,2010-04-29 18:31:00,1,194.6,21,32.22847222222222,0,1,2010-06-01T00:00:00,2009-12-03T00:00:00,2010-08-30T00:00:00
15711,2010-01-24 12:13:00,1,106.65,7,127.49097222222223,1,0,2010-06-01T00:00:00,2009-12-03T00:00:00,2010-08-30T00:00:00
15712,2010-02-07 11:16:00,2,937.1,38,113.53055555555555,1,0,2010-06-01T00:00:00,2009-12-03T00:00:00,2010-08-30T00:00:00
15713,2010-03-30 10:26:00,2,482.94,33,62.56527777777778,0,1,2010-06-01T00:00:00,2009-12-03T00:00:00,2010-08-30T00:00:00
15715,2010-04-22 15:33:00,2,484.98,28,39.35208333333333,1,0,2010-06-01T00:00:00,2009-12-03T00:00:00,2010-08-30T00:00:00
15716,2010-05-16 12:18:00,4,828.21,122,15.4875,1,0,2010-06-01T00:00:00,2009-12-03T00:00:00,2010-08-30T00:00:00
15717,2010-04-26 10:41:00,1,73.5,3,35.55486111111111,1,0,2010-06-01T00:00:00,2009-12-03T00:00:00,2010-08-30T00:00:00
15719,2010-05-27 12:03:00,9,2591.73,407,4.497916666666667,1,0,2010-06-01T00:00:00,2009-12-03T00:00:00,2010-08-30T00:00:00
15722,2010-04-15 15:28:00,3,1122.04,53,46.355555555555554,1,0,2010-06-01T00:00:00,2009-12-03T00:00:00,2010-08-30T00:00:00
15723,2010-05-14 12:55:00,1,236.36,47,17.461805555555557,0,1,2010-06-01T00:00:00,2009-12-03T00:00:00,2010-08-30T00:00:00
15727,2010-05-19 11:39:00,2,1721.43,186,12.514583333333333,1,0,2010-06-01T00:00:00,2009-12-03T00:00:00,2010-08-30T00:00:00
15732,2010-05-02 12:31:00,7,889.63,61,29.478472222222223,1,0,2010-06-01T00:00:00,2009-12-03T00:00:00,2010-08-30T00:00:00
15738,2010-05-28 12:53:00,15,5113.08,212,3.4631944444444445,1,0,2010-06-01T00:00:00,2009-12-03T00:00:00,2010-08-30T00:00:00
15741,2010-03-31 11:55:00,1,63.150000000000006,3,61.50347222222222,0,1,2010-06-01T00:00:00,2009-12-03T00:00:00,2010-08-30T00:00:00
15742,2010-03-30 15:25:00,1,156.87,41,62.357638888888886,0,1,2010-06-01T00:00:00,2009-12-03T00:00:00,2010-08-30T00:00:00
15747,2010-04-23 16:02:00,2,357.33,37,38.331944444444446,1,0,2010-06-01T00:00:00,2009-12-03T00:00:00,2010-08-30T00:00:00
15750,2010-05-26 10:41:00,2,730.51,72,5.554861111111111,1,0,2010-06-01T00:00:00,2009-12-03T00:00:00,2010-08-30T00:00:00
15751,2010-03-07 15:01:00,7,810.92,70,85.37430555555555,1,0,2010-06-01T00:00:00,2009-12-03T00:00:00,2010-08-30T00:00:00
15754,2010-04-01 10:34:00,4,2126.82,90,60.55972222222222,1,0,2010-06-01T00:00:00,2009-12-03T00:00:00,2010-08-30T00:00:00
15755,2010-04-25 10:51:00,5,1665.43,101,36.547916666666666,1,0,2010-06-01T00:00:00,2009-12-03T00:00:00,2010-08-30T00:00:00
15759,2010-05-14 12:44:00,1,127.2,2,17.469444444444445,1,0,2010-06-01T00:00:00,2009-12-03T00:00:00,2010-08-30T00:00:00
15760,2010-03-19 11:45:00,2,13916.34,2,73.51041666666667,0,1,2010-06-01T00:00:00,2009-12-03T00:00:00,2010-08-30T00:00:00
15765,2010-02-11 10:25:00,1,370.63,25,109.56597222222223,0,1,2010-06-01T00:00:00,2009-12-03T00:00:00,2010-08-30T00:00:00
15766,2010-01-26 15:55:00,1,201.60000000000002,6,125.33680555555556,0,1,2010-06-01T00:00:00,2009-12-03T00:00:00,2010-08-30T00:00:00
15768,2010-05-27 14:27:00,24,12057.77,1066,4.397916666666666,1,0,2010-06-01T00:00:00,2009-12-03T00:00:00,2010-08-30T00:00:00
15769,2010-05-17 15:14:00,7,14661.0,43,14.365277777777777,1,0,2010-06-01T00:00:00,2009-12-03T00:00:00,2010-08-30T00:00:00
15770,2010-04-06 11:47:00,1,321.45,18,55.509027777777774,0,1,2010-06-01T00:00:00,2009-12-03T00:00:00,2010-08-30T00:00:00
15771,2010-04-14 13:56:00,3,1006.54,28,47.419444444444444,0,1,2010-06-01T00:00:00,2009-12-03T00:00:00,2010-08-30T00:00:00
15774,2010-05-16 12:15:00,3,513.84,45,15.489583333333334,1,0,2010-06-01T00:00:00,2009-12-03T00:00:00,2010-08-30T00:00:00
15775,2010-03-18 07:32:00,1,45.599999999999994,2,74.68611111111112,0,1,2010-06-01T00:00:00,2009-12-03T00:00:00,2010-08-30T00:00:00
15777,2010-05-20 10:37:00,1,9.3,1,11.557638888888889,0,1,2010-06-01T00:00:00,2009-12-03T00:00:00,2010-08-30T00:00:00
15784,2010-02-05 14:42:00,1,466.19,28,115.3875,1,0,2010-06-01T00:00:00,2009-12-03T00:00:00,2010-08-30T00:00:00
15785,2010-05-27 15:29:00,5,1773.93,76,4.354861111111111,1,0,2010-06-01T00:00:00,2009-12-03T00:00:00,2010-08-30T00:00:00
15789,2010-03-26 11:21:00,1,383.75,27,66.52708333333334,1,0,2010-06-01T00:00:00,2009-12-03T00:00:00,2010-08-30T00:00:00
15791,2010-04-28 11:29:00,2,997.38,49,33.52152777777778,1,0,2010-06-01T00:00:00,2009-12-03T00:00:00,2010-08-30T00:00:00
15792,2010-03-31 09:42:00,1,476.84000000000003,28,61.59583333333333,0,1,2010-06-01T00:00:00,2009-12-03T00:00:00,2010-08-30T00:00:00
15793,2010-04-19 09:54:00,2,501.0,7,42.5875,0,1,2010-06-01T00:00:00,2009-12-03T00:00:00,2010-08-30T00:00:00
15794,2009-12-03 13:04:00,1,102.0,1,179.45555555555555,0,1,2010-06-01T00:00:00,2009-12-03T00:00:00,2010-08-30T00:00:00
15795,2010-05-02 12:13:00,6,986.38,70,29.490972222222222,0,1,2010-06-01T00:00:00,2009-12-03T00:00:00,2010-08-30T00:00:00
15796,2010-04-18 10:39:00,2,657.98,51,43.55625,1,0,2010-06-01T00:00:00,2009-12-03T00:00:00,2010-08-30T00:00:00
15797,2010-05-07 15:09:00,2,613.6800000000001,4,24.36875,0,1,2010-06-01T00:00:00,2009-12-03T00:00:00,2010-08-30T00:00:00
15798,2010-03-04 09:08:00,2,1124.66,64,88.61944444444444,1,0,2010-06-01T00:00:00,2009-12-03T00:00:00,2010-08-30T00:00:00
15800,2010-03-31 13:29:00,4,361.03,64,61.43819444444444,0,1,2010-06-01T00:00:00,2009-12-03T00:00:00,2010-08-30T00:00:00
15803,2010-02-01 16:29:00,1,603.8,18,119.31319444444445,0,1,2010-06-01T00:00:00,2009-12-03T00:00:00,2010-08-30T00:00:00
15805,2010-05-13 09:57:00,4,1933.57,83,18.585416666666667,1,0,2010-06-01T00:00:00,2009-12-03T00:00:00,2010-08-30T00:00:00
15807,2010-02-11 15:32:00,1,401.94,17,109.35277777777777,0,1,2010-06-01T00:00:00,2009-12-03T00:00:00,2010-08-30T00:00:00
15808,2010-05-24 15:32:00,9,7310.25,345,7.352777777777778,1,0,2010-06-01T00:00:00,2009-12-03T00:00:00,2010-08-30T00:00:00
15810,2010-03-22 10:08:00,2,849.2,42,70.57777777777778,0,1,2010-06-01T00:00:00,2009-12-03T00:00:00,2010-08-30T00:00:00
15812,2010-04-15 08:38:00,4,1179.68,65,46.640277777777776,1,0,2010-06-01T00:00:00,2009-12-03T00:00:00,2010-08-30T00:00:00
15814,2010-04-15 14:31:00,1,294.08,9,46.39513888888889,0,1,2010-06-01T00:00:00,2009-12-03T00:00:00,2010-08-30T00:00:00
15818,2010-04-30 12:58:00,1,340.5,11,31.459722222222222,0,1,2010-06-01T00:00:00,2009-12-03T00:00:00,2010-08-30T00:00:00
15819,2010-04-30 11:58:00,4,1030.3,68,31.50138888888889,1,0,2010-06-01T00:00:00,2009-12-03T00:00:00,2010-08-30T00:00:00
15822,2010-05-05 11:27:00,2,641.4200000000001,20,26.522916666666667,1,0,2010-06-01T00:00:00,2009-12-03T00:00:00,2010-08-30T00:00:00
15823,2009-12-10 18:03:00,2,3867.17,154,172.24791666666667,0,1,2010-06-01T00:00:00,2009-12-03T00:00:00,2010-08-30T00:00:00
15826,2010-05-20 17:00:00,1,943.97,51,11.291666666666666,0,1,2010-06-01T00:00:00,2009-12-03T00:00:00,2010-08-30T00:00:00
15827,2010-05-27 10:45:00,8,1059.1,58,4.552083333333333,1,0,2010-06-01T00:00:00,2009-12-03T00:00:00,2010-08-30T00:00:00
15838,2010-04-25 11:15:00,3,1560.56,7,36.53125,1,0,2010-06-01T00:00:00,2009-12-03T00:00:00,2010-08-30T00:00:00
15841,2009-12-20 10:13:00,2,603.75,14,162.57430555555555,1,0,2010-06-01T00:00:00,2009-12-03T00:00:00,2010-08-30T00:00:00
15845,2010-04-27 09:09:00,2,595.96,32,34.61875,1,0,2010-06-01T00:00:00,2009-12-03T00:00:00,2010-08-30T00:00:00
15847,2010-03-08 08:47:00,1,80.62,6,84.63402777777777,0,1,2010-06-01T00:00:00,2009-12-03T00:00:00,2010-08-30T00:00:00
15848,2010-03-28 10:54:00,1,137.99,34,64.54583333333333,0,1,2010-06-01T00:00:00,2009-12-03T00:00:00,2010-08-30T00:00:00
15850,2009-12-13 13:27:00,1,106.65,32,169.43958333333333,1,0,2010-06-01T00:00:00,2009-12-03T00:00:00,2010-08-30T00:00:00
15854,2010-05-20 11:04:00,3,900.33,32,11.53888888888889,1,0,2010-06-01T00:00:00,2009-12-03T00:00:00,2010-08-30T00:00:00
15856,2010-05-26 17:17:00,11,7674.25,177,5.279861111111111,1,0,2010-06-01T00:00:00,2009-12-03T00:00:00,2010-08-30T00:00:00
15858,2010-03-18 12:44:00,4,959.57,97,74.46944444444445,1,0,2010-06-01T00:00:00,2009-12-03T00:00:00,2010-08-30T00:00:00
15860,2010-05-30 11:41:00,5,616.92,96,1.5131944444444445,0,1,2010-06-01T00:00:00,2009-12-03T00:00:00,2010-08-30T00:00:00
15861,2010-05-21 14:24:00,3,910.57,179,10.4,0,1,2010-06-01T00:00:00,2009-12-03T00:00:00,2010-08-30T00:00:00
15862,2010-05-28 11:13:00,7,1243.89,264,3.532638888888889,1,0,2010-06-01T00:00:00,2009-12-03T00:00:00,2010-08-30T00:00:00
15863,2010-04-01 15:40:00,3,286.26,59,60.34722222222222,0,1,2010-06-01T00:00:00,2009-12-03T00:00:00,2010-08-30T00:00:00
15865,2010-01-05 13:58:00,1,706.55,57,146.41805555555555,0,1,2010-06-01T00:00:00,2009-12-03T00:00:00,2010-08-30T00:00:00
15867,2010-04-26 14:47:00,10,2919.14,321,35.384027777777774,1,0,2010-06-01T00:00:00,2009-12-03T00:00:00,2010-08-30T00:00:00
15868,2010-05-05 14:11:00,1,94.53,4,26.409027777777776,0,1,2010-06-01T00:00:00,2009-12-03T00:00:00,2010-08-30T00:00:00
15869,2010-03-23 16:50:00,1,171.47,19,69.29861111111111,0,1,2010-06-01T00:00:00,2009-12-03T00:00:00,2010-08-30T00:00:00
15874,2010-05-18 14:46:00,8,3316.51,124,13.384722222222223,1,0,2010-06-01T00:00:00,2009-12-03T00:00:00,2010-08-30T00:00:00
15875,2010-03-03 16:51:00,1,108.52,23,89.29791666666667,0,1,2010-06-01T00:00:00,2009-12-03T00:00:00,2010-08-30T00:00:00
15878,2010-05-27 12:17:00,2,330.77,51,4.488194444444445,0,1,2010-06-01T00:00:00,2009-12-03T00:00:00,2010-08-30T00:00:00
15879,2010-05-19 17:49:00,2,605.72,103,12.25763888888889,1,0,2010-06-01T00:00:00,2009-12-03T00:00:00,2010-08-30T00:00:00
15882,2010-02-01 17:05:00,2,347.94,27,119.28819444444444,1,0,2010-06-01T00:00:00,2009-12-03T00:00:00,2010-08-30T00:00:00
15884,2009-12-03 18:23:00,1,236.70000000000002,13,179.23402777777778,0,1,2010-06-01T00:00:00,2009-12-03T00:00:00,2010-08-30T00:00:00
15885,2010-04-20 12:29:00,4,504.85,35,41.47986111111111,1,0,2010-06-01T00:00:00,2009-12-03T00:00:00,2010-08-30T00:00:00
15886,2010-04-20 15:03:00,1,294.37,23,41.37291666666667,0,1,2010-06-01T00:00:00,2009-12-03T00:00:00,2010-08-30T00:00:00
15889,2010-05-04 13:49:00,5,768.22,163,27.424305555555556,0,1,2010-06-01T00:00:00,2009-12-03T00:00:00,2010-08-30T00:00:00
15890,2010-04-21 13:53:00,2,286.95,4,40.421527777777776,0,1,2010-06-01T00:00:00,2009-12-03T00:00:00,2010-08-30T00:00:00
15892,2010-02-08 16:23:00,1,128.2,38,112.31736111111111,0,1,2010-06-01T00:00:00,2009-12-03T00:00:00,2010-08-30T00:00:00
15898,2010-05-25 13:08:00,13,2421.1,383,6.4527777777777775,1,0,2010-06-01T00:00:00,2009-12-03T00:00:00,2010-08-30T00:00:00
15900,2010-05-26 11:27:00,1,136.22,18,5.522916666666666,0,1,2010-06-01T00:00:00,2009-12-03T00:00:00,2010-08-30T00:00:00
15903,2010-01-14 10:57:00,1,39.8,1,137.54375,1,0,2010-06-01T00:00:00,2009-12-03T00:00:00,2010-08-30T00:00:00
15910,2010-04-15 10:49:00,3,558.66,139,46.549305555555556,1,0,2010-06-01T00:00:00,2009-12-03T00:00:00,2010-08-30T00:00:00
15911,2010-03-26 12:06:00,8,1700.24,258,66.49583333333334,0,1,2010-06-01T00:00:00,2009-12-03T00:00:00,2010-08-30T00:00:00
15912,2010-05-19 11:00:00,6,654.99,66,12.541666666666666,0,1,2010-06-01T00:00:00,2009-12-03T00:00:00,2010-08-30T00:00:00
15916,2010-05-30 14:13:00,4,1081.45,115,1.4076388888888889,0,1,2010-06-01T00:00:00,2009-12-03T00:00:00,2010-08-30T00:00:00
15917,2010-04-12 15:01:00,2,300.4,94,49.37430555555556,0,1,2010-06-01T00:00:00,2009-12-03T00:00:00,2010-08-30T00:00:00
15918,2010-03-18 11:40:00,1,248.65,21,74.51388888888889,0,1,2010-06-01T00:00:00,2009-12-03T00:00:00,2010-08-30T00:00:00
15920,2010-03-24 13:14:00,3,164.49,21,68.4486111111111,1,0,2010-06-01T00:00:00,2009-12-03T00:00:00,2010-08-30T00:00:00
15921,2010-03-09 11:03:00,1,100.18,13,83.53958333333334,0,1,2010-06-01T00:00:00,2009-12-03T00:00:00,2010-08-30T00:00:00
15924,2009-12-08 15:00:00,1,102.82,15,174.375,0,1,2010-06-01T00:00:00,2009-12-03T00:00:00,2010-08-30T00:00:00
15927,2010-03-02 13:25:00,1,106.54,15,90.44097222222223,0,1,2010-06-01T00:00:00,2009-12-03T00:00:00,2010-08-30T00:00:00
15928,2010-02-21 15:16:00,1,293.53,11,99.3638888888889,0,1,2010-06-01T00:00:00,2009-12-03T00:00:00,2010-08-30T00:00:00
15929,2010-03-05 14:56:00,1,594.0,1,87.37777777777778,0,1,2010-06-01T00:00:00,2009-12-03T00:00:00,2010-08-30T00:00:00
15941,2010-03-12 14:45:00,1,405.0,6,80.38541666666667,0,1,2010-06-01T00:00:00,2009-12-03T00:00:00,2010-08-30T00:00:00
15943,2010-02-28 12:49:00,2,271.28999999999996,12,92.46597222222222,0,1,2010-06-01T00:00:00,2009-12-03T00:00:00,2010-08-30T00:00:00
15944,2009-12-13 12:57:00,1,588.4,8,169.46041666666667,1,0,2010-06-01T00:00:00,2009-12-03T00:00:00,2010-08-30T00:00:00
15945,2010-01-15 17:36:00,1,226.49,13,136.26666666666668,0,1,2010-06-01T00:00:00,2009-12-03T00:00:00,2010-08-30T00:00:00
15946,2010-03-16 10:49:00,1,1155.02,11,76.54930555555555,1,0,2010-06-01T00:00:00,2009-12-03T00:00:00,2010-08-30T00:00:00
15950,2010-03-04 11:11:00,2,1308.46,79,88.53402777777778,1,0,2010-06-01T00:00:00,2009-12-03T00:00:00,2010-08-30T00:00:00
15953,2010-02-28 13:00:00,3,630.21,24,92.45833333333333,1,0,2010-06-01T00:00:00,2009-12-03T00:00:00,2010-08-30T00:00:00
15954,2010-04-29 13:35:00,1,190.75,20,32.43402777777778,0,1,2010-06-01T00:00:00,2009-12-03T00:00:00,2010-08-30T00:00:00
15955,2010-05-06 19:49:00,3,1623.63,66,25.174305555555556,0,1,2010-06-01T00:00:00,2009-12-03T00:00:00,2010-08-30T00:00:00
15956,2009-12-13 11:16:00,1,326.4,1,169.53055555555557,1,0,2010-06-01T00:00:00,2009-12-03T00:00:00,2010-08-30T00:00:00
15959,2010-01-26 16:38:00,3,542.89,71,125.30694444444444,0,1,2010-06-01T00:00:00,2009-12-03T00:00:00,2010-08-30T00:00:00
15964,2010-02-14 15:30:00,1,269.21000000000004,20,106.35416666666667,0,1,2010-06-01T00:00:00,2009-12-03T00:00:00,2010-08-30T00:00:00
15965,2010-04-13 13:02:00,4,840.5,75,48.456944444444446,1,0,2010-06-01T00:00:00,2009-12-03T00:00:00,2010-08-30T00:00:00
15967,2010-05-18 12:14:00,3,482.18,76,13.490277777777777,1,0,2010-06-01T00:00:00,2009-12-03T00:00:00,2010-08-30T00:00:00
15970,2010-04-20 11:30:00,1,703.22,13,41.520833333333336,0,1,2010-06-01T00:00:00,2009-12-03T00:00:00,2010-08-30T00:00:00
15971,2009-12-15 16:45:00,2,446.28,3,167.30208333333334,0,1,2010-06-01T00:00:00,2009-12-03T00:00:00,2010-08-30T00:00:00
15972,2010-05-14 15:37:00,2,1081.42,90,17.349305555555556,1,0,2010-06-01T00:00:00,2009-12-03T00:00:00,2010-08-30T00:00:00
15978,2010-03-05 14:39:00,1,599.12,32,87.38958333333333,0,1,2010-06-01T00:00:00,2009-12-03T00:00:00,2010-08-30T00:00:00
15979,2010-04-16 11:35:00,1,329.21999999999997,22,45.517361111111114,0,1,2010-06-01T00:00:00,2009-12-03T00:00:00,2010-08-30T00:00:00
15981,2010-05-18 14:52:00,4,2137.44,80,13.380555555555556,1,0,2010-06-01T00:00:00,2009-12-03T00:00:00,2010-08-30T00:00:00
15982,2010-04-13 15:47:00,1,324.51,45,48.34236111111111,0,1,2010-06-01T00:00:00,2009-12-03T00:00:00,2010-08-30T00:00:00
15983,2009-12-13 11:28:00,3,1184.59,91,169.5222222222222,0,1,2010-06-01T00:00:00,2009-12-03T00:00:00,2010-08-30T00:00:00
15984,2010-05-26 11:23:00,11,2824.44,231,5.5256944444444445,1,0,2010-06-01T00:00:00,2009-12-03T00:00:00,2010-08-30T00:00:00
15985,2010-05-27 15:51:00,1,487.92,24,4.339583333333334,1,0,2010-06-01T00:00:00,2009-12-03T00:00:00,2010-08-30T00:00:00
15988,2010-02-21 11:36:00,1,268.8,16,99.51666666666667,1,0,2010-06-01T00:00:00,2009-12-03T00:00:00,2010-08-30T00:00:00
15990,2010-04-26 11:02:00,4,845.88,85,35.540277777777774,1,0,2010-06-01T00:00:00,2009-12-03T00:00:00,2010-08-30T00:00:00
15994,2010-03-14 11:55:00,1,390.46000000000004,36,78.50347222222223,0,1,2010-06-01T00:00:00,2009-12-03T00:00:00,2010-08-30T00:00:00
15998,2010-03-23 11:20:00,5,2010.7,356,69.52777777777777,1,0,2010-06-01T00:00:00,2009-12-03T00:00:00,2010-08-30T00:00:00
15999,2009-12-04 12:31:00,1,20.4,1,178.47847222222222,0,1,2010-06-01T00:00:00,2009-12-03T00:00:00,2010-08-30T00:00:00
16002,2010-03-24 13:08:00,1,169.21,42,68.45277777777778,0,1,2010-06-01T00:00:00,2009-12-03T00:00:00,2010-08-30T00:00:00
16003,2010-03-24 10:09:00,3,997.27,35,68.57708333333333,0,1,2010-06-01T00:00:00,2009-12-03T00:00:00,2010-08-30T00:00:00
16004,2010-05-25 15:30:00,3,1763.44,73,6.354166666666667,1,0,2010-06-01T00:00:00,2009-12-03T00:00:00,2010-08-30T00:00:00
16008,2010-05-26 12:23:00,4,849.39,55,5.4840277777777775,1,0,2010-06-01T00:00:00,2009-12-03T00:00:00,2010-08-30T00:00:00
16011,2010-05-30 12:39:00,5,750.28,66,1.4729166666666667,1,0,2010-06-01T00:00:00,2009-12-03T00:00:00,2010-08-30T00:00:00
16013,2010-05-26 10:41:00,15,5081.12,39,5.554861111111111,1,0,2010-06-01T00:00:00,2009-12-03T00:00:00,2010-08-30T00:00:00
16014,2010-01-31 12:43:00,1,246.92,72,120.47013888888888,0,1,2010-06-01T00:00:00,2009-12-03T00:00:00,2010-08-30T00:00:00
16017,2010-03-18 11:38:00,3,927.35,64,74.51527777777778,0,1,2010-06-01T00:00:00,2009-12-03T00:00:00,2010-08-30T00:00:00
16018,2009-12-07 13:57:00,1,195.78,20,175.41875,0,1,2010-06-01T00:00:00,2009-12-03T00:00:00,2010-08-30T00:00:00
16019,2010-03-29 10:56:00,8,4264.32,77,63.544444444444444,1,0,2010-06-01T00:00:00,2009-12-03T00:00:00,2010-08-30T00:00:00
16027,2010-05-07 10:49:00,7,961.1,17,24.549305555555556,0,1,2010-06-01T00:00:00,2009-12-03T00:00:00,2010-08-30T00:00:00
16028,2010-04-23 11:45:00,1,82.2,5,38.510416666666664,0,1,2010-06-01T00:00:00,2009-12-03T00:00:00,2010-08-30T00:00:00
16029,2010-05-21 11:36:00,24,25548.52,74,10.516666666666667,1,0,2010-06-01T00:00:00,2009-12-03T00:00:00,2010-08-30T00:00:00
16035,2010-05-28 15:09:00,1,217.73,21,3.36875,0,1,2010-06-01T00:00:00,2009-12-03T00:00:00,2010-08-30T00:00:00
16036,2010-03-29 14:47:00,1,848.6800000000001,37,63.384027777777774,0,1,2010-06-01T00:00:00,2009-12-03T00:00:00,2010-08-30T00:00:00
16037,2010-03-01 12:31:00,1,353.72,14,91.47847222222222,1,0,2010-06-01T00:00:00,2009-12-03T00:00:00,2010-08-30T00:00:00
16039,2010-03-21 15:17:00,1,143.48000000000002,11,71.36319444444445,0,1,2010-06-01T00:00:00,2009-12-03T00:00:00,2010-08-30T00:00:00
16040,2010-04-09 10:12:00,1,374.95,22,52.575,1,0,2010-06-01T00:00:00,2009-12-03T00:00:00,2010-08-30T00:00:00
16046,2010-05-26 13:18:00,1,235.78,22,5.445833333333334,0,1,2010-06-01T00:00:00,2009-12-03T00:00:00,2010-08-30T00:00:00
16047,2010-01-26 16:34:00,1,107.14,1,125.30972222222222,0,1,2010-06-01T00:00:00,2009-12-03T00:00:00,2010-08-30T00:00:00
16051,2010-01-27 09:38:00,1,188.44,12,124.59861111111111,0,1,2010-06-01T00:00:00,2009-12-03T00:00:00,2010-08-30T00:00:00
16053,2010-04-08 11:11:00,1,632.66,44,53.53402777777778,0,1,2010-06-01T00:00:00,2009-12-03T00:00:00,2010-08-30T00:00:00
16054,2010-04-01 18:37:00,1,452.48,20,60.22430555555555,1,0,2010-06-01T00:00:00,2009-12-03T00:00:00,2010-08-30T00:00:00
16057,2010-02-22 11:13:00,2,1265.43,78,98.53263888888888,1,0,2010-06-01T00:00:00,2009-12-03T00:00:00,2010-08-30T00:00:00
16059,2010-05-19 13:04:00,1,197.8,48,12.455555555555556,1,0,2010-06-01T00:00:00,2009-12-03T00:00:00,2010-08-30T00:00:00
16064,2009-12-14 16:11:00,1,109.31,17,168.32569444444445,0,1,2010-06-01T00:00:00,2009-12-03T00:00:00,2010-08-30T00:00:00
16067,2010-05-26 12:33:00,3,3269.11,68,5.477083333333334,0,1,2010-06-01T00:00:00,2009-12-03T00:00:00,2010-08-30T00:00:00
16068,2010-04-25 11:52:00,1,115.73,35,36.50555555555555,0,1,2010-06-01T00:00:00,2009-12-03T00:00:00,2010-08-30T00:00:00
16071,2010-03-23 10:28:00,2,566.16,41,69.56388888888888,1,0,2010-06-01T00:00:00,2009-12-03T00:00:00,2010-08-30T00:00:00
16075,2010-05-24 15:57:00,1,469.70000000000005,25,7.335416666666666,1,0,2010-06-01T00:00:00,2009-12-03T00:00:00,2010-08-30T00:00:00
16077,2010-03-24 10:42:00,1,2300.4,8,68.55416666666666,0,1,2010-06-01T00:00:00,2009-12-03T00:00:00,2010-08-30T00:00:00
16078,2010-02-08 13:29:00,1,283.79,38,112.43819444444445,0,1,2010-06-01T00:00:00,2009-12-03T00:00:00,2010-08-30T00:00:00
16081,2010-05-14 12:06:00,2,264.39,55,17.495833333333334,0,1,2010-06-01T00:00:00,2009-12-03T00:00:00,2010-08-30T00:00:00
16082,2010-02-07 15:16:00,1,106.75,16,113.3638888888889,0,1,2010-06-01T00:00:00,2009-12-03T00:00:00,2010-08-30T00:00:00
16085,2010-03-31 10:41:00,3,679.65,115,61.55486111111111,1,0,2010-06-01T00:00:00,2009-12-03T00:00:00,2010-08-30T00:00:00
16086,2010-04-21 13:28:00,1,357.62,15,40.43888888888889,1,0,2010-06-01T00:00:00,2009-12-03T00:00:00,2010-08-30T00:00:00
16087,2010-04-09 12:33:00,3,997.24,6,52.47708333333333,0,1,2010-06-01T00:00:00,2009-12-03T00:00:00,2010-08-30T00:00:00
16088,2010-05-13 10:16:00,2,1437.43,6,18.572222222222223,0,1,2010-06-01T00:00:00,2009-12-03T00:00:00,2010-08-30T00:00:00
16090,2010-03-25 13:05:00,1,180.56,18,67.45486111111111,0,1,2010-06-01T00:00:00,2009-12-03T00:00:00,2010-08-30T00:00:00
16092,2010-05-09 16:11:00,2,473.42,27,22.325694444444444,1,0,2010-06-01T00:00:00,2009-12-03T00:00:00,2010-08-30T00:00:00
16094,2010-05-17 14:14:00,2,690.75,39,14.406944444444445,1,0,2010-06-01T00:00:00,2009-12-03T00:00:00,2010-08-30T00:00:00
16096,2010-04-30 12:25:00,2,883.47,39,31.48263888888889,0,1,2010-06-01T00:00:00,2009-12-03T00:00:00,2010-08-30T00:00:00
16098,2010-04-16 10:49:00,3,760.31,40,45.549305555555556,1,0,2010-06-01T00:00:00,2009-12-03T00:00:00,2010-08-30T00:00:00
16099,2010-04-26 11:00:00,2,383.2,12,35.541666666666664,1,0,2010-06-01T00:00:00,2009-12-03T00:00:00,2010-08-30T00:00:00
16101,2010-05-27 12:50:00,1,823.51,51,4.465277777777778,1,0,2010-06-01T00:00:00,2009-12-03T00:00:00,2010-08-30T00:00:00
16103,2010-05-19 14:51:00,6,1557.88,49,12.38125,1,0,2010-06-01T00:00:00,2009-12-03T00:00:00,2010-08-30T00:00:00
16104,2010-04-11 10:16:00,6,1873.6,152,50.57222222222222,1,0,2010-06-01T00:00:00,2009-12-03T00:00:00,2010-08-30T00:00:00
16105,2010-04-14 13:27:00,1,595.55,31,47.43958333333333,1,0,2010-06-01T00:00:00,2009-12-03T00:00:00,2010-08-30T00:00:00
16108,2010-05-06 16:21:00,2,860.99,53,25.31875,0,1,2010-06-01T00:00:00,2009-12-03T00:00:00,2010-08-30T00:00:00
16109,2010-01-10 10:37:00,1,327.59999999999997,13,141.5576388888889,0,1,2010-06-01T00:00:00,2009-12-03T00:00:00,2010-08-30T00:00:00
16115,2010-05-14 11:59:00,1,189.07999999999998,33,17.500694444444445,1,0,2010-06-01T00:00:00,2009-12-03T00:00:00,2010-08-30T00:00:00
16117,2010-04-27 11:50:00,1,133.5,23,34.50694444444444,0,1,2010-06-01T00:00:00,2009-12-03T00:00:00,2010-08-30T00:00:00
16118,2010-02-25 09:40:00,1,4376.25,41,95.59722222222223,0,1,2010-06-01T00:00:00,2009-12-03T00:00:00,2010-08-30T00:00:00
16119,2010-05-02 13:24:00,2,313.19,16,29.441666666666666,1,0,2010-06-01T00:00:00,2009-12-03T00:00:00,2010-08-30T00:00:00
16121,2010-05-23 10:52:00,1,151.07,30,8.547222222222222,0,1,2010-06-01T00:00:00,2009-12-03T00:00:00,2010-08-30T00:00:00
16124,2010-05-05 10:53:00,2,931.64,45,26.54652777777778,0,1,2010-06-01T00:00:00,2009-12-03T00:00:00,2010-08-30T00:00:00
16125,2010-05-25 12:09:00,8,2739.15,192,6.49375,1,0,2010-06-01T00:00:00,2009-12-03T00:00:00,2010-08-30T00:00:00
16126,2010-05-06 18:01:00,4,1959.04,119,25.249305555555555,1,0,2010-06-01T00:00:00,2009-12-03T00:00:00,2010-08-30T00:00:00
16127,2009-12-13 12:19:00,1,145.06,35,169.48680555555555,0,1,2010-06-01T00:00:00,2009-12-03T00:00:00,2010-08-30T00:00:00
16130,2010-05-10 13:16:00,2,480.7,30,21.447222222222223,1,0,2010-06-01T00:00:00,2009-12-03T00:00:00,2010-08-30T00:00:00
16131,2010-04-22 09:50:00,1,3181.97,58,39.59027777777778,0,1,2010-06-01T00:00:00,2009-12-03T00:00:00,2010-08-30T00:00:00
16132,2010-03-22 10:25:00,1,353.4,10,70.56597222222223,1,0,2010-06-01T00:00:00,2009-12-03T00:00:00,2010-08-30T00:00:00
16133,2010-05-14 12:35:00,4,1416.43,45,17.475694444444443,1,0,2010-06-01T00:00:00,2009-12-03T00:00:00,2010-08-30T00:00:00
16135,2010-05-05 09:35:00,1,301.9,18,26.600694444444443,0,1,2010-06-01T00:00:00,2009-12-03T00:00:00,2010-08-30T00:00:00
16136,2010-02-14 12:49:00,1,237.42000000000002,9,106.46597222222222,0,1,2010-06-01T00:00:00,2009-12-03T00:00:00,2010-08-30T00:00:00
16137,2010-01-28 15:04:00,1,422.7,28,123.37222222222222,0,1,2010-06-01T00:00:00,2009-12-03T00:00:00,2010-08-30T00:00:00
16138,2010-04-28 09:51:00,1,516.21,12,33.58958333333333,1,0,2010-06-01T00:00:00,2009-12-03T00:00:00,2010-08-30T00:00:00
16139,2009-12-17 11:24:00,2,475.74,26,165.525,0,1,2010-06-01T00:00:00,2009-12-03T00:00:00,2010-08-30T00:00:00
16143,2010-05-13 11:41:00,3,1137.49,55,18.513194444444444,1,0,2010-06-01T00:00:00,2009-12-03T00:00:00,2010-08-30T00:00:00
16145,2010-05-04 13:31:00,1,853.35,49,27.436805555555555,1,0,2010-06-01T00:00:00,2009-12-03T00:00:00,2010-08-30T00:00:00
16147,2010-05-18 10:24:00,2,1186.3700000000001,76,13.566666666666666,0,1,2010-06-01T00:00:00,2009-12-03T00:00:00,2010-08-30T00:00:00
16150,2010-04-30 12:13:00,3,994.3199999999999,53,31.490972222222222,1,0,2010-06-01T00:00:00,2009-12-03T00:00:00,2010-08-30T00:00:00
16153,2010-05-26 12:41:00,1,1395.98,35,5.471527777777778,1,0,2010-06-01T00:00:00,2009-12-03T00:00:00,2010-08-30T00:00:00
16156,2010-03-05 12:09:00,3,773.6700000000001,31,87.49375,1,0,2010-06-01T00:00:00,2009-12-03T00:00:00,2010-08-30T00:00:00
16158,2010-04-16 13:16:00,7,474.42,25,45.44722222222222,1,0,2010-06-01T00:00:00,2009-12-03T00:00:00,2010-08-30T00:00:00
16159,2010-03-02 14:57:00,2,657.01,28,90.37708333333333,1,0,2010-06-01T00:00:00,2009-12-03T00:00:00,2010-08-30T00:00:00
16161,2010-05-14 11:50:00,5,576.4,62,17.506944444444443,1,0,2010-06-01T00:00:00,2009-12-03T00:00:00,2010-08-30T00:00:00
16163,2009-12-08 13:24:00,1,42.300000000000004,2,174.44166666666666,1,0,2010-06-01T00:00:00,2009-12-03T00:00:00,2010-08-30T00:00:00
16166,2010-01-17 14:16:00,1,239.84,12,134.40555555555557,0,1,2010-06-01T00:00:00,2009-12-03T00:00:00,2010-08-30T00:00:00
16167,2010-04-01 17:23:00,1,387.45,18,60.27569444444445,0,1,2010-06-01T00:00:00,2009-12-03T00:00:00,2010-08-30T00:00:00
16168,2010-05-24 10:53:00,11,1453.81,53,7.5465277777777775,1,0,2010-06-01T00:00:00,2009-12-03T00:00:00,2010-08-30T00:00:00
16170,2010-05-26 13:47:00,5,1680.43,101,5.425694444444445,1,0,2010-06-01T00:00:00,2009-12-03T00:00:00,2010-08-30T00:00:00
16174,2010-05-07 09:58:00,2,516.3,22,24.584722222222222,1,0,2010-06-01T00:00:00,2009-12-03T00:00:00,2010-08-30T00:00:00
16175,2010-05-25 12:01:00,1,289.65000000000003,15,6.499305555555556,1,0,2010-06-01T00:00:00,2009-12-03T00:00:00,2010-08-30T00:00:00
16176,2010-04-22 17:41:00,2,745.39,31,39.263194444444444,1,0,2010-06-01T00:00:00,2009-12-03T00:00:00,2010-08-30T00:00:00
16177,2010-05-20 13:56:00,2,707.28,40,11.419444444444444,1,0,2010-06-01T00:00:00,2009-12-03T00:00:00,2010-08-30T00:00:00
16182,2010-04-28 10:29:00,2,1209.0,10,33.56319444444444,1,0,2010-06-01T00:00:00,2009-12-03T00:00:00,2010-08-30T00:00:00
16185,2010-05-24 11:04:00,1,115.31,9,7.538888888888889,0,1,2010-06-01T00:00:00,2009-12-03T00:00:00,2010-08-30T00:00:00
16186,2010-05-27 12:34:00,5,1819.55,113,4.476388888888889,1,0,2010-06-01T00:00:00,2009-12-03T00:00:00,2010-08-30T00:00:00
16190,2010-05-28 13:42:00,3,986.97,52,3.4291666666666667,1,0,2010-06-01T00:00:00,2009-12-03T00:00:00,2010-08-30T00:00:00
16191,2009-12-11 12:24:00,1,348.6,8,171.48333333333332,1,0,2010-06-01T00:00:00,2009-12-03T00:00:00,2010-08-30T00:00:00
16192,2009-12-04 12:28:00,1,351.3,11,178.48055555555555,0,1,2010-06-01T00:00:00,2009-12-03T00:00:00,2010-08-30T00:00:00
16195,2009-12-16 14:09:00,1,323.25,16,166.41041666666666,0,1,2010-06-01T00:00:00,2009-12-03T00:00:00,2010-08-30T00:00:00
16197,2010-04-27 14:12:00,3,800.8,45,34.40833333333333,1,0,2010-06-01T00:00:00,2009-12-03T00:00:00,2010-08-30T00:00:00
16199,2010-03-18 18:47:00,1,66.0,1,74.21736111111112,1,0,2010-06-01T00:00:00,2009-12-03T00:00:00,2010-08-30T00:00:00
16200,2010-02-21 15:09:00,5,2062.03,152,99.36875,1,0,2010-06-01T00:00:00,2009-12-03T00:00:00,2010-08-30T00:00:00
16202,2010-03-01 09:30:00,3,815.1,35,91.60416666666667,1,0,2010-06-01T00:00:00,2009-12-03T00:00:00,2010-08-30T00:00:00
16204,2009-12-08 17:44:00,1,213.27,13,174.26111111111112,0,1,2010-06-01T00:00:00,2009-12-03T00:00:00,2010-08-30T00:00:00
16206,2010-05-30 11:37:00,2,455.5,52,1.5159722222222223,1,0,2010-06-01T00:00:00,2009-12-03T00:00:00,2010-08-30T00:00:00
16208,2010-05-16 14:41:00,3,1275.81,83,15.388194444444444,1,0,2010-06-01T00:00:00,2009-12-03T00:00:00,2010-08-30T00:00:00
16210,2010-04-27 13:48:00,10,5098.75,68,34.425,1,0,2010-06-01T00:00:00,2009-12-03T00:00:00,2010-08-30T00:00:00
16212,2010-03-31 12:16:00,2,603.37,37,61.48888888888889,0,1,2010-06-01T00:00:00,2009-12-03T00:00:00,2010-08-30T00:00:00
16218,2010-05-27 16:09:00,1,113.2,7,4.327083333333333,0,1,2010-06-01T00:00:00,2009-12-03T00:00:00,2010-08-30T00:00:00
16222,2009-12-18 14:31:00,1,498.50000000000006,23,164.39513888888888,0,1,2010-06-01T00:00:00,2009-12-03T00:00:00,2010-08-30T00:00:00
16225,2010-04-21 14:00:00,5,933.1700000000001,93,40.416666666666664,1,0,2010-06-01T00:00:00,2009-12-03T00:00:00,2010-08-30T00:00:00
16229,2010-05-24 12:59:00,1,420.36,25,7.459027777777778,1,0,2010-06-01T00:00:00,2009-12-03T00:00:00,2010-08-30T00:00:00
16231,2010-04-21 12:06:00,1,287.8,36,40.49583333333333,0,1,2010-06-01T00:00:00,2009-12-03T00:00:00,2010-08-30T00:00:00
16233,2010-05-24 10:44:00,2,520.55,21,7.552777777777778,1,0,2010-06-01T00:00:00,2009-12-03T00:00:00,2010-08-30T00:00:00
16234,2010-05-27 10:39:00,1,91.36,6,4.55625,1,0,2010-06-01T00:00:00,2009-12-03T00:00:00,2010-08-30T00:00:00
16242,2010-04-26 15:43:00,2,862.5,136,35.34513888888889,1,0,2010-06-01T00:00:00,2009-12-03T00:00:00,2010-08-30T00:00:00
16246,2010-02-08 12:32:00,1,166.9,24,112.47777777777777,0,1,2010-06-01T00:00:00,2009-12-03T00:00:00,2010-08-30T00:00:00
16253,2010-01-19 11:20:00,2,1025.38,77,132.52777777777777,1,0,2010-06-01T00:00:00,2009-12-03T00:00:00,2010-08-30T00:00:00
16254,2010-03-17 15:43:00,1,159.74,13,75.34513888888888,1,0,2010-06-01T00:00:00,2009-12-03T00:00:00,2010-08-30T00:00:00
16255,2010-03-14 12:18:00,2,613.62,80,78.4875,1,0,2010-06-01T00:00:00,2009-12-03T00:00:00,2010-08-30T00:00:00
16256,2010-04-21 10:34:00,1,569.84,10,40.55972222222222,1,0,2010-06-01T00:00:00,2009-12-03T00:00:00,2010-08-30T00:00:00
16258,2010-04-30 08:01:00,3,1575.79,57,31.665972222222223,1,0,2010-06-01T00:00:00,2009-12-03T00:00:00,2010-08-30T00:00:00
16259,2010-04-13 17:15:00,2,157.87,37,48.28125,0,1,2010-06-01T00:00:00,2009-12-03T00:00:00,2010-08-30T00:00:00
16266,2010-04-06 14:18:00,2,271.12,16,55.40416666666667,1,0,2010-06-01T00:00:00,2009-12-03T00:00:00,2010-08-30T00:00:00
16267,2010-04-27 14:10:00,1,186.66,7,34.40972222222222,0,1,2010-06-01T00:00:00,2009-12-03T00:00:00,2010-08-30T00:00:00
16271,2010-03-07 12:03:00,1,666.44,56,85.49791666666667,1,0,2010-06-01T00:00:00,2009-12-03T00:00:00,2010-08-30T00:00:00
16273,2010-03-01 13:24:00,2,318.34000000000003,15,91.44166666666666,0,1,2010-06-01T00:00:00,2009-12-03T00:00:00,2010-08-30T00:00:00
16275,2010-03-08 14:41:00,1,695.84,33,84.38819444444445,1,0,2010-06-01T00:00:00,2009-12-03T00:00:00,2010-08-30T00:00:00
16276,2010-04-11 12:02:00,1,1057.3600000000001,12,50.49861111111111,1,0,2010-06-01T00:00:00,2009-12-03T00:00:00,2010-08-30T00:00:00
16277,2009-12-06 11:27:00,1,188.69,23,176.52291666666667,0,1,2010-06-01T00:00:00,2009-12-03T00:00:00,2010-08-30T00:00:00
16279,2010-04-22 14:09:00,1,484.82,39,39.41041666666667,1,0,2010-06-01T00:00:00,2009-12-03T00:00:00,2010-08-30T00:00:00
16280,2009-12-14 15:49:00,1,238.05,16,168.34097222222223,0,1,2010-06-01T00:00:00,2009-12-03T00:00:00,2010-08-30T00:00:00
16281,2010-01-26 13:41:00,1,781.52,7,125.42986111111111,0,1,2010-06-01T00:00:00,2009-12-03T00:00:00,2010-08-30T00:00:00
16282,2009-12-21 11:52:00,1,270.0,8,161.50555555555556,1,0,2010-06-01T00:00:00,2009-12-03T00:00:00,2010-08-30T00:00:00
16283,2010-02-28 14:12:00,1,854.02,119,92.40833333333333,1,0,2010-06-01T00:00:00,2009-12-03T00:00:00,2010-08-30T00:00:00
16285,2010-03-03 16:03:00,1,176.9,31,89.33125,0,1,2010-06-01T00:00:00,2009-12-03T00:00:00,2010-08-30T00:00:00
16286,2010-03-26 09:58:00,1,272.95,13,66.58472222222223,1,0,2010-06-01T00:00:00,2009-12-03T00:00:00,2010-08-30T00:00:00
16287,2010-03-08 14:15:00,2,364.32,14,84.40625,0,1,2010-06-01T00:00:00,2009-12-03T00:00:00,2010-08-30T00:00:00
16290,2010-05-23 11:46:00,1,898.03,65,8.509722222222223,1,0,2010-06-01T00:00:00,2009-12-03T00:00:00,2010-08-30T00:00:00
16291,2010-01-26 16:26:00,1,117.72,1,125.31527777777778,0,1,2010-06-01T00:00:00,2009-12-03T00:00:00,2010-08-30T00:00:00
16292,2010-04-14 13:29:00,1,312.26,17,47.43819444444444,1,0,2010-06-01T00:00:00,2009-12-03T00:00:00,2010-08-30T00:00:00
16293,2010-05-19 10:33:00,2,610.3100000000001,33,12.560416666666667,0,1,2010-06-01T00:00:00,2009-12-03T00:00:00,2010-08-30T00:00:00
16296,2010-03-23 13:11:00,4,1313.67,74,69.45069444444445,0,1,2010-06-01T00:00:00,2009-12-03T00:00:00,2010-08-30T00:00:00
16300,2010-03-24 12:15:00,2,838.36,181,68.48958333333333,0,1,2010-06-01T00:00:00,2009-12-03T00:00:00,2010-08-30T00:00:00
16301,2009-12-03 10:20:00,1,107.33,6,179.56944444444446,0,1,2010-06-01T00:00:00,2009-12-03T00:00:00,2010-08-30T00:00:00
16303,2010-05-20 11:57:00,2,1228.3400000000001,62,11.502083333333333,0,1,2010-06-01T00:00:00,2009-12-03T00:00:00,2010-08-30T00:00:00
16304,2010-01-14 08:30:00,1,381.66,25,137.64583333333334,0,1,2010-06-01T00:00:00,2009-12-03T00:00:00,2010-08-30T00:00:00
16307,2010-05-11 14:40:00,1,435.85,31,20.38888888888889,1,0,2010-06-01T00:00:00,2009-12-03T00:00:00,2010-08-30T00:00:00
16308,2009-12-15 15:48:00,1,960.0,1,167.34166666666667,1,0,2010-06-01T00:00:00,2009-12-03T00:00:00,2010-08-30T00:00:00
16310,2010-03-07 15:41:00,1,190.38,12,85.34652777777778,0,1,2010-06-01T00:00:00,2009-12-03T00:00:00,2010-08-30T00:00:00
16317,2010-05-04 10:17:00,1,374.5,20,27.571527777777778,1,0,2010-06-01T00:00:00,2009-12-03T00:00:00,2010-08-30T00:00:00
16320,2010-01-27 13:29:00,1,823.15,41,124.43819444444445,1,0,2010-06-01T00:00:00,2009-12-03T00:00:00,2010-08-30T00:00:00
16321,2010-03-23 16:01:00,1,34.8,2,69.3326388888889,0,1,2010-06-01T00:00:00,2009-12-03T00:00:00,2010-08-30T00:00:00
16323,2010-05-11 09:48:00,1,146.16,3,20.591666666666665,0,1,2010-06-01T00:00:00,2009-12-03T00:00:00,2010-08-30T00:00:00
16325,2010-04-15 16:34:00,4,909.0,48,46.30972222222222,1,0,2010-06-01T00:00:00,2009-12-03T00:00:00,2010-08-30T00:00:00
16326,2010-05-21 11:33:00,5,823.47,80,10.51875,1,0,2010-06-01T00:00:00,2009-12-03T00:00:00,2010-08-30T00:00:00
16327,2010-04-28 13:34:00,6,3967.67,313,33.43472222222222,1,0,2010-06-01T00:00:00,2009-12-03T00:00:00,2010-08-30T00:00:00
16328,2010-05-25 14:02:00,1,310.83,16,6.415277777777778,0,1,2010-06-01T00:00:00,2009-12-03T00:00:00,2010-08-30T00:00:00
16329,2010-03-04 15:07:00,1,402.79,32,88.37013888888889,0,1,2010-06-01T00:00:00,2009-12-03T00:00:00,2010-08-30T00:00:00
16330,2010-02-15 12:36:00,1,51.43,17,105.475,0,1,2010-06-01T00:00:00,2009-12-03T00:00:00,2010-08-30T00:00:00
16331,2010-03-17 10:34:00,2,1452.1,19,75.55972222222222,0,1,2010-06-01T00:00:00,2009-12-03T00:00:00,2010-08-30T00:00:00
16332,2010-04-29 13:41:00,1,107.75,11,32.42986111111111,1,0,2010-06-01T00:00:00,2009-12-03T00:00:00,2010-08-30T00:00:00
16335,2010-04-26 11:08:00,6,2339.67,312,35.53611111111111,1,0,2010-06-01T00:00:00,2009-12-03T00:00:00,2010-08-30T00:00:00
16336,2010-03-18 08:06:00,2,1787.9,43,74.6625,0,1,2010-06-01T00:00:00,2009-12-03T00:00:00,2010-08-30T00:00:00
16341,2010-04-09 10:30:00,1,762.28,36,52.5625,0,1,2010-06-01T00:00:00,2009-12-03T00:00:00,2010-08-30T00:00:00
16344,2010-04-22 14:10:00,2,316.76,19,39.40972222222222,1,0,2010-06-01T00:00:00,2009-12-03T00:00:00,2010-08-30T00:00:00
16347,2010-05-20 16:51:00,5,1027.15,122,11.297916666666667,1,0,2010-06-01T00:00:00,2009-12-03T00:00:00,2010-08-30T00:00:00
16351,2010-05-27 14:04:00,9,2145.51,114,4.413888888888889,1,0,2010-06-01T00:00:00,2009-12-03T00:00:00,2010-08-30T00:00:00
16353,2010-05-06 10:07:00,11,1913.05,42,25.57847222222222,0,1,2010-06-01T00:00:00,2009-12-03T00:00:00,2010-08-30T00:00:00
16354,2010-04-27 13:33:00,1,208.28,24,34.43541666666667,0,1,2010-06-01T00:00:00,2009-12-03T00:00:00,2010-08-30T00:00:00
16359,2010-04-28 15:05:00,2,284.28000000000003,12,33.37152777777778,1,0,2010-06-01T00:00:00,2009-12-03T00:00:00,2010-08-30T00:00:00
16365,2010-04-08 17:00:00,3,778.54,42,53.291666666666664,1,0,2010-06-01T00:00:00,2009-12-03T00:00:00,2010-08-30T00:00:00
16366,2010-05-06 13:28:00,3,1220.83,60,25.43888888888889,0,1,2010-06-01T00:00:00,2009-12-03T00:00:00,2010-08-30T00:00:00
16369,2010-05-26 15:24:00,2,559.45,26,5.358333333333333,1,0,2010-06-01T00:00:00,2009-12-03T00:00:00,2010-08-30T00:00:00
16372,2010-04-11 15:20:00,1,110.95,20,50.361111111111114,0,1,2010-06-01T00:00:00,2009-12-03T00:00:00,2010-08-30T00:00:00
16374,2010-04-30 13:10:00,1,455.14,67,31.45138888888889,0,1,2010-06-01T00:00:00,2009-12-03T00:00:00,2010-08-30T00:00:00
16377,2010-04-01 10:36:00,1,632.28,5,60.55833333333333,0,1,2010-06-01T00:00:00,2009-12-03T00:00:00,2010-08-30T00:00:00
16383,2010-04-29 12:51:00,2,1264.21,166,32.46458333333333,1,0,2010-06-01T00:00:00,2009-12-03T00:00:00,2010-08-30T00:00:00
16384,2010-04-28 14:01:00,1,319.75,20,33.41597222222222,0,1,2010-06-01T00:00:00,2009-12-03T00:00:00,2010-08-30T00:00:00
16385,2010-03-18 12:45:00,1,110.25999999999999,23,74.46875,0,1,2010-06-01T00:00:00,2009-12-03T00:00:00,2010-08-30T00:00:00
16387,2010-03-11 12:22:00,1,140.19,7,81.48472222222222,0,1,2010-06-01T00:00:00,2009-12-03T00:00:00,2010-08-30T00:00:00
16388,2010-02-24 10:20:00,1,186.05,13,96.56944444444444,0,1,2010-06-01T00:00:00,2009-12-03T00:00:00,2010-08-30T00:00:00
16390,2010-01-29 15:25:00,1,193.8,10,122.35763888888889,1,0,2010-06-01T00:00:00,2009-12-03T00:00:00,2010-08-30T00:00:00
16391,2010-05-27 11:27:00,1,158.63,56,4.522916666666666,1,0,2010-06-01T00:00:00,2009-12-03T00:00:00,2010-08-30T00:00:00
16392,2010-05-27 11:17:00,1,192.29,32,4.529861111111111,0,1,2010-06-01T00:00:00,2009-12-03T00:00:00,2010-08-30T00:00:00
16393,2010-03-31 11:11:00,2,544.45,91,61.53402777777778,1,0,2010-06-01T00:00:00,2009-12-03T00:00:00,2010-08-30T00:00:00
16395,2009-12-09 16:03:00,2,244.66,50,173.33125,1,0,2010-06-01T00:00:00,2009-12-03T00:00:00,2010-08-30T00:00:00
16397,2010-03-21 15:36:00,1,123.13,9,71.35,0,1,2010-06-01T00:00:00,2009-12-03T00:00:00,2010-08-30T00:00:00
16400,2010-05-17 15:48:00,4,1569.99,158,14.341666666666667,1,0,2010-06-01T00:00:00,2009-12-03T00:00:00,2010-08-30T00:00:00
16406,2010-02-24 11:51:00,1,203.95000000000002,49,96.50625,0,1,2010-06-01T00:00:00,2009-12-03T00:00:00,2010-08-30T00:00:00
16408,2010-04-27 14:08:00,1,231.93,45,34.41111111111111,0,1,2010-06-01T00:00:00,2009-12-03T00:00:00,2010-08-30T00:00:00
16409,2010-04-18 14:35:00,3,1161.66,228,43.392361111111114,1,0,2010-06-01T00:00:00,2009-12-03T00:00:00,2010-08-30T00:00:00
16410,2009-12-05 14:51:00,1,130.32,5,177.38125,0,1,2010-06-01T00:00:00,2009-12-03T00:00:00,2010-08-30T00:00:00
16412,2010-04-09 11:41:00,2,163.14,31,52.513194444444444,0,1,2010-06-01T00:00:00,2009-12-03T00:00:00,2010-08-30T00:00:00
16414,2010-04-25 11:24:00,2,232.57,11,36.525,0,1,2010-06-01T00:00:00,2009-12-03T00:00:00,2010-08-30T00:00:00
16415,2010-05-05 11:51:00,2,496.49,98,26.50625,0,1,2010-06-01T00:00:00,2009-12-03T00:00:00,2010-08-30T00:00:00
16416,2010-02-23 12:00:00,1,637.44,18,97.5,1,0,2010-06-01T00:00:00,2009-12-03T00:00:00,2010-08-30T00:00:00
16419,2010-05-11 12:18:00,2,504.99,40,20.4875,0,1,2010-06-01T00:00:00,2009-12-03T00:00:00,2010-08-30T00:00:00
16422,2010-05-27 14:35:00,17,8828.720000000001,80,4.392361111111111,1,0,2010-06-01T00:00:00,2009-12-03T00:00:00,2010-08-30T00:00:00
16430,2010-01-27 12:45:00,1,104.95,3,124.46875,1,0,2010-06-01T00:00:00,2009-12-03T00:00:00,2010-08-30T00:00:00
16434,2010-04-01 12:56:00,3,647.08,36,60.46111111111111,0,1,2010-06-01T00:00:00,2009-12-03T00:00:00,2010-08-30T00:00:00
16436,2010-02-09 13:19:00,3,319.14,40,111.44513888888889,0,1,2010-06-01T00:00:00,2009-12-03T00:00:00,2010-08-30T00:00:00
16439,2009-12-17 14:22:00,1,310.70000000000005,9,165.4013888888889,0,1,2010-06-01T00:00:00,2009-12-03T00:00:00,2010-08-30T00:00:00
16441,2010-03-22 18:00:00,1,225.74,22,70.25,0,1,2010-06-01T00:00:00,2009-12-03T00:00:00,2010-08-30T00:00:00
16442,2010-04-14 13:35:00,2,282.68,76,47.43402777777778,0,1,2010-06-01T00:00:00,2009-12-03T00:00:00,2010-08-30T00:00:00
16444,2010-05-07 13:18:00,2,389.89,22,24.445833333333333,1,0,2010-06-01T00:00:00,2009-12-03T00:00:00,2010-08-30T00:00:00
16447,2010-04-28 13:21:00,2,471.19,34,33.44375,0,1,2010-06-01T00:00:00,2009-12-03T00:00:00,2010-08-30T00:00:00
16450,2010-05-04 13:43:00,2,1193.81,32,27.428472222222222,0,1,2010-06-01T00:00:00,2009-12-03T00:00:00,2010-08-30T00:00:00
16451,2010-05-27 17:56:00,2,746.1800000000001,51,4.252777777777778,0,1,2010-06-01T00:00:00,2009-12-03T00:00:00,2010-08-30T00:00:00
16452,2010-03-19 12:39:00,2,332.17,18,73.47291666666666,0,1,2010-06-01T00:00:00,2009-12-03T00:00:00,2010-08-30T00:00:00
16454,2010-04-12 09:52:00,2,24.05,2,49.58888888888889,0,1,2010-06-01T00:00:00,2009-12-03T00:00:00,2010-08-30T00:00:00
16455,2010-03-30 10:31:00,1,905.16,40,62.56180555555556,0,1,2010-06-01T00:00:00,2009-12-03T00:00:00,2010-08-30T00:00:00
16456,2010-05-16 12:57:00,3,1394.67,130,15.460416666666667,1,0,2010-06-01T00:00:00,2009-12-03T00:00:00,2010-08-30T00:00:00
16458,2010-05-26 14:38:00,1,116.0,17,5.3902777777777775,1,0,2010-06-01T00:00:00,2009-12-03T00:00:00,2010-08-30T00:00:00
16459,2009-12-10 12:42:00,1,71.78999999999999,5,172.47083333333333,0,1,2010-06-01T00:00:00,2009-12-03T00:00:00,2010-08-30T00:00:00
16461,2010-04-28 11:54:00,2,1402.91,220,33.50416666666667,0,1,2010-06-01T00:00:00,2009-12-03T00:00:00,2010-08-30T00:00:00
16466,2010-05-09 12:49:00,3,1083.71,124,22.465972222222224,1,0,2010-06-01T00:00:00,2009-12-03T00:00:00,2010-08-30T00:00:00
16467,2010-03-16 11:46:00,3,2343.96,19,76.50972222222222,1,0,2010-06-01T00:00:00,2009-12-03T00:00:00,2010-08-30T00:00:00
16470,2010-04-19 12:28:00,2,355.96,71,42.480555555555554,1,0,2010-06-01T00:00:00,2009-12-03T00:00:00,2010-08-30T00:00:00
16471,2010-05-20 11:41:00,2,663.23,33,11.513194444444444,0,1,2010-06-01T00:00:00,2009-12-03T00:00:00,2010-08-30T00:00:00
16472,2010-04-21 11:48:00,1,557.04,26,40.50833333333333,0,1,2010-06-01T00:00:00,2009-12-03T00:00:00,2010-08-30T00:00:00
16481,2010-01-26 13:09:00,1,453.38,16,125.45208333333333,0,1,2010-06-01T00:00:00,2009-12-03T00:00:00,2010-08-30T00:00:00
16485,2010-04-25 15:40:00,3,1331.51,73,36.34722222222222,0,1,2010-06-01T00:00:00,2009-12-03T00:00:00,2010-08-30T00:00:00
16487,2010-05-11 13:38:00,2,209.4,35,20.431944444444444,0,1,2010-06-01T00:00:00,2009-12-03T00:00:00,2010-08-30T00:00:00
16493,2010-03-26 13:05:00,1,465.51,42,66.45486111111111,1,0,2010-06-01T00:00:00,2009-12-03T00:00:00,2010-08-30T00:00:00
16497,2010-05-20 12:20:00,7,1761.5,104,11.48611111111111,1,0,2010-06-01T00:00:00,2009-12-03T00:00:00,2010-08-30T00:00:00
16502,2010-03-29 13:44:00,2,258.55,41,63.42777777777778,0,1,2010-06-01T00:00:00,2009-12-03T00:00:00,2010-08-30T00:00:00
16507,2010-05-16 12:56:00,1,142.71,38,15.46111111111111,0,1,2010-06-01T00:00:00,2009-12-03T00:00:00,2010-08-30T00:00:00
16508,2010-03-19 13:41:00,1,240.95,43,73.42986111111111,0,1,2010-06-01T00:00:00,2009-12-03T00:00:00,2010-08-30T00:00:00
16510,2010-03-26 15:32:00,3,914.78,59,66.35277777777777,1,0,2010-06-01T00:00:00,2009-12-03T00:00:00,2010-08-30T00:00:00
16511,2010-03-01 12:21:00,1,300.15,55,91.48541666666667,0,1,2010-06-01T00:00:00,2009-12-03T00:00:00,2010-08-30T00:00:00
16519,2010-03-01 13:51:00,1,164.13,20,91.42291666666667,1,0,2010-06-01T00:00:00,2009-12-03T00:00:00,2010-08-30T00:00:00
16520,2010-04-29 16:45:00,2,645.0,113,32.302083333333336,0,1,2010-06-01T00:00:00,2009-12-03T00:00:00,2010-08-30T00:00:00
16521,2010-03-01 13:22:00,1,95.12,25,91.44305555555556,0,1,2010-06-01T00:00:00,2009-12-03T00:00:00,2010-08-30T00:00:00
16523,2010-04-26 12:02:00,3,1123.23,42,35.49861111111111,1,0,2010-06-01T00:00:00,2009-12-03T00:00:00,2010-08-30T00:00:00
16524,2010-01-17 13:16:00,1,101.3,14,134.44722222222222,0,1,2010-06-01T00:00:00,2009-12-03T00:00:00,2010-08-30T00:00:00
16525,2010-05-25 10:39:00,12,7028.72,92,6.55625,1,0,2010-06-01T00:00:00,2009-12-03T00:00:00,2010-08-30T00:00:00
16526,2010-05-04 16:34:00,1,426.85,20,27.309722222222224,0,1,2010-06-01T00:00:00,2009-12-03T00:00:00,2010-08-30T00:00:00
16530,2010-02-09 15:30:00,1,48.35,3,111.35416666666667,0,1,2010-06-01T00:00:00,2009-12-03T00:00:00,2010-08-30T00:00:00
16532,2010-03-29 10:26:00,1,861.5999999999999,1,63.56527777777778,0,1,2010-06-01T00:00:00,2009-12-03T00:00:00,2010-08-30T00:00:00
16534,2010-03-07 15:47:00,1,635.9,36,85.34236111111112,0,1,2010-06-01T00:00:00,2009-12-03T00:00:00,2010-08-30T00:00:00
16535,2010-01-28 15:26:00,1,20.0,1,123.35694444444445,0,1,2010-06-01T00:00:00,2009-12-03T00:00:00,2010-08-30T00:00:00
16537,2010-03-08 13:41:00,1,23.35,4,84.42986111111111,0,1,2010-06-01T00:00:00,2009-12-03T00:00:00,2010-08-30T00:00:00
16538,2010-04-23 16:25:00,1,226.81,29,38.31597222222222,1,0,2010-06-01T00:00:00,2009-12-03T00:00:00,2010-08-30T00:00:00
16541,2009-12-04 13:22:00,1,424.03,38,178.44305555555556,0,1,2010-06-01T00:00:00,2009-12-03T00:00:00,2010-08-30T00:00:00
16543,2010-04-27 11:38:00,1,292.21,18,34.515277777777776,0,1,2010-06-01T00:00:00,2009-12-03T00:00:00,2010-08-30T00:00:00
16544,2010-02-15 13:29:00,3,266.40000000000003,4,105.43819444444445,1,0,2010-06-01T00:00:00,2009-12-03T00:00:00,2010-08-30T00:00:00
16548,2010-04-19 16:15:00,1,30.15,6,42.322916666666664,0,1,2010-06-01T00:00:00,2009-12-03T00:00:00,2010-08-30T00:00:00
16549,2010-05-23 14:04:00,5,634.89,253,8.41388888888889,1,0,2010-06-01T00:00:00,2009-12-03T00:00:00,2010-08-30T00:00:00
16550,2010-05-13 11:42:00,7,3100.43,246,18.5125,1,0,2010-06-01T00:00:00,2009-12-03T00:00:00,2010-08-30T00:00:00
16551,2010-04-01 12:10:00,3,961.4399999999999,44,60.49305555555556,0,1,2010-06-01T00:00:00,2009-12-03T00:00:00,2010-08-30T00:00:00
16553,2010-03-25 13:15:00,6,2255.96,65,67.44791666666667,1,0,2010-06-01T00:00:00,2009-12-03T00:00:00,2010-08-30T00:00:00
16554,2010-03-25 11:23:00,2,743.79,40,67.52569444444444,1,0,2010-06-01T00:00:00,2009-12-03T00:00:00,2010-08-30T00:00:00
16556,2010-05-05 14:52:00,5,2641.39,162,26.380555555555556,1,0,2010-06-01T00:00:00,2009-12-03T00:00:00,2010-08-30T00:00:00
16558,2010-04-25 15:09:00,4,1319.84,69,36.36875,1,0,2010-06-01T00:00:00,2009-12-03T00:00:00,2010-08-30T00:00:00
16560,2010-05-06 16:47:00,5,1874.8400000000001,115,25.300694444444446,0,1,2010-06-01T00:00:00,2009-12-03T00:00:00,2010-08-30T00:00:00
16563,2010-02-18 11:56:00,1,312.96,6,102.50277777777778,1,0,2010-06-01T00:00:00,2009-12-03T00:00:00,2010-08-30T00:00:00
16564,2010-05-19 14:41:00,1,87.80000000000001,5,12.388194444444444,0,1,2010-06-01T00:00:00,2009-12-03T00:00:00,2010-08-30T00:00:00
16568,2010-03-08 14:51:00,1,477.29999999999995,2,84.38125,0,1,2010-06-01T00:00:00,2009-12-03T00:00:00,2010-08-30T00:00:00
16569,2010-03-18 15:19:00,4,1331.03,30,74.36180555555555,0,1,2010-06-01T00:00:00,2009-12-03T00:00:00,2010-08-30T00:00:00
16570,2010-05-19 10:27:00,2,986.42,48,12.564583333333333,1,0,2010-06-01T00:00:00,2009-12-03T00:00:00,2010-08-30T00:00:00
16571,2010-05-25 11:46:00,2,801.23,47,6.509722222222222,1,0,2010-06-01T00:00:00,2009-12-03T00:00:00,2010-08-30T00:00:00
16574,2010-02-19 11:46:00,1,590.91,41,101.50972222222222,0,1,2010-06-01T00:00:00,2009-12-03T00:00:00,2010-08-30T00:00:00
16577,2010-02-11 09:45:00,1,380.0,23,109.59375,0,1,2010-06-01T00:00:00,2009-12-03T00:00:00,2010-08-30T00:00:00
16578,2010-03-23 15:11:00,1,156.6,9,69.36736111111111,0,1,2010-06-01T00:00:00,2009-12-03T00:00:00,2010-08-30T00:00:00
16583,2010-02-04 12:18:00,1,64.5,4,116.4875,0,1,2010-06-01T00:00:00,2009-12-03T00:00:00,2010-08-30T00:00:00
16584,2010-02-16 10:41:00,1,931.72,19,104.55486111111111,1,0,2010-06-01T00:00:00,2009-12-03T00:00:00,2010-08-30T00:00:00
16585,2010-04-25 10:34:00,2,341.59000000000003,18,36.55972222222222,0,1,2010-06-01T00:00:00,2009-12-03T00:00:00,2010-08-30T00:00:00
16586,2010-03-14 11:24:00,1,328.05,6,78.525,0,1,2010-06-01T00:00:00,2009-12-03T00:00:00,2010-08-30T00:00:00
16588,2010-05-14 13:43:00,1,216.79999999999998,6,17.428472222222222,1,0,2010-06-01T00:00:00,2009-12-03T00:00:00,2010-08-30T00:00:00
16592,2010-05-25 08:44:00,4,1354.96,73,6.636111111111111,1,0,2010-06-01T00:00:00,2009-12-03T00:00:00,2010-08-30T00:00:00
16593,2009-12-20 13:37:00,2,278.73,6,162.4326388888889,0,1,2010-06-01T00:00:00,2009-12-03T00:00:00,2010-08-30T00:00:00
16595,2010-04-12 15:40:00,2,714.92,197,49.34722222222222,0,1,2010-06-01T00:00:00,2009-12-03T00:00:00,2010-08-30T00:00:00
16596,2010-01-19 12:39:00,2,208.83,12,132.47291666666666,0,1,2010-06-01T00:00:00,2009-12-03T00:00:00,2010-08-30T00:00:00
16600,2009-12-18 12:59:00,1,310.01,20,164.45902777777778,1,0,2010-06-01T00:00:00,2009-12-03T00:00:00,2010-08-30T00:00:00
16601,2010-03-26 13:39:00,1,67.25,2,66.43125,0,1,2010-06-01T00:00:00,2009-12-03T00:00:00,2010-08-30T00:00:00
16604,2010-05-26 09:10:00,2,432.45000000000005,12,5.618055555555555,0,1,2010-06-01T00:00:00,2009-12-03T00:00:00,2010-08-30T00:00:00
16605,2009-12-15 19:03:00,1,60.48,1,167.20625,0,1,2010-06-01T00:00:00,2009-12-03T00:00:00,2010-08-30T00:00:00
16607,2010-05-20 17:07:00,2,625.04,36,11.286805555555556,1,0,2010-06-01T00:00:00,2009-12-03T00:00:00,2010-08-30T00:00:00
16608,2010-02-14 11:57:00,1,685.3,64,106.50208333333333,0,1,2010-06-01T00:00:00,2009-12-03T00:00:00,2010-08-30T00:00:00
16611,2010-05-17 13:51:00,3,888.09,53,14.422916666666667,1,0,2010-06-01T00:00:00,2009-12-03T00:00:00,2010-08-30T00:00:00
16612,2010-05-23 14:06:00,2,916.97,43,8.4125,1,0,2010-06-01T00:00:00,2009-12-03T00:00:00,2010-08-30T00:00:00
16614,2010-05-10 15:18:00,1,293.15,10,21.3625,0,1,2010-06-01T00:00:00,2009-12-03T00:00:00,2010-08-30T00:00:00
16615,2010-03-23 15:13:00,1,291.5,19,69.36597222222223,0,1,2010-06-01T00:00:00,2009-12-03T00:00:00,2010-08-30T00:00:00
16619,2010-04-20 14:52:00,2,1364.92,83,41.38055555555555,0,1,2010-06-01T00:00:00,2009-12-03T00:00:00,2010-08-30T00:00:00
16620,2010-05-26 15:45:00,2,489.1,19,5.34375,0,1,2010-06-01T00:00:00,2009-12-03T00:00:00,2010-08-30T00:00:00
16623,2010-04-26 14:04:00,1,228.25,15,35.41388888888889,1,0,2010-06-01T00:00:00,2009-12-03T00:00:00,2010-08-30T00:00:00
16628,2010-03-08 12:24:00,1,78.0,4,84.48333333333333,0,1,2010-06-01T00:00:00,2009-12-03T00:00:00,2010-08-30T00:00:00
16631,2010-05-11 09:32:00,4,820.03,43,20.602777777777778,1,0,2010-06-01T00:00:00,2009-12-03T00:00:00,2010-08-30T00:00:00
16632,2010-05-07 16:46:00,1,204.4,13,24.301388888888887,1,0,2010-06-01T00:00:00,2009-12-03T00:00:00,2010-08-30T00:00:00
16634,2010-03-29 12:32:00,2,619.2,37,63.477777777777774,0,1,2010-06-01T00:00:00,2009-12-03T00:00:00,2010-08-30T00:00:00
16636,2010-05-06 07:51:00,3,2506.79,47,25.672916666666666,0,1,2010-06-01T00:00:00,2009-12-03T00:00:00,2010-08-30T00:00:00
16641,2010-01-07 12:22:00,1,323.4,24,144.48472222222222,0,1,2010-06-01T00:00:00,2009-12-03T00:00:00,2010-08-30T00:00:00
16645,2009-12-04 09:49:00,1,160.39,14,178.59097222222223,0,1,2010-06-01T00:00:00,2009-12-03T00:00:00,2010-08-30T00:00:00
16648,2010-04-28 14:58:00,1,252.84,13,33.37638888888889,0,1,2010-06-01T00:00:00,2009-12-03T00:00:00,2010-08-30T00:00:00
16651,2010-05-02 11:46:00,1,136.2,6,29.509722222222223,0,1,2010-06-01T00:00:00,2009-12-03T00:00:00,2010-08-30T00:00:00
16652,2010-04-27 11:15:00,2,3857.86,56,34.53125,1,0,2010-06-01T00:00:00,2009-12-03T00:00:00,2010-08-30T00:00:00
16654,2010-04-06 13:29:00,1,269.70000000000005,14,55.43819444444444,1,0,2010-06-01T00:00:00,2009-12-03T00:00:00,2010-08-30T00:00:00
16655,2010-05-09 16:10:00,3,929.39,162,22.32638888888889,1,0,2010-06-01T00:00:00,2009-12-03T00:00:00,2010-08-30T00:00:00
16656,2010-05-17 12:11:00,6,4948.28,37,14.49236111111111,1,0,2010-06-01T00:00:00,2009-12-03T00:00:00,2010-08-30T00:00:00
16658,2010-05-25 16:54:00,3,273.54,28,6.295833333333333,0,1,2010-06-01T00:00:00,2009-12-03T00:00:00,2010-08-30T00:00:00
16660,2010-01-14 11:09:00,1,141.6,2,137.53541666666666,0,1,2010-06-01T00:00:00,2009-12-03T00:00:00,2010-08-30T00:00:00
16661,2010-05-10 14:02:00,3,769.56,60,21.415277777777778,1,0,2010-06-01T00:00:00,2009-12-03T00:00:00,2010-08-30T00:00:00
16663,2009-12-10 13:12:00,1,165.0,1,172.45,0,1,2010-06-01T00:00:00,2009-12-03T00:00:00,2010-08-30T00:00:00
16664,2010-05-19 17:11:00,1,109.2,8,12.284027777777778,0,1,2010-06-01T00:00:00,2009-12-03T00:00:00,2010-08-30T00:00:00
16666,2010-03-28 15:13:00,1,98.73,16,64.36597222222223,0,1,2010-06-01T00:00:00,2009-12-03T00:00:00,2010-08-30T00:00:00
16668,2010-03-18 18:25:00,1,138.54,10,74.23263888888889,1,0,2010-06-01T00:00:00,2009-12-03T00:00:00,2010-08-30T00:00:00
16670,2010-03-25 15:36:00,3,1874.6100000000001,118,67.35,1,0,2010-06-01T00:00:00,2009-12-03T00:00:00,2010-08-30T00:00:00
16673,2010-01-29 14:22:00,1,171.13,19,122.40138888888889,0,1,2010-06-01T00:00:00,2009-12-03T00:00:00,2010-08-30T00:00:00
16677,2010-02-25 16:11:00,1,263.23,19,95.32569444444445,0,1,2010-06-01T00:00:00,2009-12-03T00:00:00,2010-08-30T00:00:00
16681,2010-03-08 14:10:00,1,151.5,5,84.40972222222223,0,1,2010-06-01T00:00:00,2009-12-03T00:00:00,2010-08-30T00:00:00
16684,2010-04-26 07:20:00,10,19390.48,70,35.69444444444444,1,0,2010-06-01T00:00:00,2009-12-03T00:00:00,2010-08-30T00:00:00
16686,2010-05-16 13:22:00,4,891.03,220,15.443055555555556,1,0,2010-06-01T00:00:00,2009-12-03T00:00:00,2010-08-30T00:00:00
16691,2010-05-27 14:55:00,1,35.88,4,4.378472222222222,0,1,2010-06-01T00:00:00,2009-12-03T00:00:00,2010-08-30T00:00:00
16693,2010-02-21 12:42:00,1,205.98,50,99.47083333333333,1,0,2010-06-01T00:00:00,2009-12-03T00:00:00,2010-08-30T00:00:00
16694,2009-12-16 15:45:00,1,98.30000000000001,3,166.34375,0,1,2010-06-01T00:00:00,2009-12-03T00:00:00,2010-08-30T00:00:00
16695,2010-05-27 12:36:00,2,191.9,35,4.475,0,1,2010-06-01T00:00:00,2009-12-03T00:00:00,2010-08-30T00:00:00
16699,2010-05-19 10:37:00,4,459.99,41,12.557638888888889,1,0,2010-06-01T00:00:00,2009-12-03T00:00:00,2010-08-30T00:00:00
16700,2010-05-24 12:36:00,4,1790.51,110,7.475,1,0,2010-06-01T00:00:00,2009-12-03T00:00:00,2010-08-30T00:00:00
16701,2010-05-19 10:00:00,4,1348.41,34,12.583333333333334,1,0,2010-06-01T00:00:00,2009-12-03T00:00:00,2010-08-30T00:00:00
16702,2010-05-23 11:24:00,3,794.92,73,8.525,0,1,2010-06-01T00:00:00,2009-12-03T00:00:00,2010-08-30T00:00:00
16704,2010-03-31 14:02:00,2,664.16,54,61.415277777777774,0,1,2010-06-01T00:00:00,2009-12-03T00:00:00,2010-08-30T00:00:00
16705,2010-05-20 15:09:00,13,11627.721,201,11.36875,1,0,2010-06-01T00:00:00,2009-12-03T00:00:00,2010-08-30T00:00:00
16707,2010-05-06 13:52:00,2,282.5,40,25.42222222222222,1,0,2010-06-01T00:00:00,2009-12-03T00:00:00,2010-08-30T00:00:00
16709,2010-04-13 15:01:00,3,2934.45,97,48.37430555555556,1,0,2010-06-01T00:00:00,2009-12-03T00:00:00,2010-08-30T00:00:00
16710,2010-05-06 11:58:00,6,1668.72,249,25.50138888888889,1,0,2010-06-01T00:00:00,2009-12-03T00:00:00,2010-08-30T00:00:00
16711,2010-03-24 10:30:00,2,555.45,5,68.5625,0,1,2010-06-01T00:00:00,2009-12-03T00:00:00,2010-08-30T00:00:00
16713,2010-04-01 12:33:00,8,3636.47,318,60.47708333333333,1,0,2010-06-01T00:00:00,2009-12-03T00:00:00,2010-08-30T00:00:00
16714,2010-02-07 11:17:00,1,368.27,23,113.52986111111112,0,1,2010-06-01T00:00:00,2009-12-03T00:00:00,2010-08-30T00:00:00
16715,2010-05-26 12:35:00,1,323.8,9,5.475694444444445,0,1,2010-06-01T00:00:00,2009-12-03T00:00:00,2010-08-30T00:00:00
16716,2010-03-19 11:05:00,1,1248.48,6,73.53819444444444,0,1,2010-06-01T00:00:00,2009-12-03T00:00:00,2010-08-30T00:00:00
16717,2010-05-19 15:23:00,3,1127.38,62,12.359027777777778,0,1,2010-06-01T00:00:00,2009-12-03T00:00:00,2010-08-30T00:00:00
16718,2010-04-29 16:56:00,4,2400.03,133,32.294444444444444,0,1,2010-06-01T00:00:00,2009-12-03T00:00:00,2010-08-30T00:00:00
16719,2010-03-10 13:43:00,3,856.84,75,82.42847222222223,1,0,2010-06-01T00:00:00,2009-12-03T00:00:00,2010-08-30T00:00:00
16720,2009-12-17 17:54:00,1,160.07,46,165.25416666666666,0,1,2010-06-01T00:00:00,2009-12-03T00:00:00,2010-08-30T00:00:00
16722,2010-04-15 18:27:00,4,1295.63,65,46.23125,1,0,2010-06-01T00:00:00,2009-12-03T00:00:00,2010-08-30T00:00:00
16723,2009-12-04 13:23:00,1,426.43,58,178.4423611111111,0,1,2010-06-01T00:00:00,2009-12-03T00:00:00,2010-08-30T00:00:00
16725,2009-12-13 15:54:00,1,204.73,59,169.3375,1,0,2010-06-01T00:00:00,2009-12-03T00:00:00,2010-08-30T00:00:00
16727,2010-03-28 12:18:00,2,808.6899999999999,84,64.4875,0,1,2010-06-01T00:00:00,2009-12-03T00:00:00,2010-08-30T00:00:00
16731,2010-03-01 15:05:00,1,170.3,42,91.37152777777777,0,1,2010-06-01T00:00:00,2009-12-03T00:00:00,2010-08-30T00:00:00
16732,2010-04-07 10:53:00,2,1472.88,82,54.546527777777776,0,1,2010-06-01T00:00:00,2009-12-03T00:00:00,2010-08-30T00:00:00
16735,2010-05-27 11:12:00,6,2138.98,95,4.533333333333333,0,1,2010-06-01T00:00:00,2009-12-03T00:00:00,2010-08-30T00:00:00
16736,2010-04-26 11:44:00,4,2124.28,106,35.51111111111111,1,0,2010-06-01T00:00:00,2009-12-03T00:00:00,2010-08-30T00:00:00
16737,2010-05-11 09:53:00,1,417.6,1,20.588194444444444,0,1,2010-06-01T00:00:00,2009-12-03T00:00:00,2010-08-30T00:00:00
16741,2010-03-24 15:15:00,1,173.06,11,68.36458333333333,0,1,2010-06-01T00:00:00,2009-12-03T00:00:00,2010-08-30T00:00:00
16742,2010-05-25 09:45:00,11,2081.7,86,6.59375,1,0,2010-06-01T00:00:00,2009-12-03T00:00:00,2010-08-30T00:00:00
16743,2010-05-13 13:15:00,2,422.21,41,18.447916666666668,1,0,2010-06-01T00:00:00,2009-12-03T00:00:00,2010-08-30T00:00:00
16746,2010-05-05 14:09:00,11,4930.7,152,26.410416666666666,1,0,2010-06-01T00:00:00,2009-12-03T00:00:00,2010-08-30T00:00:00
16748,2010-04-30 10:26:00,4,710.85,29,31.565277777777776,1,0,2010-06-01T00:00:00,2009-12-03T00:00:00,2010-08-30T00:00:00
16749,2010-04-27 13:06:00,2,4157.88,72,34.454166666666666,0,1,2010-06-01T00:00:00,2009-12-03T00:00:00,2010-08-30T00:00:00
16754,2010-05-28 07:51:00,14,29864.98,69,3.6729166666666666,1,0,2010-06-01T00:00:00,2009-12-03T00:00:00,2010-08-30T00:00:00
16755,2010-04-21 17:33:00,3,1027.41,114,40.26875,1,0,2010-06-01T00:00:00,2009-12-03T00:00:00,2010-08-30T00:00:00
16756,2010-04-26 12:02:00,2,446.32,29,35.49861111111111,1,0,2010-06-01T00:00:00,2009-12-03T00:00:00,2010-08-30T00:00:00
16767,2010-04-28 16:49:00,1,785.16,50,33.299305555555556,1,0,2010-06-01T00:00:00,2009-12-03T00:00:00,2010-08-30T00:00:00
16768,2010-03-28 10:35:00,3,677.13,63,64.55902777777777,1,0,2010-06-01T00:00:00,2009-12-03T00:00:00,2010-08-30T00:00:00
16769,2009-12-14 11:18:00,2,394.46,32,168.52916666666667,1,0,2010-06-01T00:00:00,2009-12-03T00:00:00,2010-08-30T00:00:00
16771,2010-03-04 12:32:00,3,1492.74,147,88.47777777777777,1,0,2010-06-01T00:00:00,2009-12-03T00:00:00,2010-08-30T00:00:00
16772,2010-01-08 12:38:00,2,2001.1,21,143.4736111111111,0,1,2010-06-01T00:00:00,2009-12-03T00:00:00,2010-08-30T00:00:00
16773,2009-12-06 15:01:00,1,137.75,24,176.37430555555557,0,1,2010-06-01T00:00:00,2009-12-03T00:00:00,2010-08-30T00:00:00
16774,2010-04-20 12:51:00,2,554.08,55,41.46458333333333,1,0,2010-06-01T00:00:00,2009-12-03T00:00:00,2010-08-30T00:00:00
16777,2010-03-17 12:42:00,1,198.03,31,75.47083333333333,1,0,2010-06-01T00:00:00,2009-12-03T00:00:00,2010-08-30T00:00:00
16779,2010-05-18 12:11:00,19,17163.48,463,13.49236111111111,1,0,2010-06-01T00:00:00,2009-12-03T00:00:00,2010-08-30T00:00:00
16781,2010-02-08 13:56:00,1,311.75,22,112.41944444444445,0,1,2010-06-01T00:00:00,2009-12-03T00:00:00,2010-08-30T00:00:00
16782,2010-05-23 11:36:00,7,1253.56,305,8.516666666666667,1,0,2010-06-01T00:00:00,2009-12-03T00:00:00,2010-08-30T00:00:00
16784,2010-03-28 12:55:00,1,210.47,48,64.46180555555556,1,0,2010-06-01T00:00:00,2009-12-03T00:00:00,2010-08-30T00:00:00
16787,2010-03-28 11:30:00,2,687.26,90,64.52083333333333,0,1,2010-06-01T00:00:00,2009-12-03T00:00:00,2010-08-30T00:00:00
16788,2010-02-07 12:40:00,1,412.36,121,113.47222222222223,1,0,2010-06-01T00:00:00,2009-12-03T00:00:00,2010-08-30T00:00:00
16791,2010-03-09 13:26:00,3,711.1,103,83.44027777777778,1,0,2010-06-01T00:00:00,2009-12-03T00:00:00,2010-08-30T00:00:00
16792,2010-04-30 14:43:00,2,367.19,69,31.386805555555554,0,1,2010-06-01T00:00:00,2009-12-03T00:00:00,2010-08-30T00:00:00
16794,2010-05-23 15:52:00,3,517.85,149,8.338888888888889,0,1,2010-06-01T00:00:00,2009-12-03T00:00:00,2010-08-30T00:00:00
16795,2010-01-25 13:14:00,1,607.82,112,126.4486111111111,0,1,2010-06-01T00:00:00,2009-12-03T00:00:00,2010-08-30T00:00:00
16797,2010-02-21 15:48:00,1,347.3,61,99.34166666666667,1,0,2010-06-01T00:00:00,2009-12-03T00:00:00,2010-08-30T00:00:00
16798,2010-03-07 12:06:00,2,579.91,119,85.49583333333334,1,0,2010-06-01T00:00:00,2009-12-03T00:00:00,2010-08-30T00:00:00
16802,2010-01-29 13:44:00,2,582.61,53,122.42777777777778,0,1,2010-06-01T00:00:00,2009-12-03T00:00:00,2010-08-30T00:00:00
16805,2010-05-11 15:03:00,3,630.75,151,20.372916666666665,0,1,2010-06-01T00:00:00,2009-12-03T00:00:00,2010-08-30T00:00:00
16807,2010-05-13 14:31:00,2,643.8,46,18.395138888888887,1,0,2010-06-01T00:00:00,2009-12-03T00:00:00,2010-08-30T00:00:00
16809,2010-04-13 15:34:00,1,261.41,51,48.35138888888889,1,0,2010-06-01T00:00:00,2009-12-03T00:00:00,2010-08-30T00:00:00
16814,2010-05-27 13:54:00,5,2326.15,228,4.420833333333333,1,0,2010-06-01T00:00:00,2009-12-03T00:00:00,2010-08-30T00:00:00
16822,2010-01-22 14:22:00,1,181.39,11,129.4013888888889,0,1,2010-06-01T00:00:00,2009-12-03T00:00:00,2010-08-30T00:00:00
16823,2010-03-22 17:32:00,1,266.08,27,70.26944444444445,0,1,2010-06-01T00:00:00,2009-12-03T00:00:00,2010-08-30T00:00:00
16827,2010-05-19 14:21:00,2,109.0,5,12.402083333333334,0,1,2010-06-01T00:00:00,2009-12-03T00:00:00,2010-08-30T00:00:00
16830,2010-02-02 08:57:00,2,480.39,28,118.62708333333333,0,1,2010-06-01T00:00:00,2009-12-03T00:00:00,2010-08-30T00:00:00
16831,2010-05-24 09:08:00,1,91.8,6,7.6194444444444445,0,1,2010-06-01T00:00:00,2009-12-03T00:00:00,2010-08-30T00:00:00
16833,2010-03-26 15:31:00,1,312.88,14,66.35347222222222,0,1,2010-06-01T00:00:00,2009-12-03T00:00:00,2010-08-30T00:00:00
16834,2010-02-03 14:24:00,1,485.5,24,117.4,0,1,2010-06-01T00:00:00,2009-12-03T00:00:00,2010-08-30T00:00:00
16835,2010-05-19 08:41:00,1,301.63,21,12.638194444444444,1,0,2010-06-01T00:00:00,2009-12-03T00:00:00,2010-08-30T00:00:00
16836,2010-05-14 12:52:00,1,220.75,13,17.46388888888889,0,1,2010-06-01T00:00:00,2009-12-03T00:00:00,2010-08-30T00:00:00
16838,2010-02-14 15:27:00,1,341.23,21,106.35625,1,0,2010-06-01T00:00:00,2009-12-03T00:00:00,2010-08-30T00:00:00
16839,2010-05-19 08:39:00,3,1323.44,28,12.639583333333333,1,0,2010-06-01T00:00:00,2009-12-03T00:00:00,2010-08-30T00:00:00
16840,2010-04-15 15:48:00,2,139.85,9,46.34166666666667,0,1,2010-06-01T00:00:00,2009-12-03T00:00:00,2010-08-30T00:00:00
16841,2010-04-28 10:58:00,3,1080.21,48,33.543055555555554,1,0,2010-06-01T00:00:00,2009-12-03T00:00:00,2010-08-30T00:00:00
16843,2010-05-06 16:23:00,9,4431.42,104,25.31736111111111,1,0,2010-06-01T00:00:00,2009-12-03T00:00:00,2010-08-30T00:00:00
16844,2010-05-26 10:29:00,2,614.34,32,5.563194444444444,0,1,2010-06-01T00:00:00,2009-12-03T00:00:00,2010-08-30T00:00:00
16845,2010-03-31 13:09:00,1,253.88,20,61.452083333333334,0,1,2010-06-01T00:00:00,2009-12-03T00:00:00,2010-08-30T00:00:00
16846,2010-05-11 13:45:00,2,628.09,36,20.427083333333332,0,1,2010-06-01T00:00:00,2009-12-03T00:00:00,2010-08-30T00:00:00
16847,2010-03-31 13:32:00,1,421.45,25,61.43611111111111,0,1,2010-06-01T00:00:00,2009-12-03T00:00:00,2010-08-30T00:00:00
16854,2010-03-09 14:32:00,1,1290.81,70,83.39444444444445,0,1,2010-06-01T00:00:00,2009-12-03T00:00:00,2010-08-30T00:00:00
16858,2010-04-26 14:57:00,6,2230.44,65,35.37708333333333,1,0,2010-06-01T00:00:00,2009-12-03T00:00:00,2010-08-30T00:00:00
16859,2010-03-04 12:37:00,1,257.77,19,88.47430555555556,1,0,2010-06-01T00:00:00,2009-12-03T00:00:00,2010-08-30T00:00:00
16860,2010-02-15 13:46:00,1,517.12,16,105.4263888888889,1,0,2010-06-01T00:00:00,2009-12-03T00:00:00,2010-08-30T00:00:00
16862,2010-04-22 13:36:00,3,583.73,30,39.43333333333333,1,0,2010-06-01T00:00:00,2009-12-03T00:00:00,2010-08-30T00:00:00
16864,2010-04-20 11:56:00,1,111.72000000000001,2,41.50277777777778,0,1,2010-06-01T00:00:00,2009-12-03T00:00:00,2010-08-30T00:00:00
16867,2010-01-19 09:11:00,1,76.74000000000001,6,132.6173611111111,0,1,2010-06-01T00:00:00,2009-12-03T00:00:00,2010-08-30T00:00:00
16868,2010-04-25 11:31:00,1,183.9,24,36.52013888888889,0,1,2010-06-01T00:00:00,2009-12-03T00:00:00,2010-08-30T00:00:00
16873,2010-05-30 11:49:00,3,3687.03,123,1.507638888888889,1,0,2010-06-01T00:00:00,2009-12-03T00:00:00,2010-08-30T00:00:00
16875,2010-05-24 08:52:00,3,1482.31,81,7.6305555555555555,1,0,2010-06-01T00:00:00,2009-12-03T00:00:00,2010-08-30T00:00:00
16883,2010-05-25 11:04:00,3,326.7,51,6.538888888888889,1,0,2010-06-01T00:00:00,2009-12-03T00:00:00,2010-08-30T00:00:00
16884,2010-05-18 12:00:00,1,417.90000000000003,30,13.5,1,0,2010-06-01T00:00:00,2009-12-03T00:00:00,2010-08-30T00:00:00
16888,2010-02-01 17:21:00,2,317.31,31,119.27708333333334,0,1,2010-06-01T00:00:00,2009-12-03T00:00:00,2010-08-30T00:00:00
16889,2010-05-23 10:46:00,1,357.0,29,8.551388888888889,1,0,2010-06-01T00:00:00,2009-12-03T00:00:00,2010-08-30T00:00:00
16890,2010-05-24 12:03:00,2,244.61,18,7.497916666666667,1,0,2010-06-01T00:00:00,2009-12-03T00:00:00,2010-08-30T00:00:00
16891,2010-05-12 12:09:00,5,850.37,204,19.49375,1,0,2010-06-01T00:00:00,2009-12-03T00:00:00,2010-08-30T00:00:00
16892,2009-12-08 14:20:00,1,97.55,15,174.40277777777777,1,0,2010-06-01T00:00:00,2009-12-03T00:00:00,2010-08-30T00:00:00
16895,2010-03-22 11:01:00,2,337.29,40,70.54097222222222,1,0,2010-06-01T00:00:00,2009-12-03T00:00:00,2010-08-30T00:00:00
16898,2010-05-12 12:18:00,1,192.64,34,19.4875,0,1,2010-06-01T00:00:00,2009-12-03T00:00:00,2010-08-30T00:00:00
16901,2009-12-10 16:30:00,1,204.26,23,172.3125,0,1,2010-06-01T00:00:00,2009-12-03T00:00:00,2010-08-30T00:00:00
16905,2010-04-19 12:52:00,6,851.5,65,42.46388888888889,1,0,2010-06-01T00:00:00,2009-12-03T00:00:00,2010-08-30T00:00:00
16906,2010-05-13 13:31:00,2,343.36,60,18.436805555555555,0,1,2010-06-01T00:00:00,2009-12-03T00:00:00,2010-08-30T00:00:00
16908,2009-12-17 13:35:00,1,252.59,20,165.43402777777777,0,1,2010-06-01T00:00:00,2009-12-03T00:00:00,2010-08-30T00:00:00
16911,2010-03-14 12:18:00,2,255.25,35,78.4875,0,1,2010-06-01T00:00:00,2009-12-03T00:00:00,2010-08-30T00:00:00
16912,2010-02-21 12:36:00,2,725.84,23,99.475,0,1,2010-06-01T00:00:00,2009-12-03T00:00:00,2010-08-30T00:00:00
16913,2010-02-26 12:09:00,2,310.47,10,94.49375,0,1,2010-06-01T00:00:00,2009-12-03T00:00:00,2010-08-30T00:00:00
16915,2010-05-19 13:32:00,1,299.75,5,12.436111111111112,1,0,2010-06-01T00:00:00,2009-12-03T00:00:00,2010-08-30T00:00:00
16917,2010-03-17 15:24:00,1,1460.3600000000001,41,75.35833333333333,0,1,2010-06-01T00:00:00,2009-12-03T00:00:00,2010-08-30T00:00:00
16918,2010-05-17 13:29:00,6,1332.12,202,14.438194444444445,1,0,2010-06-01T00:00:00,2009-12-03T00:00:00,2010-08-30T00:00:00
16921,2010-04-18 15:34:00,1,141.56,22,43.35138888888889,0,1,2010-06-01T00:00:00,2009-12-03T00:00:00,2010-08-30T00:00:00
16922,2010-05-16 11:24:00,1,611.08,122,15.525,0,1,2010-06-01T00:00:00,2009-12-03T00:00:00,2010-08-30T00:00:00
16923,2010-05-23 11:19:00,5,2259.76,196,8.528472222222222,1,0,2010-06-01T00:00:00,2009-12-03T00:00:00,2010-08-30T00:00:00
16928,2010-02-17 15:03:00,2,127.2,4,103.37291666666667,0,1,2010-06-01T00:00:00,2009-12-03T00:00:00,2010-08-30T00:00:00
16932,2010-05-17 14:15:00,1,115.23,45,14.40625,0,1,2010-06-01T00:00:00,2009-12-03T00:00:00,2010-08-30T00:00:00
16933,2010-03-11 13:46:00,3,1524.31,153,81.4263888888889,1,0,2010-06-01T00:00:00,2009-12-03T00:00:00,2010-08-30T00:00:00
16934,2010-05-30 12:44:00,2,673.31,51,1.4694444444444446,1,0,2010-06-01T00:00:00,2009-12-03T00:00:00,2010-08-30T00:00:00
16938,2010-05-04 14:07:00,2,1793.04,237,27.411805555555556,1,0,2010-06-01T00:00:00,2009-12-03T00:00:00,2010-08-30T00:00:00
16939,2010-03-28 12:44:00,2,311.94,30,64.46944444444445,1,0,2010-06-01T00:00:00,2009-12-03T00:00:00,2010-08-30T00:00:00
16940,2010-04-13 12:24:00,3,1957.22,193,48.483333333333334,1,0,2010-06-01T00:00:00,2009-12-03T00:00:00,2010-08-30T00:00:00
16941,2010-04-07 11:13:00,1,33.0,2,54.53263888888889,0,1,2010-06-01T00:00:00,2009-12-03T00:00:00,2010-08-30T00:00:00
16943,2010-03-25 13:34:00,1,241.38,1,67.43472222222222,1,0,2010-06-01T00:00:00,2009-12-03T00:00:00,2010-08-30T00:00:00
16944,2010-04-09 11:03:00,1,101.36,7,52.53958333333333,0,1,2010-06-01T00:00:00,2009-12-03T00:00:00,2010-08-30T00:00:00
16945,2010-05-11 10:50:00,6,1818.85,95,20.54861111111111,1,0,2010-06-01T00:00:00,2009-12-03T00:00:00,2010-08-30T00:00:00
16946,2010-05-27 12:22:00,3,849.04,50,4.4847222222222225,1,0,2010-06-01T00:00:00,2009-12-03T00:00:00,2010-08-30T00:00:00
16947,2010-05-27 13:25:00,3,525.33,31,4.440972222222222,0,1,2010-06-01T00:00:00,2009-12-03T00:00:00,2010-08-30T00:00:00
16948,2010-05-10 09:50:00,2,230.25,11,21.59027777777778,1,0,2010-06-01T00:00:00,2009-12-03T00:00:00,2010-08-30T00:00:00
16950,2010-02-28 12:21:00,2,640.57,26,92.48541666666667,1,0,2010-06-01T00:00:00,2009-12-03T00:00:00,2010-08-30T00:00:00
16952,2009-12-11 13:52:00,1,249.09,33,171.42222222222222,0,1,2010-06-01T00:00:00,2009-12-03T00:00:00,2010-08-30T00:00:00
16954,2010-05-09 11:50:00,5,2413.31,104,22.506944444444443,1,0,2010-06-01T00:00:00,2009-12-03T00:00:00,2010-08-30T00:00:00
16955,2010-01-31 11:38:00,1,310.39,6,120.51527777777778,1,0,2010-06-01T00:00:00,2009-12-03T00:00:00,2010-08-30T00:00:00
16960,2010-03-02 13:36:00,1,443.98,116,90.43333333333334,1,0,2010-06-01T00:00:00,2009-12-03T00:00:00,2010-08-30T00:00:00
16964,2009-12-06 12:53:00,2,207.85,6,176.46319444444444,0,1,2010-06-01T00:00:00,2009-12-03T00:00:00,2010-08-30T00:00:00
16970,2010-03-23 13:50:00,1,71.4,2,69.42361111111111,0,1,2010-06-01T00:00:00,2009-12-03T00:00:00,2010-08-30T00:00:00
16974,2010-05-24 10:43:00,1,89.25,3,7.553472222222222,1,0,2010-06-01T00:00:00,2009-12-03T00:00:00,2010-08-30T00:00:00
16977,2010-05-02 10:46:00,3,360.3,19,29.551388888888887,0,1,2010-06-01T00:00:00,2009-12-03T00:00:00,2010-08-30T00:00:00
16978,2010-02-11 16:33:00,2,424.55,28,109.31041666666667,0,1,2010-06-01T00:00:00,2009-12-03T00:00:00,2010-08-30T00:00:00
16984,2010-04-25 15:56:00,3,2894.03,363,36.33611111111111,1,0,2010-06-01T00:00:00,2009-12-03T00:00:00,2010-08-30T00:00:00
16985,2010-05-20 12:44:00,6,2986.12,86,11.469444444444445,1,0,2010-06-01T00:00:00,2009-12-03T00:00:00,2010-08-30T00:00:00
16986,2010-05-26 15:24:00,8,2843.05,168,5.358333333333333,0,1,2010-06-01T00:00:00,2009-12-03T00:00:00,2010-08-30T00:00:00
16987,2010-04-12 15:59:00,2,488.19,65,49.33402777777778,0,1,2010-06-01T00:00:00,2009-12-03T00:00:00,2010-08-30T00:00:00
16992,2010-02-11 12:36:00,1,114.88,4,109.475,1,0,2010-06-01T00:00:00,2009-12-03T00:00:00,2010-08-30T00:00:00
16993,2010-05-12 13:55:00,1,719.8,13,19.42013888888889,0,1,2010-06-01T00:00:00,2009-12-03T00:00:00,2010-08-30T00:00:00
17001,2010-03-25 12:41:00,1,577.24,29,67.47152777777778,1,0,2010-06-01T00:00:00,2009-12-03T00:00:00,2010-08-30T00:00:00
17002,2010-05-06 09:58:00,3,433.96,20,25.584722222222222,0,1,2010-06-01T00:00:00,2009-12-03T00:00:00,2010-08-30T00:00:00
17003,2010-05-10 11:20:00,1,144.36,22,21.52777777777778,0,1,2010-06-01T00:00:00,2009-12-03T00:00:00,2010-08-30T00:00:00
17005,2010-04-30 10:55:00,1,333.75,13,31.54513888888889,1,0,2010-06-01T00:00:00,2009-12-03T00:00:00,2010-08-30T00:00:00
17006,2010-03-05 13:33:00,1,179.76,31,87.43541666666667,0,1,2010-06-01T00:00:00,2009-12-03T00:00:00,2010-08-30T00:00:00
17011,2010-03-02 13:50:00,2,400.8,13,90.42361111111111,0,1,2010-06-01T00:00:00,2009-12-03T00:00:00,2010-08-30T00:00:00
17012,2009-12-14 17:34:00,1,360.61,36,168.26805555555555,0,1,2010-06-01T00:00:00,2009-12-03T00:00:00,2010-08-30T00:00:00
17016,2010-05-12 12:32:00,1,552.4,41,19.477777777777778,0,1,2010-06-01T00:00:00,2009-12-03T00:00:00,2010-08-30T00:00:00
17017,2009-12-03 13:22:00,1,277.5,7,179.44305555555556,1,0,2010-06-01T00:00:00,2009-12-03T00:00:00,2010-08-30T00:00:00
17018,2010-05-11 12:33:00,3,962.6,15,20.477083333333333,0,1,2010-06-01T00:00:00,2009-12-03T00:00:00,2010-08-30T00:00:00
17019,2010-03-24 12:33:00,1,359.31,62,68.47708333333334,1,0,2010-06-01T00:00:00,2009-12-03T00:00:00,2010-08-30T00:00:00
17020,2010-03-03 12:27:00,1,316.86,23,89.48125,1,0,2010-06-01T00:00:00,2009-12-03T00:00:00,2010-08-30T00:00:00
17021,2010-05-05 12:42:00,2,561.9300000000001,20,26.470833333333335,1,0,2010-06-01T00:00:00,2009-12-03T00:00:00,2010-08-30T00:00:00
17023,2010-01-11 15:09:00,1,142.35,10,140.36875,1,0,2010-06-01T00:00:00,2009-12-03T00:00:00,2010-08-30T00:00:00
17025,2010-03-08 13:37:00,1,848.7,22,84.43263888888889,0,1,2010-06-01T00:00:00,2009-12-03T00:00:00,2010-08-30T00:00:00
17027,2010-02-24 13:54:00,2,244.25,9,96.42083333333333,0,1,2010-06-01T00:00:00,2009-12-03T00:00:00,2010-08-30T00:00:00
17028,2010-05-07 15:33:00,3,1593.83,95,24.352083333333333,0,1,2010-06-01T00:00:00,2009-12-03T00:00:00,2010-08-30T00:00:00
17029,2010-03-10 13:34:00,2,601.0,3,82.43472222222222,1,0,2010-06-01T00:00:00,2009-12-03T00:00:00,2010-08-30T00:00:00
17031,2010-05-07 14:52:00,1,1857.0,22,24.380555555555556,1,0,2010-06-01T00:00:00,2009-12-03T00:00:00,2010-08-30T00:00:00
17032,2010-04-15 18:08:00,6,2954.32,235,46.24444444444445,1,0,2010-06-01T00:00:00,2009-12-03T00:00:00,2010-08-30T00:00:00
17035,2010-04-27 14:11:00,2,180.06,5,34.40902777777778,0,1,2010-06-01T00:00:00,2009-12-03T00:00:00,2010-08-30T00:00:00
17039,2010-04-14 12:56:00,1,1954.99,44,47.46111111111111,0,1,2010-06-01T00:00:00,2009-12-03T00:00:00,2010-08-30T00:00:00
17041,2010-04-18 14:28:00,2,220.41,25,43.397222222222226,0,1,2010-06-01T00:00:00,2009-12-03T00:00:00,2010-08-30T00:00:00
17043,2010-05-18 13:36:00,2,564.6,75,13.433333333333334,0,1,2010-06-01T00:00:00,2009-12-03T00:00:00,2010-08-30T00:00:00
17044,2010-05-18 13:23:00,4,3207.98,55,13.442361111111111,1,0,2010-06-01T00:00:00,2009-12-03T00:00:00,2010-08-30T00:00:00
17046,2010-03-29 13:46:00,1,359.44,22,63.42638888888889,1,0,2010-06-01T00:00:00,2009-12-03T00:00:00,2010-08-30T00:00:00
17047,2010-04-08 14:28:00,2,765.9300000000001,51,53.397222222222226,0,1,2010-06-01T00:00:00,2009-12-03T00:00:00,2010-08-30T00:00:00
17048,2010-04-12 17:23:00,2,440.23,29,49.27569444444445,1,0,2010-06-01T00:00:00,2009-12-03T00:00:00,2010-08-30T00:00:00
17049,2010-04-26 11:36:00,3,1601.31,92,35.516666666666666,1,0,2010-06-01T00:00:00,2009-12-03T00:00:00,2010-08-30T00:00:00
17050,2010-02-28 11:33:00,2,510.47,24,92.51875,1,0,2010-06-01T00:00:00,2009-12-03T00:00:00,2010-08-30T00:00:00
17051,2010-05-02 15:31:00,2,283.05,66,29.353472222222223,0,1,2010-06-01T00:00:00,2009-12-03T00:00:00,2010-08-30T00:00:00
17057,2010-04-22 19:21:00,1,294.74,50,39.19375,0,1,2010-06-01T00:00:00,2009-12-03T00:00:00,2010-08-30T00:00:00
17059,2010-03-09 15:22:00,2,936.03,111,83.35972222222222,1,0,2010-06-01T00:00:00,2009-12-03T00:00:00,2010-08-30T00:00:00
17063,2010-04-27 13:35:00,2,818.13,49,34.43402777777778,1,0,2010-06-01T00:00:00,2009-12-03T00:00:00,2010-08-30T00:00:00
17065,2010-03-12 11:41:00,2,194.7,12,80.51319444444445,0,1,2010-06-01T00:00:00,2009-12-03T00:00:00,2010-08-30T00:00:00
17066,2009-12-13 13:24:00,1,228.34,18,169.44166666666666,0,1,2010-06-01T00:00:00,2009-12-03T00:00:00,2010-08-30T00:00:00
17067,2009-12-15 08:39:00,3,454.54,13,167.63958333333332,0,1,2010-06-01T00:00:00,2009-12-03T00:00:00,2010-08-30T00:00:00
17068,2010-05-27 12:21:00,6,1086.58,153,4.485416666666667,1,0,2010-06-01T00:00:00,2009-12-03T00:00:00,2010-08-30T00:00:00
17069,2010-05-06 15:05:00,2,1250.83,80,25.37152777777778,0,1,2010-06-01T00:00:00,2009-12-03T00:00:00,2010-08-30T00:00:00
17071,2010-01-24 13:05:00,1,308.01000000000005,17,127.45486111111111,1,0,2010-06-01T00:00:00,2009-12-03T00:00:00,2010-08-30T00:00:00
17072,2010-03-24 16:33:00,1,273.35,21,68.31041666666667,0,1,2010-06-01T00:00:00,2009-12-03T00:00:00,2010-08-30T00:00:00
17074,2010-05-26 12:04:00,1,203.05,4,5.497222222222222,0,1,2010-06-01T00:00:00,2009-12-03T00:00:00,2010-08-30T00:00:00
17075,2010-03-17 16:33:00,4,758.08,67,75.31041666666667,1,0,2010-06-01T00:00:00,2009-12-03T00:00:00,2010-08-30T00:00:00
17076,2010-03-11 13:19:00,2,191.75,12,81.44513888888889,0,1,2010-06-01T00:00:00,2009-12-03T00:00:00,2010-08-30T00:00:00
17077,2010-05-10 16:36:00,1,306.0,1,21.308333333333334,0,1,2010-06-01T00:00:00,2009-12-03T00:00:00,2010-08-30T00:00:00
17081,2010-05-23 12:56:00,2,277.54,50,8.46111111111111,0,1,2010-06-01T00:00:00,2009-12-03T00:00:00,2010-08-30T00:00:00
17082,2010-03-24 09:26:00,3,1785.38,57,68.60694444444445,0,1,2010-06-01T00:00:00,2009-12-03T00:00:00,2010-08-30T00:00:00
17083,2010-04-22 12:09:00,3,1247.83,22,39.49375,1,0,2010-06-01T00:00:00,2009-12-03T00:00:00,2010-08-30T00:00:00
17085,2010-05-30 12:30:00,10,2284.17,281,1.4791666666666667,1,0,2010-06-01T00:00:00,2009-12-03T00:00:00,2010-08-30T00:00:00
17091,2010-05-04 09:01:00,3,1007.1800000000001,55,27.624305555555555,1,0,2010-06-01T00:00:00,2009-12-03T00:00:00,2010-08-30T00:00:00
17092,2010-05-12 16:42:00,2,1069.32,91,19.304166666666667,1,0,2010-06-01T00:00:00,2009-12-03T00:00:00,2010-08-30T00:00:00
17093,2010-04-26 10:22:00,1,235.88,13,35.56805555555555,0,1,2010-06-01T00:00:00,2009-12-03T00:00:00,2010-08-30T00:00:00
17095,2010-03-18 13:28:00,2,629.9300000000001,25,74.43888888888888,1,0,2010-06-01T00:00:00,2009-12-03T00:00:00,2010-08-30T00:00:00
17103,2009-12-17 14:08:00,1,424.3,32,165.4111111111111,0,1,2010-06-01T00:00:00,2009-12-03T00:00:00,2010-08-30T00:00:00
17107,2010-01-31 15:47:00,1,1610.19,79,120.34236111111112,1,0,2010-06-01T00:00:00,2009-12-03T00:00:00,2010-08-30T00:00:00
17108,2010-02-14 12:22:00,1,174.95,9,106.48472222222222,0,1,2010-06-01T00:00:00,2009-12-03T00:00:00,2010-08-30T00:00:00
17110,2010-04-08 13:32:00,1,190.5,18,53.43611111111111,1,0,2010-06-01T00:00:00,2009-12-03T00:00:00,2010-08-30T00:00:00
17113,2010-05-14 13:59:00,6,2305.59,158,17.417361111111113,0,1,2010-06-01T00:00:00,2009-12-03T00:00:00,2010-08-30T00:00:00
17115,2010-04-21 15:31:00,3,1534.69,65,40.35347222222222,1,0,2010-06-01T00:00:00,2009-12-03T00:00:00,2010-08-30T00:00:00
17116,2010-03-01 16:29:00,1,389.78,47,91.31319444444445,0,1,2010-06-01T00:00:00,2009-12-03T00:00:00,2010-08-30T00:00:00
17123,2010-05-16 11:52:00,1,217.36,18,15.505555555555556,0,1,2010-06-01T00:00:00,2009-12-03T00:00:00,2010-08-30T00:00:00
17127,2009-12-04 15:18:00,1,137.95000000000002,6,178.3625,1,0,2010-06-01T00:00:00,2009-12-03T00:00:00,2010-08-30T00:00:00
17133,2010-05-13 14:57:00,3,6568.09,18,18.377083333333335,1,0,2010-06-01T00:00:00,2009-12-03T00:00:00,2010-08-30T00:00:00
17135,2010-05-09 16:03:00,1,170.4,35,22.33125,1,0,2010-06-01T00:00:00,2009-12-03T00:00:00,2010-08-30T00:00:00
17136,2010-02-15 13:13:00,1,231.68,14,105.44930555555555,0,1,2010-06-01T00:00:00,2009-12-03T00:00:00,2010-08-30T00:00:00
17137,2010-05-09 12:10:00,3,642.87,121,22.493055555555557,1,0,2010-06-01T00:00:00,2009-12-03T00:00:00,2010-08-30T00:00:00
17138,2010-04-20 11:19:00,4,3569.76,209,41.52847222222222,1,0,2010-06-01T00:00:00,2009-12-03T00:00:00,2010-08-30T00:00:00
17139,2010-04-27 11:56:00,5,3717.86,144,34.50277777777778,1,0,2010-06-01T00:00:00,2009-12-03T00:00:00,2010-08-30T00:00:00
17141,2010-01-24 14:24:00,2,400.59000000000003,77,127.4,0,1,2010-06-01T00:00:00,2009-12-03T00:00:00,2010-08-30T00:00:00
17142,2010-01-24 15:23:00,1,225.5,27,127.35902777777778,1,0,2010-06-01T00:00:00,2009-12-03T00:00:00,2010-08-30T00:00:00
17145,2010-02-19 12:07:00,1,897.0300000000001,54,101.49513888888889,1,0,2010-06-01T00:00:00,2009-12-03T00:00:00,2010-08-30T00:00:00
17146,2010-05-21 10:22:00,4,2479.75,150,10.568055555555556,1,0,2010-06-01T00:00:00,2009-12-03T00:00:00,2010-08-30T00:00:00
17147,2010-04-12 09:59:00,3,716.66,31,49.58402777777778,1,0,2010-06-01T00:00:00,2009-12-03T00:00:00,2010-08-30T00:00:00
17150,2010-05-23 11:04:00,4,795.65,57,8.53888888888889,0,1,2010-06-01T00:00:00,2009-12-03T00:00:00,2010-08-30T00:00:00
17151,2009-12-04 14:56:00,1,231.90000000000003,4,178.37777777777777,0,1,2010-06-01T00:00:00,2009-12-03T00:00:00,2010-08-30T00:00:00
17155,2010-05-24 14:28:00,4,481.16,49,7.397222222222222,1,0,2010-06-01T00:00:00,2009-12-03T00:00:00,2010-08-30T00:00:00
17157,2010-05-26 15:30:00,11,3164.5,83,5.354166666666667,1,0,2010-06-01T00:00:00,2009-12-03T00:00:00,2010-08-30T00:00:00
17158,2010-03-07 15:50:00,1,298.5,20,85.34027777777777,1,0,2010-06-01T00:00:00,2009-12-03T00:00:00,2010-08-30T00:00:00
17159,2010-03-04 14:53:00,1,261.3,11,88.37986111111111,1,0,2010-06-01T00:00:00,2009-12-03T00:00:00,2010-08-30T00:00:00
17160,2010-04-25 15:47:00,5,2281.94,156,36.34236111111111,1,0,2010-06-01T00:00:00,2009-12-03T00:00:00,2010-08-30T00:00:00
17163,2010-02-02 10:39:00,1,141.24,5,118.55625,0,1,2010-06-01T00:00:00,2009-12-03T00:00:00,2010-08-30T00:00:00
17165,2010-03-24 11:38:00,3,945.93,51,68.51527777777778,1,0,2010-06-01T00:00:00,2009-12-03T00:00:00,2010-08-30T00:00:00
17169,2010-05-10 13:00:00,1,320.95,21,21.458333333333332,0,1,2010-06-01T00:00:00,2009-12-03T00:00:00,2010-08-30T00:00:00
17171,2010-02-16 12:02:00,1,159.68,9,104.49861111111112,0,1,2010-06-01T00:00:00,2009-12-03T00:00:00,2010-08-30T00:00:00
17172,2009-12-13 11:46:00,1,336.82,14,169.50972222222222,0,1,2010-06-01T00:00:00,2009-12-03T00:00:00,2010-08-30T00:00:00
17176,2010-01-31 15:49:00,1,286.34,12,120.34097222222222,1,0,2010-06-01T00:00:00,2009-12-03T00:00:00,2010-08-30T00:00:00
17178,2009-12-08 16:20:00,1,432.96000000000004,31,174.31944444444446,0,1,2010-06-01T00:00:00,2009-12-03T00:00:00,2010-08-30T00:00:00
17179,2010-05-26 11:22:00,1,193.17000000000002,27,5.526388888888889,0,1,2010-06-01T00:00:00,2009-12-03T00:00:00,2010-08-30T00:00:00
17180,2010-05-12 17:20:00,4,769.37,152,19.27777777777778,1,0,2010-06-01T00:00:00,2009-12-03T00:00:00,2010-08-30T00:00:00
17181,2010-04-23 11:21:00,1,69.93,5,38.52708333333333,0,1,2010-06-01T00:00:00,2009-12-03T00:00:00,2010-08-30T00:00:00
17182,2009-12-21 15:22:00,1,178.5,2,161.35972222222222,0,1,2010-06-01T00:00:00,2009-12-03T00:00:00,2010-08-30T00:00:00
17184,2010-05-19 14:24:00,2,198.41000000000003,14,12.4,0,1,2010-06-01T00:00:00,2009-12-03T00:00:00,2010-08-30T00:00:00
17185,2010-04-27 12:15:00,3,229.46,44,34.489583333333336,0,1,2010-06-01T00:00:00,2009-12-03T00:00:00,2010-08-30T00:00:00
17188,2010-05-04 16:18:00,4,1318.92,60,27.320833333333333,1,0,2010-06-01T00:00:00,2009-12-03T00:00:00,2010-08-30T00:00:00
17189,2010-05-27 20:11:00,2,341.52,39,4.159027777777778,0,1,2010-06-01T00:00:00,2009-12-03T00:00:00,2010-08-30T00:00:00
17190,2010-03-05 13:21:00,1,405.42,4,87.44375,1,0,2010-06-01T00:00:00,2009-12-03T00:00:00,2010-08-30T00:00:00
17191,2010-03-26 15:32:00,2,632.73,71,66.35277777777777,1,0,2010-06-01T00:00:00,2009-12-03T00:00:00,2010-08-30T00:00:00
17195,2010-02-22 13:05:00,1,562.98,31,98.45486111111111,0,1,2010-06-01T00:00:00,2009-12-03T00:00:00,2010-08-30T00:00:00
17199,2010-05-06 13:53:00,1,135.04000000000002,8,25.42152777777778,0,1,2010-06-01T00:00:00,2009-12-03T00:00:00,2010-08-30T00:00:00
17200,2010-02-25 13:24:00,2,165.06,21,95.44166666666666,0,1,2010-06-01T00:00:00,2009-12-03T00:00:00,2010-08-30T00:00:00
17201,2010-02-10 12:26:00,1,439.77,68,110.48194444444445,1,0,2010-06-01T00:00:00,2009-12-03T00:00:00,2010-08-30T00:00:00
17205,2010-05-24 15:36:00,1,274.95,12,7.35,0,1,2010-06-01T00:00:00,2009-12-03T00:00:00,2010-08-30T00:00:00
17207,2010-02-25 19:08:00,1,292.62,60,95.20277777777778,0,1,2010-06-01T00:00:00,2009-12-03T00:00:00,2010-08-30T00:00:00
17209,2010-02-28 16:01:00,3,595.7,38,92.3326388888889,0,1,2010-06-01T00:00:00,2009-12-03T00:00:00,2010-08-30T00:00:00
17211,2010-02-28 14:41:00,4,1263.0,109,92.38819444444445,0,1,2010-06-01T00:00:00,2009-12-03T00:00:00,2010-08-30T00:00:00
17213,2010-03-09 14:16:00,4,1337.95,66,83.40555555555555,1,0,2010-06-01T00:00:00,2009-12-03T00:00:00,2010-08-30T00:00:00
17217,2010-03-30 13:35:00,1,96.6,18,62.43402777777778,0,1,2010-06-01T00:00:00,2009-12-03T00:00:00,2010-08-30T00:00:00
17218,2010-04-01 19:54:00,3,673.09,70,60.170833333333334,1,0,2010-06-01T00:00:00,2009-12-03T00:00:00,2010-08-30T00:00:00
17220,2010-03-10 13:26:00,4,634.9399999999999,99,82.44027777777778,0,1,2010-06-01T00:00:00,2009-12-03T00:00:00,2010-08-30T00:00:00
17221,2010-04-27 10:27:00,3,642.14,62,34.56458333333333,0,1,2010-06-01T00:00:00,2009-12-03T00:00:00,2010-08-30T00:00:00
17222,2010-04-29 12:19:00,4,665.61,54,32.486805555555556,1,0,2010-06-01T00:00:00,2009-12-03T00:00:00,2010-08-30T00:00:00
17225,2010-05-07 11:38:00,1,131.15,5,24.51527777777778,0,1,2010-06-01T00:00:00,2009-12-03T00:00:00,2010-08-30T00:00:00
17226,2010-02-12 14:31:00,1,420.98,33,108.3951388888889,0,1,2010-06-01T00:00:00,2009-12-03T00:00:00,2010-08-30T00:00:00
17227,2010-03-17 15:20:00,2,377.55,23,75.36111111111111,1,0,2010-06-01T00:00:00,2009-12-03T00:00:00,2010-08-30T00:00:00
17228,2010-05-17 15:54:00,3,477.91,58,14.3375,1,0,2010-06-01T00:00:00,2009-12-03T00:00:00,2010-08-30T00:00:00
17230,2010-05-25 11:07:00,10,5750.08,148,6.5368055555555555,0,1,2010-06-01T00:00:00,2009-12-03T00:00:00,2010-08-30T00:00:00
17231,2010-05-27 20:20:00,8,2131.09,348,4.152777777777778,1,0,2010-06-01T00:00:00,2009-12-03T00:00:00,2010-08-30T00:00:00
17233,2009-12-15 12:03:00,1,179.36,13,167.49791666666667,0,1,2010-06-01T00:00:00,2009-12-03T00:00:00,2010-08-30T00:00:00
17236,2010-05-04 16:41:00,4,716.53,26,27.304861111111112,1,0,2010-06-01T00:00:00,2009-12-03T00:00:00,2010-08-30T00:00:00
17238,2010-05-28 14:30:00,6,1543.54,239,3.3958333333333335,1,0,2010-06-01T00:00:00,2009-12-03T00:00:00,2010-08-30T00:00:00
17240,2010-04-22 15:44:00,1,130.60000000000002,7,39.34444444444444,0,1,2010-06-01T00:00:00,2009-12-03T00:00:00,2010-08-30T00:00:00
17241,2010-05-28 14:15:00,7,1800.04,104,3.40625,1,0,2010-06-01T00:00:00,2009-12-03T00:00:00,2010-08-30T00:00:00
17242,2010-05-06 13:19:00,2,1016.9399999999999,24,25.445138888888888,0,1,2010-06-01T00:00:00,2009-12-03T00:00:00,2010-08-30T00:00:00
17243,2010-05-30 10:15:00,22,6674.78,371,1.5729166666666667,1,0,2010-06-01T00:00:00,2009-12-03T00:00:00,2010-08-30T00:00:00
17244,2009-12-06 11:27:00,1,260.65,21,176.52291666666667,0,1,2010-06-01T00:00:00,2009-12-03T00:00:00,2010-08-30T00:00:00
17245,2010-01-19 15:39:00,1,200.18,16,132.34791666666666,0,1,2010-06-01T00:00:00,2009-12-03T00:00:00,2010-08-30T00:00:00
17251,2009-12-15 10:36:00,1,306.40000000000003,20,167.55833333333334,0,1,2010-06-01T00:00:00,2009-12-03T00:00:00,2010-08-30T00:00:00
17256,2010-04-18 13:42:00,2,153.63,14,43.42916666666667,1,0,2010-06-01T00:00:00,2009-12-03T00:00:00,2010-08-30T00:00:00
17258,2010-02-12 15:51:00,1,283.85,35,108.33958333333334,0,1,2010-06-01T00:00:00,2009-12-03T00:00:00,2010-08-30T00:00:00
17259,2010-02-22 13:38:00,1,308.62,47,98.43194444444444,1,0,2010-06-01T00:00:00,2009-12-03T00:00:00,2010-08-30T00:00:00
17262,2010-05-19 10:38:00,4,454.2,4,12.556944444444444,1,0,2010-06-01T00:00:00,2009-12-03T00:00:00,2010-08-30T00:00:00
17266,2010-03-09 10:42:00,1,114.73,26,83.55416666666666,1,0,2010-06-01T00:00:00,2009-12-03T00:00:00,2010-08-30T00:00:00
17268,2010-05-17 10:12:00,5,827.45,21,14.575,1,0,2010-06-01T00:00:00,2009-12-03T00:00:00,2010-08-30T00:00:00
17270,2009-12-07 17:18:00,1,389.62,15,175.27916666666667,1,0,2010-06-01T00:00:00,2009-12-03T00:00:00,2010-08-30T00:00:00
17271,2009-12-03 13:49:00,1,204.3,48,179.42430555555555,0,1,2010-06-01T00:00:00,2009-12-03T00:00:00,2010-08-30T00:00:00
17278,2010-05-23 13:49:00,1,25.2,2,8.424305555555556,0,1,2010-06-01T00:00:00,2009-12-03T00:00:00,2010-08-30T00:00:00
17281,2010-05-13 11:42:00,3,342.0,3,18.5125,1,0,2010-06-01T00:00:00,2009-12-03T00:00:00,2010-08-30T00:00:00
17285,2010-03-21 13:38:00,2,407.94,44,71.43194444444444,0,1,2010-06-01T00:00:00,2009-12-03T00:00:00,2010-08-30T00:00:00
17287,2010-05-02 11:48:00,8,1073.64,150,29.508333333333333,1,0,2010-06-01T00:00:00,2009-12-03T00:00:00,2010-08-30T00:00:00
17289,2010-04-09 12:33:00,3,508.34000000000003,63,52.47708333333333,1,0,2010-06-01T00:00:00,2009-12-03T00:00:00,2010-08-30T00:00:00
17290,2010-03-26 13:13:00,2,158.99,28,66.44930555555555,1,0,2010-06-01T00:00:00,2009-12-03T00:00:00,2010-08-30T00:00:00
17292,2010-05-09 14:52:00,1,141.35000000000002,6,22.380555555555556,1,0,2010-06-01T00:00:00,2009-12-03T00:00:00,2010-08-30T00:00:00
17293,2010-05-24 12:59:00,4,674.54,45,7.459027777777778,1,0,2010-06-01T00:00:00,2009-12-03T00:00:00,2010-08-30T00:00:00
17294,2010-02-08 16:12:00,2,467.79,17,112.325,0,1,2010-06-01T00:00:00,2009-12-03T00:00:00,2010-08-30T00:00:00
17296,2009-12-09 14:01:00,1,338.13,33,173.41597222222222,0,1,2010-06-01T00:00:00,2009-12-03T00:00:00,2010-08-30T00:00:00
17298,2010-03-08 08:56:00,1,122.02,6,84.62777777777778,1,0,2010-06-01T00:00:00,2009-12-03T00:00:00,2010-08-30T00:00:00
17301,2010-03-25 13:16:00,1,131.15,54,67.44722222222222,0,1,2010-06-01T00:00:00,2009-12-03T00:00:00,2010-08-30T00:00:00
17305,2010-03-01 12:47:00,1,2135.46,9,91.46736111111112,0,1,2010-06-01T00:00:00,2009-12-03T00:00:00,2010-08-30T00:00:00
17307,2010-05-05 13:49:00,5,2000.26,20,26.424305555555556,1,0,2010-06-01T00:00:00,2009-12-03T00:00:00,2010-08-30T00:00:00
17309,2010-02-04 15:49:00,1,209.89000000000001,21,116.34097222222222,0,1,2010-06-01T00:00:00,2009-12-03T00:00:00,2010-08-30T00:00:00
17311,2010-05-28 09:36:00,2,1242.49,45,3.6,0,1,2010-06-01T00:00:00,2009-12-03T00:00:00,2010-08-30T00:00:00
17314,2010-05-24 10:57:00,5,1095.09,54,7.54375,1,0,2010-06-01T00:00:00,2009-12-03T00:00:00,2010-08-30T00:00:00
17318,2009-12-14 13:11:00,1,157.32999999999998,17,168.45069444444445,0,1,2010-06-01T00:00:00,2009-12-03T00:00:00,2010-08-30T00:00:00
17319,2010-02-08 15:47:00,1,29.099999999999998,3,112.34236111111112,0,1,2010-06-01T00:00:00,2009-12-03T00:00:00,2010-08-30T00:00:00
17320,2010-01-21 16:29:00,1,323.66,19,130.31319444444443,1,0,2010-06-01T00:00:00,2009-12-03T00:00:00,2010-08-30T00:00:00
17321,2010-05-11 12:10:00,1,411.51,46,20.493055555555557,1,0,2010-06-01T00:00:00,2009-12-03T00:00:00,2010-08-30T00:00:00
17322,2009-12-03 11:46:00,1,114.55,28,179.50972222222222,0,1,2010-06-01T00:00:00,2009-12-03T00:00:00,2010-08-30T00:00:00
17323,2010-05-06 19:29:00,3,399.22,86,25.188194444444445,1,0,2010-06-01T00:00:00,2009-12-03T00:00:00,2010-08-30T00:00:00
17324,2010-05-05 15:43:00,5,509.34,56,26.34513888888889,1,0,2010-06-01T00:00:00,2009-12-03T00:00:00,2010-08-30T00:00:00
17325,2010-03-08 11:31:00,1,101.89999999999999,8,84.5201388888889,0,1,2010-06-01T00:00:00,2009-12-03T00:00:00,2010-08-30T00:00:00
17327,2010-05-26 11:20:00,1,4.25,1,5.527777777777778,0,1,2010-06-01T00:00:00,2009-12-03T00:00:00,2010-08-30T00:00:00
17328,2010-02-04 17:11:00,1,104.7,6,116.28402777777778,0,1,2010-06-01T00:00:00,2009-12-03T00:00:00,2010-08-30T00:00:00
17329,2009-12-08 16:57:00,3,475.42,71,174.29375,0,1,2010-06-01T00:00:00,2009-12-03T00:00:00,2010-08-30T00:00:00
17330,2010-03-02 09:20:00,1,49.95,1,90.61111111111111,1,0,2010-06-01T00:00:00,2009-12-03T00:00:00,2010-08-30T00:00:00
17332,2010-05-09 12:05:00,4,671.67,86,22.49652777777778,1,0,2010-06-01T00:00:00,2009-12-03T00:00:00,2010-08-30T00:00:00
17335,2010-01-24 11:15:00,1,143.81,20,127.53125,0,1,2010-06-01T00:00:00,2009-12-03T00:00:00,2010-08-30T00:00:00
17338,2010-05-24 14:17:00,2,547.32,52,7.404861111111111,1,0,2010-06-01T00:00:00,2009-12-03T00:00:00,2010-08-30T00:00:00
17340,2010-05-17 10:20:00,3,3042.44,144,14.569444444444445,1,0,2010-06-01T00:00:00,2009-12-03T00:00:00,2010-08-30T00:00:00
17342,2010-02-16 16:50:00,2,626.14,20,104.29861111111111,1,0,2010-06-01T00:00:00,2009-12-03T00:00:00,2010-08-30T00:00:00
17343,2010-05-23 10:57:00,3,764.0500000000001,44,8.54375,1,0,2010-06-01T00:00:00,2009-12-03T00:00:00,2010-08-30T00:00:00
17344,2009-12-11 12:31:00,1,299.74,36,171.47847222222222,0,1,2010-06-01T00:00:00,2009-12-03T00:00:00,2010-08-30T00:00:00
17345,2010-05-05 14:34:00,2,214.37,31,26.393055555555556,1,0,2010-06-01T00:00:00,2009-12-03T00:00:00,2010-08-30T00:00:00
17346,2010-05-20 12:50:00,3,549.72,80,11.465277777777779,1,0,2010-06-01T00:00:00,2009-12-03T00:00:00,2010-08-30T00:00:00
17348,2010-04-27 10:48:00,2,702.12,98,34.55,0,1,2010-06-01T00:00:00,2009-12-03T00:00:00,2010-08-30T00:00:00
17349,2010-03-18 14:26:00,1,136.10000000000002,7,74.39861111111111,1,0,2010-06-01T00:00:00,2009-12-03T00:00:00,2010-08-30T00:00:00
17350,2010-02-01 15:38:00,1,342.25100000000003,21,119.34861111111111,1,0,2010-06-01T00:00:00,2009-12-03T00:00:00,2010-08-30T00:00:00
17351,2010-04-23 16:52:00,5,827.28,30,38.297222222222224,1,0,2010-06-01T00:00:00,2009-12-03T00:00:00,2010-08-30T00:00:00
17352,2010-01-12 16:13:00,1,36.25,5,139.32430555555555,0,1,2010-06-01T00:00:00,2009-12-03T00:00:00,2010-08-30T00:00:00
17353,2010-03-25 12:52:00,1,342.0,2,67.46388888888889,1,0,2010-06-01T00:00:00,2009-12-03T00:00:00,2010-08-30T00:00:00
17356,2010-04-29 12:55:00,3,588.5,43,32.46180555555556,1,0,2010-06-01T00:00:00,2009-12-03T00:00:00,2010-08-30T00:00:00
17358,2010-02-24 16:42:00,1,117.22,13,96.30416666666666,0,1,2010-06-01T00:00:00,2009-12-03T00:00:00,2010-08-30T00:00:00
17359,2010-03-01 14:48:00,1,156.6,23,91.38333333333334,0,1,2010-06-01T00:00:00,2009-12-03T00:00:00,2010-08-30T00:00:00
17361,2010-02-01 14:33:00,2,383.59000000000003,28,119.39375,0,1,2010-06-01T00:00:00,2009-12-03T00:00:00,2010-08-30T00:00:00
17362,2010-04-08 15:40:00,4,522.87,79,53.34722222222222,0,1,2010-06-01T00:00:00,2009-12-03T00:00:00,2010-08-30T00:00:00
17364,2010-05-28 16:36:00,8,3618.36,273,3.308333333333333,1,0,2010-06-01T00:00:00,2009-12-03T00:00:00,2010-08-30T00:00:00
17365,2010-05-10 11:55:00,3,940.95,92,21.50347222222222,1,0,2010-06-01T00:00:00,2009-12-03T00:00:00,2010-08-30T00:00:00
17368,2009-12-15 17:45:00,1,191.72,47,167.26041666666666,1,0,2010-06-01T00:00:00,2009-12-03T00:00:00,2010-08-30T00:00:00
17371,2010-03-26 14:01:00,3,236.97,58,66.41597222222222,0,1,2010-06-01T00:00:00,2009-12-03T00:00:00,2010-08-30T00:00:00
17372,2010-05-20 12:55:00,13,1805.91,211,11.461805555555555,1,0,2010-06-01T00:00:00,2009-12-03T00:00:00,2010-08-30T00:00:00
17373,2010-02-28 14:17:00,1,163.7,13,92.40486111111112,0,1,2010-06-01T00:00:00,2009-12-03T00:00:00,2010-08-30T00:00:00
17377,2010-05-24 11:11:00,28,4497.52,581,7.534027777777778,1,0,2010-06-01T00:00:00,2009-12-03T00:00:00,2010-08-30T00:00:00
17382,2010-05-19 11:34:00,2,221.4,4,12.518055555555556,1,0,2010-06-01T00:00:00,2009-12-03T00:00:00,2010-08-30T00:00:00
17388,2010-05-27 08:33:00,3,384.41,20,4.64375,1,0,2010-06-01T00:00:00,2009-12-03T00:00:00,2010-08-30T00:00:00
17389,2010-05-28 15:16:00,6,3341.29,58,3.363888888888889,1,0,2010-06-01T00:00:00,2009-12-03T00:00:00,2010-08-30T00:00:00
17400,2010-05-07 17:49:00,3,2525.44,263,24.257638888888888,0,1,2010-06-01T00:00:00,2009-12-03T00:00:00,2010-08-30T00:00:00
17402,2010-03-24 15:08:00,3,210.7,27,68.36944444444444,1,0,2010-06-01T00:00:00,2009-12-03T00:00:00,2010-08-30T00:00:00
17404,2010-04-16 10:27:00,4,6776.11,49,45.56458333333333,1,0,2010-06-01T00:00:00,2009-12-03T00:00:00,2010-08-30T00:00:00
17406,2010-05-25 15:46:00,8,1408.97,63,6.343055555555556,1,0,2010-06-01T00:00:00,2009-12-03T00:00:00,2010-08-30T00:00:00
17409,2010-05-24 15:33:00,5,3260.02,50,7.352083333333334,0,1,2010-06-01T00:00:00,2009-12-03T00:00:00,2010-08-30T00:00:00
17411,2009-12-03 12:02:00,1,344.40000000000003,19,179.4986111111111,0,1,2010-06-01T00:00:00,2009-12-03T00:00:00,2010-08-30T00:00:00
17412,2010-05-25 08:40:00,4,1093.39,62,6.638888888888889,1,0,2010-06-01T00:00:00,2009-12-03T00:00:00,2010-08-30T00:00:00
17413,2010-05-19 11:11:00,1,219.84,2,12.534027777777778,0,1,2010-06-01T00:00:00,2009-12-03T00:00:00,2010-08-30T00:00:00
17414,2010-05-14 13:51:00,2,778.72,8,17.422916666666666,1,0,2010-06-01T00:00:00,2009-12-03T00:00:00,2010-08-30T00:00:00
17416,2010-05-13 14:18:00,3,3770.53,114,18.404166666666665,1,0,2010-06-01T00:00:00,2009-12-03T00:00:00,2010-08-30T00:00:00
17419,2010-03-29 11:42:00,2,380.17,15,63.5125,1,0,2010-06-01T00:00:00,2009-12-03T00:00:00,2010-08-30T00:00:00
17421,2009-12-04 15:43:00,1,130.8,4,178.3451388888889,0,1,2010-06-01T00:00:00,2009-12-03T00:00:00,2010-08-30T00:00:00
17426,2010-04-08 10:19:00,3,1221.05,57,53.57013888888889,0,1,2010-06-01T00:00:00,2009-12-03T00:00:00,2010-08-30T00:00:00
17428,2010-05-11 11:17:00,4,6013.360000000001,151,20.52986111111111,1,0,2010-06-01T00:00:00,2009-12-03T00:00:00,2010-08-30T00:00:00
17432,2010-05-13 15:58:00,3,459.55,64,18.334722222222222,0,1,2010-06-01T00:00:00,2009-12-03T00:00:00,2010-08-30T00:00:00
17436,2010-04-25 11:53:00,2,216.0,7,36.50486111111111,0,1,2010-06-01T00:00:00,2009-12-03T00:00:00,2010-08-30T00:00:00
17438,2010-03-08 16:53:00,1,263.73,13,84.29652777777778,1,0,2010-06-01T00:00:00,2009-12-03T00:00:00,2010-08-30T00:00:00
17439,2010-02-22 12:48:00,1,325.74,8,98.46666666666667,0,1,2010-06-01T00:00:00,2009-12-03T00:00:00,2010-08-30T00:00:00
17441,2009-12-07 13:32:00,1,293.35,21,175.4361111111111,0,1,2010-06-01T00:00:00,2009-12-03T00:00:00,2010-08-30T00:00:00
17442,2010-05-17 13:45:00,3,1160.15,74,14.427083333333334,1,0,2010-06-01T00:00:00,2009-12-03T00:00:00,2010-08-30T00:00:00
17448,2010-05-25 12:03:00,40,12354.050000000001,956,6.497916666666667,1,0,2010-06-01T00:00:00,2009-12-03T00:00:00,2010-08-30T00:00:00
17449,2010-04-26 18:06:00,3,968.62,141,35.24583333333333,1,0,2010-06-01T00:00:00,2009-12-03T00:00:00,2010-08-30T00:00:00
17454,2010-05-11 12:06:00,3,526.7,33,20.495833333333334,1,0,2010-06-01T00:00:00,2009-12-03T00:00:00,2010-08-30T00:00:00
17457,2010-04-21 15:22:00,4,2236.82,24,40.359722222222224,1,0,2010-06-01T00:00:00,2009-12-03T00:00:00,2010-08-30T00:00:00
17460,2010-04-29 15:00:00,5,904.51,71,32.375,1,0,2010-06-01T00:00:00,2009-12-03T00:00:00,2010-08-30T00:00:00
17463,2010-05-28 10:04:00,2,659.4,108,3.5805555555555557,0,1,2010-06-01T00:00:00,2009-12-03T00:00:00,2010-08-30T00:00:00
17464,2010-03-30 13:15:00,1,248.09,12,62.447916666666664,1,0,2010-06-01T00:00:00,2009-12-03T00:00:00,2010-08-30T00:00:00
17465,2010-05-20 15:51:00,5,1905.0,106,11.339583333333334,1,0,2010-06-01T00:00:00,2009-12-03T00:00:00,2010-08-30T00:00:00
17469,2010-05-06 10:28:00,6,1901.48,116,25.56388888888889,1,0,2010-06-01T00:00:00,2009-12-03T00:00:00,2010-08-30T00:00:00
17472,2010-03-21 13:27:00,1,224.81,49,71.43958333333333,0,1,2010-06-01T00:00:00,2009-12-03T00:00:00,2010-08-30T00:00:00
17474,2010-04-19 10:43:00,1,1047.0,6,42.553472222222226,0,1,2010-06-01T00:00:00,2009-12-03T00:00:00,2010-08-30T00:00:00
17477,2010-04-06 10:06:00,2,1144.3,44,55.579166666666666,0,1,2010-06-01T00:00:00,2009-12-03T00:00:00,2010-08-30T00:00:00
17478,2010-03-16 14:19:00,1,706.2,26,76.40347222222222,0,1,2010-06-01T00:00:00,2009-12-03T00:00:00,2010-08-30T00:00:00
17479,2010-03-17 09:26:00,1,389.26000000000005,18,75.60694444444445,0,1,2010-06-01T00:00:00,2009-12-03T00:00:00,2010-08-30T00:00:00
17482,2010-05-10 14:10:00,1,250.29000000000002,21,21.40972222222222,1,0,2010-06-01T00:00:00,2009-12-03T00:00:00,2010-08-30T00:00:00
17484,2010-05-12 15:41:00,2,209.57,14,19.346527777777776,0,1,2010-06-01T00:00:00,2009-12-03T00:00:00,2010-08-30T00:00:00
17487,2009-12-11 15:06:00,1,160.55,8,171.37083333333334,0,1,2010-06-01T00:00:00,2009-12-03T00:00:00,2010-08-30T00:00:00
17488,2010-03-08 14:07:00,1,336.5,18,84.41180555555556,0,1,2010-06-01T00:00:00,2009-12-03T00:00:00,2010-08-30T00:00:00
17490,2010-05-19 12:40:00,1,353.14,21,12.472222222222221,0,1,2010-06-01T00:00:00,2009-12-03T00:00:00,2010-08-30T00:00:00
17491,2010-04-28 11:57:00,1,412.5,20,33.50208333333333,1,0,2010-06-01T00:00:00,2009-12-03T00:00:00,2010-08-30T00:00:00
17496,2010-05-25 10:25:00,3,1141.84,62,6.565972222222222,0,1,2010-06-01T00:00:00,2009-12-03T00:00:00,2010-08-30T00:00:00
17497,2010-04-08 08:01:00,1,204.6,3,53.66597222222222,0,1,2010-06-01T00:00:00,2009-12-03T00:00:00,2010-08-30T00:00:00
17499,2010-05-27 09:59:00,1,718.51,31,4.584027777777778,0,1,2010-06-01T00:00:00,2009-12-03T00:00:00,2010-08-30T00:00:00
17504,2010-05-12 09:53:00,4,1929.54,59,19.588194444444444,1,0,2010-06-01T00:00:00,2009-12-03T00:00:00,2010-08-30T00:00:00
17505,2010-04-13 16:33:00,1,924.1700000000001,28,48.31041666666667,1,0,2010-06-01T00:00:00,2009-12-03T00:00:00,2010-08-30T00:00:00
17508,2010-05-12 12:20:00,4,2406.51,129,19.48611111111111,1,0,2010-06-01T00:00:00,2009-12-03T00:00:00,2010-08-30T00:00:00
17511,2010-05-26 11:42:00,9,33199.06,384,5.5125,1,0,2010-06-01T00:00:00,2009-12-03T00:00:00,2010-08-30T00:00:00
17512,2010-03-24 09:54:00,4,1381.39,53,68.5875,1,0,2010-06-01T00:00:00,2009-12-03T00:00:00,2010-08-30T00:00:00
17514,2010-02-08 14:00:00,1,313.35,43,112.41666666666667,0,1,2010-06-01T00:00:00,2009-12-03T00:00:00,2010-08-30T00:00:00
17518,2010-03-28 13:31:00,1,153.55,39,64.43680555555555,0,1,2010-06-01T00:00:00,2009-12-03T00:00:00,2010-08-30T00:00:00
17519,2010-05-02 10:54:00,5,1655.04,55,29.545833333333334,1,0,2010-06-01T00:00:00,2009-12-03T00:00:00,2010-08-30T00:00:00
17526,2010-03-21 11:17:00,4,1130.45,40,71.52986111111112,1,0,2010-06-01T00:00:00,2009-12-03T00:00:00,2010-08-30T00:00:00
17529,2010-04-08 17:51:00,2,1240.25,82,53.25625,0,1,2010-06-01T00:00:00,2009-12-03T00:00:00,2010-08-30T00:00:00
17530,2010-05-06 20:01:00,2,424.57,87,25.165972222222223,0,1,2010-06-01T00:00:00,2009-12-03T00:00:00,2010-08-30T00:00:00
17531,2010-03-31 12:57:00,1,560.14,24,61.46041666666667,1,0,2010-06-01T00:00:00,2009-12-03T00:00:00,2010-08-30T00:00:00
17534,2010-05-21 09:47:00,2,849.33,50,10.592361111111112,1,0,2010-06-01T00:00:00,2009-12-03T00:00:00,2010-08-30T00:00:00
17536,2010-01-26 12:00:00,1,34.78,3,125.5,0,1,2010-06-01T00:00:00,2009-12-03T00:00:00,2010-08-30T00:00:00
17539,2010-04-01 12:07:00,4,1176.84,144,60.49513888888889,0,1,2010-06-01T00:00:00,2009-12-03T00:00:00,2010-08-30T00:00:00
17540,2010-05-11 11:08:00,2,376.5,18,20.53611111111111,1,0,2010-06-01T00:00:00,2009-12-03T00:00:00,2010-08-30T00:00:00
17542,2010-03-08 12:17:00,2,170.1,39,84.48819444444445,0,1,2010-06-01T00:00:00,2009-12-03T00:00:00,2010-08-30T00:00:00
17545,2010-05-11 10:04:00,1,339.8,7,20.580555555555556,0,1,2010-06-01T00:00:00,2009-12-03T00:00:00,2010-08-30T00:00:00
17547,2010-02-12 14:34:00,1,404.55,18,108.39305555555555,0,1,2010-06-01T00:00:00,2009-12-03T00:00:00,2010-08-30T00:00:00
17550,2010-05-10 13:48:00,4,1436.26,170,21.425,1,0,2010-06-01T00:00:00,2009-12-03T00:00:00,2010-08-30T00:00:00
17552,2010-05-11 16:43:00,4,974.87,51,20.303472222222222,1,0,2010-06-01T00:00:00,2009-12-03T00:00:00,2010-08-30T00:00:00
17553,2010-04-08 09:44:00,1,816.0,1,53.59444444444444,1,0,2010-06-01T00:00:00,2009-12-03T00:00:00,2010-08-30T00:00:00
17555,2010-05-02 16:02:00,1,150.95,47,29.331944444444446,0,1,2010-06-01T00:00:00,2009-12-03T00:00:00,2010-08-30T00:00:00
17557,2009-12-07 10:15:00,1,34.0,1,175.57291666666666,0,1,2010-06-01T00:00:00,2009-12-03T00:00:00,2010-08-30T00:00:00
17560,2010-05-19 09:49:00,2,383.59999999999997,13,12.590972222222222,0,1,2010-06-01T00:00:00,2009-12-03T00:00:00,2010-08-30T00:00:00
17561,2009-12-06 13:29:00,1,189.7,52,176.43819444444443,1,0,2010-06-01T00:00:00,2009-12-03T00:00:00,2010-08-30T00:00:00
17563,2010-05-10 14:54:00,2,392.38,29,21.379166666666666,0,1,2010-06-01T00:00:00,2009-12-03T00:00:00,2010-08-30T00:00:00
17565,2010-05-02 11:54:00,1,131.83,30,29.504166666666666,0,1,2010-06-01T00:00:00,2009-12-03T00:00:00,2010-08-30T00:00:00
17568,2010-03-16 16:45:00,1,374.45,62,76.30208333333333,0,1,2010-06-01T00:00:00,2009-12-03T00:00:00,2010-08-30T00:00:00
17572,2010-04-26 10:27:00,2,101.46000000000001,5,35.56458333333333,1,0,2010-06-01T00:00:00,2009-12-03T00:00:00,2010-08-30T00:00:00
17575,2010-02-10 13:48:00,1,171.7,5,110.425,0,1,2010-06-01T00:00:00,2009-12-03T00:00:00,2010-08-30T00:00:00
17576,2010-05-13 15:42:00,11,2351.91,232,18.345833333333335,1,0,2010-06-01T00:00:00,2009-12-03T00:00:00,2010-08-30T00:00:00
17577,2010-03-04 13:01:00,2,348.75,21,88.4576388888889,0,1,2010-06-01T00:00:00,2009-12-03T00:00:00,2010-08-30T00:00:00
17579,2010-05-10 14:28:00,1,304.38,44,21.397222222222222,0,1,2010-06-01T00:00:00,2009-12-03T00:00:00,2010-08-30T00:00:00
17581,2010-05-16 10:39:00,13,3536.7400000000002,200,15.55625,1,0,2010-06-01T00:00:00,2009-12-03T00:00:00,2010-08-30T00:00:00
17582,2010-05-16 12:54:00,2,452.59,40,15.4625,1,0,2010-06-01T00:00:00,2009-12-03T00:00:00,2010-08-30T00:00:00
17583,2010-05-28 14:24:00,1,135.95,7,3.4,0,1,2010-06-01T00:00:00,2009-12-03T00:00:00,2010-08-30T00:00:00
17584,2010-04-19 14:09:00,2,984.25,31,42.41041666666667,1,0,2010-06-01T00:00:00,2009-12-03T00:00:00,2010-08-30T00:00:00
17586,2010-03-30 13:12:00,1,167.4,8,62.45,0,1,2010-06-01T00:00:00,2009-12-03T00:00:00,2010-08-30T00:00:00
17587,2010-03-21 14:16:00,1,176.71,42,71.40555555555555,0,1,2010-06-01T00:00:00,2009-12-03T00:00:00,2010-08-30T00:00:00
17588,2010-03-12 12:34:00,1,402.5,11,80.47638888888889,1,0,2010-06-01T00:00:00,2009-12-03T00:00:00,2010-08-30T00:00:00
17589,2010-05-18 16:15:00,4,2741.82,391,13.322916666666666,1,0,2010-06-01T00:00:00,2009-12-03T00:00:00,2010-08-30T00:00:00
17591,2010-01-17 16:09:00,1,135.65,19,134.32708333333332,0,1,2010-06-01T00:00:00,2009-12-03T00:00:00,2010-08-30T00:00:00
17593,2010-03-01 13:10:00,4,2557.15,119,91.45138888888889,1,0,2010-06-01T00:00:00,2009-12-03T00:00:00,2010-08-30T00:00:00
17594,2010-04-14 08:53:00,1,611.7,26,47.62986111111111,0,1,2010-06-01T00:00:00,2009-12-03T00:00:00,2010-08-30T00:00:00
17596,2010-05-23 13:16:00,4,984.26,163,8.447222222222223,1,0,2010-06-01T00:00:00,2009-12-03T00:00:00,2010-08-30T00:00:00
17597,2010-05-05 15:33:00,1,315.82,13,26.352083333333333,1,0,2010-06-01T00:00:00,2009-12-03T00:00:00,2010-08-30T00:00:00
17602,2010-04-30 17:33:00,4,908.81,169,31.26875,1,0,2010-06-01T00:00:00,2009-12-03T00:00:00,2010-08-30T00:00:00
17603,2010-04-01 11:51:00,3,1393.66,95,60.50625,0,1,2010-06-01T00:00:00,2009-12-03T00:00:00,2010-08-30T00:00:00
17604,2010-01-27 12:19:00,1,157.08,38,124.48680555555555,1,0,2010-06-01T00:00:00,2009-12-03T00:00:00,2010-08-30T00:00:00
17605,2010-04-28 14:45:00,1,160.75,13,33.385416666666664,0,1,2010-06-01T00:00:00,2009-12-03T00:00:00,2010-08-30T00:00:00
17608,2010-04-11 13:37:00,1,155.88,52,50.43263888888889,0,1,2010-06-01T00:00:00,2009-12-03T00:00:00,2010-08-30T00:00:00
17609,2010-05-07 14:13:00,3,503.54,116,24.40763888888889,0,1,2010-06-01T00:00:00,2009-12-03T00:00:00,2010-08-30T00:00:00
17610,2010-02-22 15:52:00,4,1400.14,146,98.33888888888889,1,0,2010-06-01T00:00:00,2009-12-03T00:00:00,2010-08-30T00:00:00
17611,2010-05-13 16:05:00,6,1984.01,255,18.32986111111111,1,0,2010-06-01T00:00:00,2009-12-03T00:00:00,2010-08-30T00:00:00
17612,2010-05-10 14:50:00,4,1127.5,66,21.381944444444443,1,0,2010-06-01T00:00:00,2009-12-03T00:00:00,2010-08-30T00:00:00
17617,2010-05-30 12:48:00,1,385.19,18,1.4666666666666666,0,1,2010-06-01T00:00:00,2009-12-03T00:00:00,2010-08-30T00:00:00
17618,2010-05-30 12:55:00,2,703.67,55,1.4618055555555556,1,0,2010-06-01T00:00:00,2009-12-03T00:00:00,2010-08-30T00:00:00
17622,2010-04-21 12:36:00,2,1130.21,38,40.475,0,1,2010-06-01T00:00:00,2009-12-03T00:00:00,2010-08-30T00:00:00
17623,2010-05-19 13:32:00,2,440.7,66,12.436111111111112,1,0,2010-06-01T00:00:00,2009-12-03T00:00:00,2010-08-30T00:00:00
17624,2009-12-20 12:35:00,1,316.83,22,162.47569444444446,0,1,2010-06-01T00:00:00,2009-12-03T00:00:00,2010-08-30T00:00:00
17625,2010-01-31 11:54:00,2,1618.94,157,120.50416666666666,1,0,2010-06-01T00:00:00,2009-12-03T00:00:00,2010-08-30T00:00:00
17626,2010-04-16 12:15:00,1,254.0,18,45.489583333333336,0,1,2010-06-01T00:00:00,2009-12-03T00:00:00,2010-08-30T00:00:00
17631,2010-02-09 13:18:00,3,335.76,22,111.44583333333334,0,1,2010-06-01T00:00:00,2009-12-03T00:00:00,2010-08-30T00:00:00
17635,2010-04-28 10:51:00,1,538.8,27,33.547916666666666,1,0,2010-06-01T00:00:00,2009-12-03T00:00:00,2010-08-30T00:00:00
17638,2010-03-02 14:32:00,2,842.4000000000001,3,90.39444444444445,0,1,2010-06-01T00:00:00,2009-12-03T00:00:00,2010-08-30T00:00:00
17640,2010-03-24 13:20:00,2,853.02,20,68.44444444444444,1,0,2010-06-01T00:00:00,2009-12-03T00:00:00,2010-08-30T00:00:00
17642,2010-03-29 09:48:00,2,648.71,40,63.59166666666667,0,1,2010-06-01T00:00:00,2009-12-03T00:00:00,2010-08-30T00:00:00
17644,2010-05-04 12:51:00,5,1608.06,86,27.464583333333334,1,0,2010-06-01T00:00:00,2009-12-03T00:00:00,2010-08-30T00:00:00
17646,2010-05-21 13:22:00,5,1449.54,70,10.443055555555556,1,0,2010-06-01T00:00:00,2009-12-03T00:00:00,2010-08-30T00:00:00
17647,2010-02-08 14:40:00,2,198.6,5,112.38888888888889,0,1,2010-06-01T00:00:00,2009-12-03T00:00:00,2010-08-30T00:00:00
17662,2010-02-16 09:38:00,2,412.92,15,104.59861111111111,0,1,2010-06-01T00:00:00,2009-12-03T00:00:00,2010-08-30T00:00:00
17663,2010-04-26 10:33:00,3,1590.69,56,35.56041666666667,1,0,2010-06-01T00:00:00,2009-12-03T00:00:00,2010-08-30T00:00:00
17664,2010-03-29 17:17:00,1,308.85,21,63.27986111111111,1,0,2010-06-01T00:00:00,2009-12-03T00:00:00,2010-08-30T00:00:00
17667,2010-02-23 09:57:00,1,454.7,30,97.58541666666666,1,0,2010-06-01T00:00:00,2009-12-03T00:00:00,2010-08-30T00:00:00
17669,2010-04-01 18:48:00,1,1505.89,43,60.21666666666667,1,0,2010-06-01T00:00:00,2009-12-03T00:00:00,2010-08-30T00:00:00
17672,2010-03-08 13:17:00,2,1449.16,53,84.44652777777777,0,1,2010-06-01T00:00:00,2009-12-03T00:00:00,2010-08-30T00:00:00
17673,2010-04-26 11:25:00,2,762.99,91,35.52430555555556,1,0,2010-06-01T00:00:00,2009-12-03T00:00:00,2010-08-30T00:00:00
17675,2010-05-21 12:28:00,19,6851.34,156,10.480555555555556,1,0,2010-06-01T00:00:00,2009-12-03T00:00:00,2010-08-30T00:00:00
17676,2010-03-30 10:49:00,1,369.3,25,62.549305555555556,1,0,2010-06-01T00:00:00,2009-12-03T00:00:00,2010-08-30T00:00:00
17677,2010-05-25 13:39:00,10,8499.98,203,6.43125,1,0,2010-06-01T00:00:00,2009-12-03T00:00:00,2010-08-30T00:00:00
17678,2010-04-15 13:54:00,1,301.65,12,46.420833333333334,0,1,2010-06-01T00:00:00,2009-12-03T00:00:00,2010-08-30T00:00:00
17679,2010-03-16 12:53:00,4,1159.5,44,76.46319444444444,1,0,2010-06-01T00:00:00,2009-12-03T00:00:00,2010-08-30T00:00:00
17681,2010-04-21 17:22:00,5,731.2,14,40.27638888888889,0,1,2010-06-01T00:00:00,2009-12-03T00:00:00,2010-08-30T00:00:00
17682,2010-04-14 12:28:00,2,590.7,37,47.480555555555554,1,0,2010-06-01T00:00:00,2009-12-03T00:00:00,2010-08-30T00:00:00
17685,2010-05-26 11:31:00,2,995.56,20,5.520138888888889,0,1,2010-06-01T00:00:00,2009-12-03T00:00:00,2010-08-30T00:00:00
17690,2010-03-17 12:17:00,2,765.37,39,75.48819444444445,0,1,2010-06-01T00:00:00,2009-12-03T00:00:00,2010-08-30T00:00:00
17694,2010-05-26 08:27:00,1,610.87,36,5.647916666666666,1,0,2010-06-01T00:00:00,2009-12-03T00:00:00,2010-08-30T00:00:00
17695,2010-01-28 09:27:00,1,303.9,13,123.60625,0,1,2010-06-01T00:00:00,2009-12-03T00:00:00,2010-08-30T00:00:00
17696,2010-04-19 15:22:00,5,1835.1,86,42.359722222222224,1,0,2010-06-01T00:00:00,2009-12-03T00:00:00,2010-08-30T00:00:00
17699,2010-05-27 11:53:00,1,182.7,8,4.504861111111111,1,0,2010-06-01T00:00:00,2009-12-03T00:00:00,2010-08-30T00:00:00
17700,2010-05-10 13:21:00,4,1707.53,92,21.44375,1,0,2010-06-01T00:00:00,2009-12-03T00:00:00,2010-08-30T00:00:00
17705,2010-05-12 09:47:00,1,88.7,6,19.59236111111111,0,1,2010-06-01T00:00:00,2009-12-03T00:00:00,2010-08-30T00:00:00
17706,2010-01-19 12:17:00,2,2278.07,61,132.48819444444445,1,0,2010-06-01T00:00:00,2009-12-03T00:00:00,2010-08-30T00:00:00
17707,2010-04-07 16:36:00,3,192.89999999999998,9,54.30833333333333,1,0,2010-06-01T00:00:00,2009-12-03T00:00:00,2010-08-30T00:00:00
17709,2010-04-27 14:10:00,2,387.72,23,34.40972222222222,1,0,2010-06-01T00:00:00,2009-12-03T00:00:00,2010-08-30T00:00:00
17715,2010-04-26 12:17:00,1,163.2,1,35.488194444444446,0,1,2010-06-01T00:00:00,2009-12-03T00:00:00,2010-08-30T00:00:00
17716,2010-05-20 11:55:00,4,3429.61,138,11.503472222222221,1,0,2010-06-01T00:00:00,2009-12-03T00:00:00,2010-08-30T00:00:00
17718,2010-03-05 08:01:00,1,299.83,17,87.66597222222222,0,1,2010-06-01T00:00:00,2009-12-03T00:00:00,2010-08-30T00:00:00
17720,2010-05-10 09:58:00,1,132.62,10,21.584722222222222,1,0,2010-06-01T00:00:00,2009-12-03T00:00:00,2010-08-30T00:00:00
17721,2010-02-18 15:18:00,1,307.21000000000004,11,102.3625,0,1,2010-06-01T00:00:00,2009-12-03T00:00:00,2010-08-30T00:00:00
17726,2010-02-25 15:07:00,2,235.27,17,95.37013888888889,1,0,2010-06-01T00:00:00,2009-12-03T00:00:00,2010-08-30T00:00:00
17729,2010-04-22 15:03:00,1,438.65000000000003,23,39.37291666666667,0,1,2010-06-01T00:00:00,2009-12-03T00:00:00,2010-08-30T00:00:00
17730,2010-04-29 11:48:00,1,347.34,18,32.50833333333333,1,0,2010-06-01T00:00:00,2009-12-03T00:00:00,2010-08-30T00:00:00
17731,2010-03-28 12:43:00,2,468.88,32,64.47013888888888,0,1,2010-06-01T00:00:00,2009-12-03T00:00:00,2010-08-30T00:00:00
17734,2010-04-11 11:56:00,2,433.6,23,50.50277777777778,1,0,2010-06-01T00:00:00,2009-12-03T00:00:00,2010-08-30T00:00:00
17738,2010-05-21 09:22:00,6,1241.27,71,10.609722222222222,1,0,2010-06-01T00:00:00,2009-12-03T00:00:00,2010-08-30T00:00:00
17739,2010-05-06 13:21:00,6,2637.4300000000003,62,25.44375,1,0,2010-06-01T00:00:00,2009-12-03T00:00:00,2010-08-30T00:00:00
17740,2010-05-20 13:41:00,4,313.5,7,11.42986111111111,0,1,2010-06-01T00:00:00,2009-12-03T00:00:00,2010-08-30T00:00:00
17741,2010-05-28 12:11:00,1,41.400000000000006,2,3.4923611111111112,0,1,2010-06-01T00:00:00,2009-12-03T00:00:00,2010-08-30T00:00:00
17742,2010-04-20 12:10:00,3,744.35,31,41.49305555555556,1,0,2010-06-01T00:00:00,2009-12-03T00:00:00,2010-08-30T00:00:00
17746,2010-04-08 12:54:00,1,404.58000000000004,13,53.4625,1,0,2010-06-01T00:00:00,2009-12-03T00:00:00,2010-08-30T00:00:00
17753,2010-01-06 14:20:00,1,30.45,3,145.40277777777777,1,0,2010-06-01T00:00:00,2009-12-03T00:00:00,2010-08-30T00:00:00
17754,2010-04-22 11:48:00,5,1926.58,119,39.50833333333333,1,0,2010-06-01T00:00:00,2009-12-03T00:00:00,2010-08-30T00:00:00
17757,2010-05-18 14:37:00,6,718.92,123,13.390972222222222,1,0,2010-06-01T00:00:00,2009-12-03T00:00:00,2010-08-30T00:00:00
17758,2010-05-20 13:18:00,1,434.96,66,11.445833333333333,0,1,2010-06-01T00:00:00,2009-12-03T00:00:00,2010-08-30T00:00:00
17759,2010-05-05 11:40:00,1,132.15,6,26.51388888888889,0,1,2010-06-01T00:00:00,2009-12-03T00:00:00,2010-08-30T00:00:00
17760,2010-03-22 11:24:00,3,237.89,23,70.525,0,1,2010-06-01T00:00:00,2009-12-03T00:00:00,2010-08-30T00:00:00
17763,2010-02-24 13:34:00,3,71.15,13,96.43472222222222,0,1,2010-06-01T00:00:00,2009-12-03T00:00:00,2010-08-30T00:00:00
17764,2009-12-03 14:28:00,1,187.15,29,179.3972222222222,1,0,2010-06-01T00:00:00,2009-12-03T00:00:00,2010-08-30T00:00:00
17768,2010-01-28 15:54:00,2,187.20000000000002,13,123.3375,0,1,2010-06-01T00:00:00,2009-12-03T00:00:00,2010-08-30T00:00:00
17769,2010-05-23 12:07:00,4,1473.51,156,8.495138888888889,0,1,2010-06-01T00:00:00,2009-12-03T00:00:00,2010-08-30T00:00:00
17771,2010-04-29 13:21:00,1,16.0,4,32.44375,0,1,2010-06-01T00:00:00,2009-12-03T00:00:00,2010-08-30T00:00:00
17773,2010-01-18 14:32:00,1,366.35,27,133.39444444444445,1,0,2010-06-01T00:00:00,2009-12-03T00:00:00,2010-08-30T00:00:00
17774,2010-03-16 12:00:00,2,799.14,113,76.5,1,0,2010-06-01T00:00:00,2009-12-03T00:00:00,2010-08-30T00:00:00
17776,2009-12-16 14:59:00,1,207.75,48,166.37569444444443,0,1,2010-06-01T00:00:00,2009-12-03T00:00:00,2010-08-30T00:00:00
17778,2010-02-16 12:44:00,1,197.70000000000002,10,104.46944444444445,0,1,2010-06-01T00:00:00,2009-12-03T00:00:00,2010-08-30T00:00:00
17780,2010-02-10 13:43:00,3,346.56,79,110.42847222222223,0,1,2010-06-01T00:00:00,2009-12-03T00:00:00,2010-08-30T00:00:00
17785,2010-05-23 13:01:00,1,115.25,16,8.457638888888889,0,1,2010-06-01T00:00:00,2009-12-03T00:00:00,2010-08-30T00:00:00
17789,2010-02-16 13:16:00,1,171.25,15,104.44722222222222,0,1,2010-06-01T00:00:00,2009-12-03T00:00:00,2010-08-30T00:00:00
17794,2010-01-22 10:18:00,2,147.3,7,129.57083333333333,0,1,2010-06-01T00:00:00,2009-12-03T00:00:00,2010-08-30T00:00:00
17797,2010-05-20 11:56:00,4,925.0600000000001,120,11.502777777777778,0,1,2010-06-01T00:00:00,2009-12-03T00:00:00,2010-08-30T00:00:00
17798,2010-05-07 11:42:00,1,178.07,45,24.5125,0,1,2010-06-01T00:00:00,2009-12-03T00:00:00,2010-08-30T00:00:00
17799,2010-04-15 17:10:00,5,1768.07,252,46.28472222222222,1,0,2010-06-01T00:00:00,2009-12-03T00:00:00,2010-08-30T00:00:00
17801,2010-01-17 11:31:00,1,382.44,44,134.52013888888888,1,0,2010-06-01T00:00:00,2009-12-03T00:00:00,2010-08-30T00:00:00
17802,2010-04-19 13:28:00,3,1004.6999999999999,114,42.43888888888889,1,0,2010-06-01T00:00:00,2009-12-03T00:00:00,2010-08-30T00:00:00
17805,2010-04-08 14:36:00,1,414.72,1,53.391666666666666,0,1,2010-06-01T00:00:00,2009-12-03T00:00:00,2010-08-30T00:00:00
17807,2010-05-09 14:07:00,2,301.62,67,22.411805555555556,0,1,2010-06-01T00:00:00,2009-12-03T00:00:00,2010-08-30T00:00:00
17808,2010-05-30 14:45:00,2,135.24,26,1.3854166666666667,1,0,2010-06-01T00:00:00,2009-12-03T00:00:00,2010-08-30T00:00:00
17809,2010-03-15 08:48:00,3,1398.23,12,77.63333333333334,1,0,2010-06-01T00:00:00,2009-12-03T00:00:00,2010-08-30T00:00:00
17810,2010-02-09 10:47:00,2,373.16,55,111.55069444444445,0,1,2010-06-01T00:00:00,2009-12-03T00:00:00,2010-08-30T00:00:00
17816,2010-02-19 13:53:00,2,59.55,28,101.42152777777778,0,1,2010-06-01T00:00:00,2009-12-03T00:00:00,2010-08-30T00:00:00
17819,2010-05-05 11:43:00,4,2085.1,17,26.511805555555554,0,1,2010-06-01T00:00:00,2009-12-03T00:00:00,2010-08-30T00:00:00
17822,2010-05-28 13:23:00,2,1074.92,122,3.442361111111111,0,1,2010-06-01T00:00:00,2009-12-03T00:00:00,2010-08-30T00:00:00
17825,2010-04-20 12:01:00,4,701.96,27,41.49930555555556,0,1,2010-06-01T00:00:00,2009-12-03T00:00:00,2010-08-30T00:00:00
17827,2010-03-28 12:20:00,1,388.84,66,64.48611111111111,0,1,2010-06-01T00:00:00,2009-12-03T00:00:00,2010-08-30T00:00:00
17829,2010-02-22 15:39:00,1,1310.3000000000002,54,98.34791666666666,1,0,2010-06-01T00:00:00,2009-12-03T00:00:00,2010-08-30T00:00:00
17833,2009-12-16 13:40:00,1,338.46000000000004,31,166.43055555555554,0,1,2010-06-01T00:00:00,2009-12-03T00:00:00,2010-08-30T00:00:00
17838,2010-05-13 12:44:00,5,1617.98,104,18.469444444444445,1,0,2010-06-01T00:00:00,2009-12-03T00:00:00,2010-08-30T00:00:00
17841,2010-05-27 18:19:00,46,13852.23,2312,4.236805555555556,1,0,2010-06-01T00:00:00,2009-12-03T00:00:00,2010-08-30T00:00:00
17842,2010-04-16 14:23:00,1,430.69,18,45.40069444444445,0,1,2010-06-01T00:00:00,2009-12-03T00:00:00,2010-08-30T00:00:00
17845,2010-05-12 13:24:00,3,451.19,41,19.441666666666666,1,0,2010-06-01T00:00:00,2009-12-03T00:00:00,2010-08-30T00:00:00
17847,2010-03-04 12:57:00,1,40.65,7,88.46041666666666,1,0,2010-06-01T00:00:00,2009-12-03T00:00:00,2010-08-30T00:00:00
17848,2010-05-25 17:17:00,12,1826.97,57,6.279861111111111,1,0,2010-06-01T00:00:00,2009-12-03T00:00:00,2010-08-30T00:00:00
17849,2010-03-14 15:19:00,2,191.08,11,78.36180555555555,1,0,2010-06-01T00:00:00,2009-12-03T00:00:00,2010-08-30T00:00:00
17850,2010-04-20 13:24:00,61,26470.4,1100,41.44166666666667,1,0,2010-06-01T00:00:00,2009-12-03T00:00:00,2010-08-30T00:00:00
17851,2010-01-15 15:47:00,4,1334.46,185,136.3423611111111,1,0,2010-06-01T00:00:00,2009-12-03T00:00:00,2010-08-30T00:00:00
17852,2009-12-15 11:06:00,2,380.36,47,167.5375,0,1,2010-06-01T00:00:00,2009-12-03T00:00:00,2010-08-30T00:00:00
17853,2009-12-03 15:09:00,1,584.35,29,179.36875,1,0,2010-06-01T00:00:00,2009-12-03T00:00:00,2010-08-30T00:00:00
17854,2009-12-08 11:13:00,1,135.94,15,174.5326388888889,1,0,2010-06-01T00:00:00,2009-12-03T00:00:00,2010-08-30T00:00:00
17857,2010-03-08 12:09:00,1,468.0,2,84.49375,0,1,2010-06-01T00:00:00,2009-12-03T00:00:00,2010-08-30T00:00:00
17858,2010-04-18 12:19:00,7,3712.27,89,43.486805555555556,1,0,2010-06-01T00:00:00,2009-12-03T00:00:00,2010-08-30T00:00:00
17860,2009-12-11 16:54:00,2,246.94,55,171.29583333333332,0,1,2010-06-01T00:00:00,2009-12-03T00:00:00,2010-08-30T00:00:00
17861,2010-04-20 13:48:00,5,1795.68,259,41.425,1,0,2010-06-01T00:00:00,2009-12-03T00:00:00,2010-08-30T00:00:00
17862,2010-05-25 17:22:00,1,150.83,17,6.276388888888889,0,1,2010-06-01T00:00:00,2009-12-03T00:00:00,2010-08-30T00:00:00
17863,2010-05-23 15:28:00,2,757.98,37,8.355555555555556,1,0,2010-06-01T00:00:00,2009-12-03T00:00:00,2010-08-30T00:00:00
17865,2010-05-23 11:27:00,11,6797.24,288,8.522916666666667,1,0,2010-06-01T00:00:00,2009-12-03T00:00:00,2010-08-30T00:00:00
17866,2009-12-14 16:01:00,1,149.5,4,168.33263888888888,1,0,2010-06-01T00:00:00,2009-12-03T00:00:00,2010-08-30T00:00:00
17867,2010-04-20 11:49:00,3,84.68,9,41.50763888888889,1,0,2010-06-01T00:00:00,2009-12-03T00:00:00,2010-08-30T00:00:00
17871,2010-05-10 17:03:00,2,523.54,31,21.289583333333333,0,1,2010-06-01T00:00:00,2009-12-03T00:00:00,2010-08-30T00:00:00
17873,2010-05-27 12:55:00,6,1973.5000000000002,64,4.461805555555555,1,0,2010-06-01T00:00:00,2009-12-03T00:00:00,2010-08-30T00:00:00
17875,2010-01-20 15:30:00,1,167.1,26,131.35416666666666,0,1,2010-06-01T00:00:00,2009-12-03T00:00:00,2010-08-30T00:00:00
17876,2010-04-16 10:01:00,2,1619.02,2,45.58263888888889,0,1,2010-06-01T00:00:00,2009-12-03T00:00:00,2010-08-30T00:00:00
17880,2010-03-10 12:39:00,2,366.0,19,82.47291666666666,0,1,2010-06-01T00:00:00,2009-12-03T00:00:00,2010-08-30T00:00:00
17883,2010-02-25 20:07:00,1,168.48,18,95.16180555555556,1,0,2010-06-01T00:00:00,2009-12-03T00:00:00,2010-08-30T00:00:00
17884,2010-04-21 14:21:00,8,1101.8700000000001,163,40.40208333333333,1,0,2010-06-01T00:00:00,2009-12-03T00:00:00,2010-08-30T00:00:00
17886,2010-04-29 11:10:00,1,144.2,20,32.53472222222222,1,0,2010-06-01T00:00:00,2009-12-03T00:00:00,2010-08-30T00:00:00
17888,2010-05-25 15:45:00,8,777.04,66,6.34375,1,0,2010-06-01T00:00:00,2009-12-03T00:00:00,2010-08-30T00:00:00
17889,2010-03-31 10:54:00,1,16.44,5,61.545833333333334,0,1,2010-06-01T00:00:00,2009-12-03T00:00:00,2010-08-30T00:00:00
17897,2010-05-19 13:16:00,2,417.93,64,12.447222222222223,1,0,2010-06-01T00:00:00,2009-12-03T00:00:00,2010-08-30T00:00:00
17898,2010-05-21 17:22:00,1,114.88,13,10.276388888888889,0,1,2010-06-01T00:00:00,2009-12-03T00:00:00,2010-08-30T00:00:00
17905,2010-05-16 14:54:00,7,1113.77,83,15.379166666666666,1,0,2010-06-01T00:00:00,2009-12-03T00:00:00,2010-08-30T00:00:00
17907,2010-03-09 12:33:00,1,291.76,13,83.47708333333334,0,1,2010-06-01T00:00:00,2009-12-03T00:00:00,2010-08-30T00:00:00
17908,2010-04-20 11:52:00,2,521.17,89,41.50555555555555,1,0,2010-06-01T00:00:00,2009-12-03T00:00:00,2010-08-30T00:00:00
17910,2009-12-13 16:04:00,1,261.7,26,169.33055555555555,0,1,2010-06-01T00:00:00,2009-12-03T00:00:00,2010-08-30T00:00:00
17913,2010-05-09 13:15:00,6,1543.42,193,22.447916666666668,1,0,2010-06-01T00:00:00,2009-12-03T00:00:00,2010-08-30T00:00:00
17916,2010-03-21 12:26:00,2,43.87,19,71.48194444444445,0,1,2010-06-01T00:00:00,2009-12-03T00:00:00,2010-08-30T00:00:00
17920,2010-05-30 10:40:00,26,16618.81,686,1.5555555555555556,1,0,2010-06-01T00:00:00,2009-12-03T00:00:00,2010-08-30T00:00:00
17926,2010-05-09 14:07:00,1,178.3,8,22.411805555555556,0,1,2010-06-01T00:00:00,2009-12-03T00:00:00,2010-08-30T00:00:00
17927,2009-12-18 11:03:00,1,294.0,10,164.53958333333333,0,1,2010-06-01T00:00:00,2009-12-03T00:00:00,2010-08-30T00:00:00
17928,2010-05-17 15:30:00,1,128.7,4,14.354166666666666,0,1,2010-06-01T00:00:00,2009-12-03T00:00:00,2010-08-30T00:00:00
17929,2010-02-28 13:28:00,2,588.5999999999999,3,92.43888888888888,1,0,2010-06-01T00:00:00,2009-12-03T00:00:00,2010-08-30T00:00:00
17930,2010-05-19 10:50:00,3,905.36,21,12.54861111111111,1,0,2010-06-01T00:00:00,2009-12-03T00:00:00,2010-08-30T00:00:00
17931,2010-04-16 16:51:00,6,1164.99,126,45.297916666666666,1,0,2010-06-01T00:00:00,2009-12-03T00:00:00,2010-08-30T00:00:00
17933,2010-03-17 15:11:00,1,114.69,14,75.36736111111111,0,1,2010-06-01T00:00:00,2009-12-03T00:00:00,2010-08-30T00:00:00
17935,2010-03-24 12:07:00,2,225.25,8,68.49513888888889,0,1,2010-06-01T00:00:00,2009-12-03T00:00:00,2010-08-30T00:00:00
17940,2010-05-18 11:45:00,5,22579.35,16,13.510416666666666,0,1,2010-06-01T00:00:00,2009-12-03T00:00:00,2010-08-30T00:00:00
17941,2010-04-28 09:23:00,3,1128.72,5,33.609027777777776,0,1,2010-06-01T00:00:00,2009-12-03T00:00:00,2010-08-30T00:00:00
17945,2010-01-12 11:40:00,3,360.35,72,139.51388888888889,0,1,2010-06-01T00:00:00,2009-12-03T00:00:00,2010-08-30T00:00:00
17949,2010-05-21 10:08:00,44,32264.16,51,10.577777777777778,1,0,2010-06-01T00:00:00,2009-12-03T00:00:00,2010-08-30T00:00:00
17950,2010-05-19 16:30:00,2,305.98,28,12.3125,1,0,2010-06-01T00:00:00,2009-12-03T00:00:00,2010-08-30T00:00:00
17954,2010-03-28 14:18:00,5,927.73,145,64.40416666666667,1,0,2010-06-01T00:00:00,2009-12-03T00:00:00,2010-08-30T00:00:00
17955,2010-02-22 11:22:00,2,392.6,3,98.52638888888889,0,1,2010-06-01T00:00:00,2009-12-03T00:00:00,2010-08-30T00:00:00
17958,2009-12-11 15:37:00,1,465.41999999999996,29,171.34930555555556,0,1,2010-06-01T00:00:00,2009-12-03T00:00:00,2010-08-30T00:00:00
17959,2010-04-26 14:12:00,1,140.75,2,35.40833333333333,0,1,2010-06-01T00:00:00,2009-12-03T00:00:00,2010-08-30T00:00:00
17960,2010-03-08 12:22:00,1,10.9,2,84.48472222222222,1,0,2010-06-01T00:00:00,2009-12-03T00:00:00,2010-08-30T00:00:00
17961,2010-05-30 14:50:00,38,1180.92,262,1.3819444444444444,1,0,2010-06-01T00:00:00,2009-12-03T00:00:00,2010-08-30T00:00:00
17962,2010-01-13 15:24:00,1,366.23,87,138.35833333333332,1,0,2010-06-01T00:00:00,2009-12-03T00:00:00,2010-08-30T00:00:00
17963,2010-01-19 17:25:00,1,171.17,34,132.27430555555554,1,0,2010-06-01T00:00:00,2009-12-03T00:00:00,2010-08-30T00:00:00
17965,2010-05-28 14:43:00,7,2700.53,325,3.3868055555555556,1,0,2010-06-01T00:00:00,2009-12-03T00:00:00,2010-08-30T00:00:00
17966,2010-04-27 10:14:00,5,865.49,45,34.57361111111111,0,1,2010-06-01T00:00:00,2009-12-03T00:00:00,2010-08-30T00:00:00
17969,2010-05-27 17:06:00,15,1740.59,162,4.2875,1,0,2010-06-01T00:00:00,2009-12-03T00:00:00,2010-08-30T00:00:00
17978,2010-01-11 13:51:00,2,288.05,42,140.42291666666668,0,1,2010-06-01T00:00:00,2009-12-03T00:00:00,2010-08-30T00:00:00
17982,2010-01-28 09:38:00,1,138.18,13,123.59861111111111,0,1,2010-06-01T00:00:00,2009-12-03T00:00:00,2010-08-30T00:00:00
17988,2009-12-16 15:21:00,3,190.32,52,166.36041666666668,1,0,2010-06-01T00:00:00,2009-12-03T00:00:00,2010-08-30T00:00:00
17990,2009-12-07 15:19:00,1,332.70000000000005,5,175.36180555555555,1,0,2010-06-01T00:00:00,2009-12-03T00:00:00,2010-08-30T00:00:00
17991,2010-04-27 12:46:00,1,206.95,33,34.46805555555556,0,1,2010-06-01T00:00:00,2009-12-03T00:00:00,2010-08-30T00:00:00
17993,2010-04-01 14:23:00,1,225.99,60,60.40069444444445,0,1,2010-06-01T00:00:00,2009-12-03T00:00:00,2010-08-30T00:00:00
17994,2010-05-10 09:16:00,2,821.6,98,21.613888888888887,1,0,2010-06-01T00:00:00,2009-12-03T00:00:00,2010-08-30T00:00:00
18000,2010-05-24 17:34:00,1,124.25,6,7.268055555555556,0,1,2010-06-01T00:00:00,2009-12-03T00:00:00,2010-08-30T00:00:00
18002,2010-03-30 16:17:00,2,67.72,20,62.321527777777774,1,0,2010-06-01T00:00:00,2009-12-03T00:00:00,2010-08-30T00:00:00
18006,2010-04-01 19:06:00,2,328.13,19,60.204166666666666,0,1,2010-06-01T00:00:00,2009-12-03T00:00:00,2010-08-30T00:00:00
18008,2010-05-18 16:20:00,7,1473.89,45,13.319444444444445,1,0,2010-06-01T00:00:00,2009-12-03T00:00:00,2010-08-30T00:00:00
18009,2010-05-06 11:58:00,6,1768.71,134,25.50138888888889,1,0,2010-06-01T00:00:00,2009-12-03T00:00:00,2010-08-30T00:00:00
18011,2010-05-21 13:28:00,1,308.0,35,10.438888888888888,0,1,2010-06-01T00:00:00,2009-12-03T00:00:00,2010-08-30T00:00:00
18012,2009-12-16 13:16:00,1,115.3,13,166.44722222222222,0,1,2010-06-01T00:00:00,2009-12-03T00:00:00,2010-08-30T00:00:00
18016,2010-01-27 16:00:00,1,201.20000000000002,19,124.33333333333333,0,1,2010-06-01T00:00:00,2009-12-03T00:00:00,2010-08-30T00:00:00
18025,2010-05-25 17:31:00,2,492.84000000000003,44,6.270138888888889,0,1,2010-06-01T00:00:00,2009-12-03T00:00:00,2010-08-30T00:00:00
18028,2010-05-05 13:28:00,1,192.05,4,26.43888888888889,0,1,2010-06-01T00:00:00,2009-12-03T00:00:00,2010-08-30T00:00:00
18029,2010-03-07 15:30:00,1,433.77,18,85.35416666666667,0,1,2010-06-01T00:00:00,2009-12-03T00:00:00,2010-08-30T00:00:00
18036,2010-01-18 14:23:00,2,247.15,48,133.40069444444444,1,0,2010-06-01T00:00:00,2009-12-03T00:00:00,2010-08-30T00:00:00
18037,2010-03-24 13:28:00,6,48.2,9,68.43888888888888,1,0,2010-06-01T00:00:00,2009-12-03T00:00:00,2010-08-30T00:00:00
18039,2010-05-16 13:10:00,2,250.16,79,15.45138888888889,1,0,2010-06-01T00:00:00,2009-12-03T00:00:00,2010-08-30T00:00:00
18041,2010-05-05 12:55:00,7,2360.07,230,26.461805555555557,1,0,2010-06-01T00:00:00,2009-12-03T00:00:00,2010-08-30T00:00:00
18044,2010-05-28 15:31:00,1,53.86,6,3.3534722222222224,1,0,2010-06-01T00:00:00,2009-12-03T00:00:00,2010-08-30T00:00:00
18046,2010-02-28 11:36:00,1,189.63,26,92.51666666666667,0,1,2010-06-01T00:00:00,2009-12-03T00:00:00,2010-08-30T00:00:00
18049,2010-04-28 13:24:00,1,262.35,58,33.44166666666667,0,1,2010-06-01T00:00:00,2009-12-03T00:00:00,2010-08-30T00:00:00
18051,2010-03-15 13:58:00,7,2282.28,55,77.41805555555555,0,1,2010-06-01T00:00:00,2009-12-03T00:00:00,2010-08-30T00:00:00
18052,2010-05-24 11:11:00,1,10877.18,16,7.534027777777778,0,1,2010-06-01T00:00:00,2009-12-03T00:00:00,2010-08-30T00:00:00
18056,2010-03-31 12:29:00,1,190.95,11,61.47986111111111,0,1,2010-06-01T00:00:00,2009-12-03T00:00:00,2010-08-30T00:00:00
18057,2010-04-14 14:49:00,2,987.71,120,47.38263888888889,0,1,2010-06-01T00:00:00,2009-12-03T00:00:00,2010-08-30T00:00:00
18058,2010-02-10 09:38:00,1,301.2,8,110.59861111111111,1,0,2010-06-01T00:00:00,2009-12-03T00:00:00,2010-08-30T00:00:00
18060,2010-05-24 08:34:00,1,464.4,33,7.643055555555556,0,1,2010-06-01T00:00:00,2009-12-03T00:00:00,2010-08-30T00:00:00
18061,2010-05-27 12:47:00,11,2739.07,50,4.467361111111111,1,0,2010-06-01T00:00:00,2009-12-03T00:00:00,2010-08-30T00:00:00
18062,2010-04-21 08:55:00,1,422.75,15,40.62847222222222,0,1,2010-06-01T00:00:00,2009-12-03T00:00:00,2010-08-30T00:00:00
18063,2010-03-16 13:05:00,1,102.0,1,76.45486111111111,0,1,2010-06-01T00:00:00,2009-12-03T00:00:00,2010-08-30T00:00:00
18064,2010-05-25 14:26:00,6,2482.47,33,6.398611111111111,1,0,2010-06-01T00:00:00,2009-12-03T00:00:00,2010-08-30T00:00:00
18065,2010-04-25 16:02:00,6,1618.8,71,36.331944444444446,1,0,2010-06-01T00:00:00,2009-12-03T00:00:00,2010-08-30T00:00:00
18069,2010-05-30 15:58:00,4,1297.8700000000001,276,1.3347222222222221,0,1,2010-06-01T00:00:00,2009-12-03T00:00:00,2010-08-30T00:00:00
18070,2010-02-08 13:28:00,1,314.1,9,112.43888888888888,0,1,2010-06-01T00:00:00,2009-12-03T00:00:00,2010-08-30T00:00:00
18071,2009-12-18 14:22:00,2,407.55,25,164.4013888888889,1,0,2010-06-01T00:00:00,2009-12-03T00:00:00,2010-08-30T00:00:00
18077,2010-03-19 15:27:00,5,903.57,73,73.35625,1,0,2010-06-01T00:00:00,2009-12-03T00:00:00,2010-08-30T00:00:00
18078,2010-03-21 15:50:00,1,256.22,21,71.34027777777777,0,1,2010-06-01T00:00:00,2009-12-03T00:00:00,2010-08-30T00:00:00
18085,2010-03-21 11:57:00,1,258.75,13,71.50208333333333,0,1,2010-06-01T00:00:00,2009-12-03T00:00:00,2010-08-30T00:00:00
18087,2010-04-14 10:56:00,6,1832.28,41,47.544444444444444,1,0,2010-06-01T00:00:00,2009-12-03T00:00:00,2010-08-30T00:00:00
18091,2010-04-25 13:18:00,1,360.85,25,36.44583333333333,0,1,2010-06-01T00:00:00,2009-12-03T00:00:00,2010-08-30T00:00:00
18092,2010-05-13 11:26:00,5,4481.6,38,18.523611111111112,1,0,2010-06-01T00:00:00,2009-12-03T00:00:00,2010-08-30T00:00:00
18093,2010-04-22 14:07:00,2,674.63,9,39.41180555555555,1,0,2010-06-01T00:00:00,2009-12-03T00:00:00,2010-08-30T00:00:00
18094,2010-05-27 12:27:00,5,2172.9,40,4.48125,0,1,2010-06-01T00:00:00,2009-12-03T00:00:00,2010-08-30T00:00:00
18095,2010-05-10 09:24:00,2,1427.3600000000001,20,21.608333333333334,0,1,2010-06-01T00:00:00,2009-12-03T00:00:00,2010-08-30T00:00:00
18097,2009-12-17 11:06:00,1,171.26,11,165.5375,1,0,2010-06-01T00:00:00,2009-12-03T00:00:00,2010-08-30T00:00:00
18101,2010-02-03 13:52:00,1,112.5,23,117.42222222222222,0,1,2010-06-01T00:00:00,2009-12-03T00:00:00,2010-08-30T00:00:00
18102,2010-05-21 13:33:00,44,152280.11,370,10.435416666666667,1,0,2010-06-01T00:00:00,2009-12-03T00:00:00,2010-08-30T00:00:00
18106,2010-02-28 13:55:00,3,599.13,91,92.42013888888889,1,0,2010-06-01T00:00:00,2009-12-03T00:00:00,2010-08-30T00:00:00
18108,2010-04-22 09:38:00,1,84.56,4,39.59861111111111,0,1,2010-06-01T00:00:00,2009-12-03T00:00:00,2010-08-30T00:00:00
18111,2010-04-29 12:58:00,1,405.85,27,32.459722222222226,0,1,2010-06-01T00:00:00,2009-12-03T00:00:00,2010-08-30T00:00:00
18115,2010-01-11 11:57:00,1,9.700000000000001,3,140.50208333333333,0,1,2010-06-01T00:00:00,2009-12-03T00:00:00,2010-08-30T00:00:00
18131,2010-03-18 08:48:00,1,222.95999999999998,4,74.63333333333334,0,1,2010-06-01T00:00:00,2009-12-03T00:00:00,2010-08-30T00:00:00
18134,2010-04-20 14:02:00,2,445.0,28,41.415277777777774,0,1,2010-06-01T00:00:00,2009-12-03T00:00:00,2010-08-30T00:00:00
18135,2010-04-28 11:52:00,2,288.15,10,33.50555555555555,1,0,2010-06-01T00:00:00,2009-12-03T00:00:00,2010-08-30T00:00:00
18141,2010-04-29 15:32:00,1,458.27,22,32.352777777777774,0,1,2010-06-01T00:00:00,2009-12-03T00:00:00,2010-08-30T00:00:00
18144,2010-04-13 13:26:00,2,836.5600000000001,19,48.44027777777778,1,0,2010-06-01T00:00:00,2009-12-03T00:00:00,2010-08-30T00:00:00
18145,2010-05-27 14:38:00,3,1352.6100000000001,81,4.3902777777777775,1,0,2010-06-01T00:00:00,2009-12-03T00:00:00,2010-08-30T00:00:00
18148,2010-03-03 11:40:00,1,112.85000000000001,10,89.51388888888889,0,1,2010-06-01T00:00:00,2009-12-03T00:00:00,2010-08-30T00:00:00
18149,2010-03-14 12:41:00,1,361.34000000000003,31,78.47152777777778,1,0,2010-06-01T00:00:00,2009-12-03T00:00:00,2010-08-30T00:00:00
18151,2010-05-30 12:03:00,3,1069.99,57,1.4979166666666666,0,1,2010-06-01T00:00:00,2009-12-03T00:00:00,2010-08-30T00:00:00
18152,2010-03-03 15:26:00,1,426.69,10,89.35694444444445,0,1,2010-06-01T00:00:00,2009-12-03T00:00:00,2010-08-30T00:00:00
18153,2010-02-18 15:50:00,1,246.22,17,102.34027777777777,0,1,2010-06-01T00:00:00,2009-12-03T00:00:00,2010-08-30T00:00:00
18157,2010-05-17 14:09:00,1,213.9,25,14.410416666666666,0,1,2010-06-01T00:00:00,2009-12-03T00:00:00,2010-08-30T00:00:00
18162,2009-12-07 13:24:00,1,371.51,46,175.44166666666666,0,1,2010-06-01T00:00:00,2009-12-03T00:00:00,2010-08-30T00:00:00
18163,2010-05-04 14:51:00,1,728.84,33,27.38125,0,1,2010-06-01T00:00:00,2009-12-03T00:00:00,2010-08-30T00:00:00
18166,2010-03-26 12:26:00,1,175.5,10,66.48194444444445,0,1,2010-06-01T00:00:00,2009-12-03T00:00:00,2010-08-30T00:00:00
18168,2010-05-13 15:21:00,5,1224.74,110,18.360416666666666,1,0,2010-06-01T00:00:00,2009-12-03T00:00:00,2010-08-30T00:00:00
18170,2010-03-08 12:33:00,3,874.0500000000001,35,84.47708333333334,1,0,2010-06-01T00:00:00,2009-12-03T00:00:00,2010-08-30T00:00:00
18171,2010-03-18 15:11:00,2,607.75,19,74.36736111111111,1,0,2010-06-01T00:00:00,2009-12-03T00:00:00,2010-08-30T00:00:00
18172,2010-05-20 09:27:00,10,3752.86,125,11.60625,1,0,2010-06-01T00:00:00,2009-12-03T00:00:00,2010-08-30T00:00:00
18173,2010-04-06 10:43:00,1,589.52,14,55.553472222222226,0,1,2010-06-01T00:00:00,2009-12-03T00:00:00,2010-08-30T00:00:00
18174,2010-04-15 12:17:00,1,58.5,1,46.488194444444446,0,1,2010-06-01T00:00:00,2009-12-03T00:00:00,2010-08-30T00:00:00
18175,2010-02-02 10:25:00,1,176.10000000000002,7,118.56597222222223,0,1,2010-06-01T00:00:00,2009-12-03T00:00:00,2010-08-30T00:00:00
18177,2010-05-28 12:38:00,3,875.45,26,3.473611111111111,0,1,2010-06-01T00:00:00,2009-12-03T00:00:00,2010-08-30T00:00:00
18178,2010-04-25 13:07:00,3,1778.74,107,36.453472222222224,1,0,2010-06-01T00:00:00,2009-12-03T00:00:00,2010-08-30T00:00:00
18179,2010-02-14 15:51:00,1,304.38,18,106.33958333333334,1,0,2010-06-01T00:00:00,2009-12-03T00:00:00,2010-08-30T00:00:00
18181,2010-05-27 13:34:00,3,493.12,83,4.434722222222222,0,1,2010-06-01T00:00:00,2009-12-03T00:00:00,2010-08-30T00:00:00
18186,2009-12-17 10:22:00,1,329.58000000000004,11,165.56805555555556,0,1,2010-06-01T00:00:00,2009-12-03T00:00:00,2010-08-30T00:00:00
18187,2010-03-18 09:49:00,1,724.89,48,74.59097222222222,0,1,2010-06-01T00:00:00,2009-12-03T00:00:00,2010-08-30T00:00:00
18188,2010-04-22 10:11:00,2,337.55,21,39.575694444444444,0,1,2010-06-01T00:00:00,2009-12-03T00:00:00,2010-08-30T00:00:00
18189,2010-03-24 09:57:00,1,313.49,18,68.58541666666666,0,1,2010-06-01T00:00:00,2009-12-03T00:00:00,2010-08-30T00:00:00
18190,2010-04-15 09:45:00,3,461.16,27,46.59375,0,1,2010-06-01T00:00:00,2009-12-03T00:00:00,2010-08-30T00:00:00
18194,2010-05-19 10:51:00,3,1564.3200000000002,13,12.547916666666667,1,0,2010-06-01T00:00:00,2009-12-03T00:00:00,2010-08-30T00:00:00
18196,2010-03-17 14:55:00,1,292.93,52,75.37847222222223,1,0,2010-06-01T00:00:00,2009-12-03T00:00:00,2010-08-30T00:00:00
18197,2010-05-13 10:46:00,1,230.1,9,18.551388888888887,0,1,2010-06-01T00:00:00,2009-12-03T00:00:00,2010-08-30T00:00:00
18199,2010-01-25 11:32:00,1,344.75,20,126.51944444444445,0,1,2010-06-01T00:00:00,2009-12-03T00:00:00,2010-08-30T00:00:00
18201,2009-12-17 08:55:00,1,447.53000000000003,27,165.62847222222223,0,1,2010-06-01T00:00:00,2009-12-03T00:00:00,2010-08-30T00:00:00
18203,2009-12-08 13:19:00,1,109.08,14,174.4451388888889,1,0,2010-06-01T00:00:00,2009-12-03T00:00:00,2010-08-30T00:00:00
18208,2010-05-23 11:54:00,1,360.08,17,8.504166666666666,0,1,2010-06-01T00:00:00,2009-12-03T00:00:00,2010-08-30T00:00:00
18212,2010-01-31 14:42:00,1,298.3,12,120.3875,0,1,2010-06-01T00:00:00,2009-12-03T00:00:00,2010-08-30T00:00:00
18215,2010-03-26 13:03:00,1,783.55,31,66.45625,1,0,2010-06-01T00:00:00,2009-12-03T00:00:00,2010-08-30T00:00:00
18218,2010-04-22 12:38:00,2,479.91999999999996,18,39.47361111111111,0,1,2010-06-01T00:00:00,2009-12-03T00:00:00,2010-08-30T00:00:00
18219,2010-03-25 15:14:00,3,447.94,25,67.36527777777778,1,0,2010-06-01T00:00:00,2009-12-03T00:00:00,2010-08-30T00:00:00
18220,2010-05-06 10:04:00,2,561.28,13,25.580555555555556,1,0,2010-06-01T00:00:00,2009-12-03T00:00:00,2010-08-30T00:00:00
18223,2010-03-18 17:26:00,6,3854.34,171,74.27361111111111,1,0,2010-06-01T00:00:00,2009-12-03T00:00:00,2010-08-30T00:00:00
18225,2010-05-13 15:41:00,4,2054.86,74,18.346527777777776,1,0,2010-06-01T00:00:00,2009-12-03T00:00:00,2010-08-30T00:00:00
18226,2010-03-05 10:05:00,1,421.45,23,87.57986111111111,1,0,2010-06-01T00:00:00,2009-12-03T00:00:00,2010-08-30T00:00:00
18229,2010-05-18 12:44:00,4,980.4000000000001,8,13.469444444444445,1,0,2010-06-01T00:00:00,2009-12-03T00:00:00,2010-08-30T00:00:00
18231,2010-05-12 14:01:00,14,2937.58,178,19.415972222222223,1,0,2010-06-01T00:00:00,2009-12-03T00:00:00,2010-08-30T00:00:00
18236,2010-04-15 13:39:00,1,236.64000000000001,13,46.43125,1,0,2010-06-01T00:00:00,2009-12-03T00:00:00,2010-08-30T00:00:00
18241,2010-04-01 11:55:00,1,216.3,13,60.50347222222222,1,0,2010-06-01T00:00:00,2009-12-03T00:00:00,2010-08-30T00:00:00
18242,2010-05-27 09:08:00,3,1060.3,51,4.6194444444444445,0,1,2010-06-01T00:00:00,2009-12-03T00:00:00,2010-08-30T00:00:00
18245,2010-05-14 16:01:00,5,1693.91,136,17.332638888888887,1,0,2010-06-01T00:00:00,2009-12-03T00:00:00,2010-08-30T00:00:00
18246,2010-04-09 10:19:00,1,162.72,1,52.57013888888889,0,1,2010-06-01T00:00:00,2009-12-03T00:00:00,2010-08-30T00:00:00
18247,2010-03-18 15:52:00,1,186.0,11,74.33888888888889,1,0,2010-06-01T00:00:00,2009-12-03T00:00:00,2010-08-30T00:00:00
18251,2010-04-08 12:23:00,4,10724.67,54,53.484027777777776,1,0,2010-06-01T00:00:00,2009-12-03T00:00:00,2010-08-30T00:00:00
18252,2010-03-26 13:28:00,4,836.92,34,66.43888888888888,1,0,2010-06-01T00:00:00,2009-12-03T00:00:00,2010-08-30T00:00:00
18253,2010-03-07 12:38:00,1,317.88,7,85.47361111111111,0,1,2010-06-01T00:00:00,2009-12-03T00:00:00,2010-08-30T00:00:00
18254,2010-05-07 14:37:00,1,267.9,16,24.39097222222222,0,1,2010-06-01T00:00:00,2009-12-03T00:00:00,2010-08-30T00:00:00
18257,2010-05-27 14:40:00,2,1364.75,74,4.388888888888889,1,0,2010-06-01T00:00:00,2009-12-03T00:00:00,2010-08-30T00:00:00
18258,2010-05-16 11:37:00,2,874.79,22,15.515972222222222,1,0,2010-06-01T00:00:00,2009-12-03T00:00:00,2010-08-30T00:00:00
18259,2010-01-28 16:39:00,2,662.7,15,123.30625,0,1,2010-06-01T00:00:00,2009-12-03T00:00:00,2010-08-30T00:00:00
18260,2010-05-02 10:48:00,3,911.88,17,29.55,1,0,2010-06-01T00:00:00,2009-12-03T00:00:00,2010-08-30T00:00:00
18262,2010-04-16 09:05:00,1,202.06,14,45.62152777777778,0,1,2010-06-01T00:00:00,2009-12-03T00:00:00,2010-08-30T00:00:00
18267,2010-02-05 08:43:00,1,269.37,17,115.63680555555555,0,1,2010-06-01T00:00:00,2009-12-03T00:00:00,2010-08-30T00:00:00
18268,2010-04-27 15:47:00,5,1464.73,66,34.34236111111111,0,1,2010-06-01T00:00:00,2009-12-03T00:00:00,2010-08-30T00:00:00
18271,2010-04-09 09:26:00,2,680.85,21,52.606944444444444,0,1,2010-06-01T00:00:00,2009-12-03T00:00:00,2010-08-30T00:00:00
18272,2010-04-22 14:07:00,2,987.8000000000001,44,39.41180555555555,1,0,2010-06-01T00:00:00,2009-12-03T00:00:00,2010-08-30T00:00:00
18273,2010-04-28 12:24:00,1,153.0,1,33.483333333333334,0,1,2010-06-01T00:00:00,2009-12-03T00:00:00,2010-08-30T00:00:00
18275,2010-05-10 15:46:00,2,741.85,19,21.343055555555555,0,1,2010-06-01T00:00:00,2009-12-03T00:00:00,2010-08-30T00:00:00
18276,2010-04-20 10:40:00,2,518.97,38,41.55555555555556,1,0,2010-06-01T00:00:00,2009-12-03T00:00:00,2010-08-30T00:00:00
18281,2010-05-11 10:49:00,1,120.32,10,20.549305555555556,0,1,2010-06-01T00:00:00,2009-12-03T00:00:00,2010-08-30T00:00:00
18283,2010-03-28 13:21:00,3,332.02,119,64.44375,1,0,2010-06-01T00:00:00,2009-12-03T00:00:00,2010-08-30T00:00:00
18285,2010-02-17 10:24:00,1,427.0,12,103.56666666666666,0,1,2010-06-01T00:00:00,2009-12-03T00:00:00,2010-08-30T00:00:00
18286,2009-12-16 10:45:00,1,462.95,17,166.55208333333334,1,0,2010-06-01T00:00:00,2009-12-03T00:00:00,2010-08-30T00:00:00
18287,2010-05-17 11:55:00,1,1071.6100000000001,54,14.503472222222221,0,1,2010-06-01T00:00:00,2009-12-03T00:00:00,2010-08-30T00:00:00
